{
  "type": "FeatureCollection",
  "generator": "overpass-turbo",
  "copyright": "The data included in this document is from www.openstreetmap.org. The data is made available under ODbL.",
  "timestamp": "2024-06-15T07:40:03Z",
  "features": [
    {
      "type": "Feature",
      "properties": {
        "@id": "way/3988109",
        "bridge": "yes",
        "carriageway_ref": "3",
        "cycleway:both": "no",
        "destination": "Budapest;Bratislava;Alt Simmering",
        "destination:country": "H;SK",
        "destination:ref": "A4;B228",
        "destination:symbol": "airport",
        "highway": "motorway_link",
        "junction:ref": "0",
        "lanes": "1",
        "layer": "1",
        "lit": "yes",
        "maxspeed": "80",
        "oneway": "yes",
        "placement": "transition",
        "toll": "yes"
      },
      "geometry": {
        "type": "LineString",
        "coordinates": [
          [
            16.4131768,
            48.1906918
          ],
          [
            16.4133827,
            48.1907179
          ]
        ]
      },
      "id": "way/3988109"
    },
    {
      "type": "Feature",
      "properties": {
        "@id": "way/4463859",
        "cycleway:right": "separate",
        "dual_carriageway": "yes",
        "highway": "primary",
        "lanes": "4",
        "lit": "yes",
        "maxspeed": "50",
        "name": "Landstraßer Gürtel",
        "oneway": "yes",
        "parking:left": "no",
        "ref": "B221",
        "sidewalk:left": "no",
        "sidewalk:right": "separate",
        "surface": "asphalt"
      },
      "geometry": {
        "type": "LineString",
        "coordinates": [
          [
            16.3934117,
            48.1876904
          ],
          [
            16.3929275,
            48.1878548
          ],
          [
            16.3925795,
            48.1879491
          ]
        ]
      },
      "id": "way/4463859"
    },
    {
      "type": "Feature",
      "properties": {
        "@id": "way/4463860",
        "carriageway_ref": "22",
        "destination": "Graz;Linz;Favoriten",
        "destination:country": "SLO;I;D",
        "destination:ref": "A23;A2;A21;A1;B16",
        "highway": "motorway_link",
        "lanes": "1",
        "oneway": "yes",
        "toll": "yes"
      },
      "geometry": {
        "type": "LineString",
        "coordinates": [
          [
            16.3997225,
            48.1814882
          ],
          [
            16.4001187,
            48.1808891
          ],
          [
            16.4002052,
            48.1807412
          ],
          [
            16.4002737,
            48.180604
          ],
          [
            16.4003357,
            48.1804594
          ]
        ]
      },
      "id": "way/4463860"
    },
    {
      "type": "Feature",
      "properties": {
        "@id": "way/4463862",
        "carriageway_ref": "21",
        "destination:lanes": "Praha;Brno;Gänserndorf|Budapest;Bratislava;St.Marx",
        "destination:ref:lanes": "A23;A22;S1;A5;B8|A4;B228",
        "highway": "motorway_link",
        "lanes": "2",
        "maxspeed": "80",
        "oneway": "yes",
        "placement": "middle_of:2",
        "toll": "yes",
        "turn:lanes": "slight_left|through"
      },
      "geometry": {
        "type": "LineString",
        "coordinates": [
          [
            16.3997163,
            48.1815959
          ],
          [
            16.3999716,
            48.1813356
          ],
          [
            16.4001172,
            48.1812087
          ],
          [
            16.4003075,
            48.1810501
          ],
          [
            16.4004066,
            48.1809864
          ]
        ]
      },
      "id": "way/4463862"
    },
    {
      "type": "Feature",
      "properties": {
        "@id": "way/4534460",
        "carriageway_ref": "21",
        "highway": "motorway_link",
        "lanes": "3",
        "maxspeed": "50",
        "oneway": "yes",
        "surface": "concrete",
        "toll": "yes",
        "turn:lanes": "none|none|slight_right"
      },
      "geometry": {
        "type": "LineString",
        "coordinates": [
          [
            16.3994203,
            48.1822467
          ],
          [
            16.3988154,
            48.1831417
          ],
          [
            16.3986339,
            48.1834058
          ]
        ]
      },
      "id": "way/4534460"
    },
    {
      "type": "Feature",
      "properties": {
        "@id": "way/4583463",
        "highway": "tertiary",
        "lanes": "4",
        "lanes:backward": "2",
        "lanes:forward": "2",
        "lit": "yes",
        "maxspeed": "50",
        "name": "Aspangstraße",
        "sidewalk": "right",
        "sidewalk:right:surface": "asphalt",
        "smoothness": "excellent",
        "surface": "asphalt",
        "turn:lanes:backward": "left|none",
        "turn:lanes:forward": "left|through"
      },
      "geometry": {
        "type": "LineString",
        "coordinates": [
          [
            16.3903374,
            48.1927927
          ],
          [
            16.3907496,
            48.1924576
          ]
        ]
      },
      "id": "way/4583463"
    },
    {
      "type": "Feature",
      "properties": {
        "@id": "way/4688459",
        "cycleway:both": "no",
        "highway": "primary",
        "lanes": "5",
        "lanes:backward": "3",
        "lanes:forward": "2",
        "lit": "yes",
        "maxspeed": "50",
        "name": "Stadionbrücke",
        "ref": "B221",
        "sidewalk:both": "separate",
        "smoothness": "excellent",
        "surface": "asphalt",
        "turn:lanes:backward": "left|through|through"
      },
      "geometry": {
        "type": "LineString",
        "coordinates": [
          [
            16.4100393,
            48.1963394
          ],
          [
            16.4101463,
            48.1963858
          ],
          [
            16.4102028,
            48.196412
          ]
        ]
      },
      "id": "way/4688459"
    },
    {
      "type": "Feature",
      "properties": {
        "@id": "way/4688460",
        "cycleway:left": "no",
        "cycleway:right": "lane",
        "cycleway:right:lane": "advisory",
        "foot": "use_sidepath",
        "highway": "tertiary",
        "lanes": "3",
        "lanes:backward": "2",
        "lanes:forward": "1",
        "lit": "yes",
        "maxspeed": "30",
        "name": "Meiereistraße",
        "smoothness": "excellent",
        "source:maxspeed": "AT:zone:30",
        "surface": "asphalt",
        "turn:lanes:backward": "left|"
      },
      "geometry": {
        "type": "LineString",
        "coordinates": [
          [
            16.420501,
            48.2102064
          ],
          [
            16.4202968,
            48.2100764
          ],
          [
            16.4202135,
            48.2100234
          ],
          [
            16.4201086,
            48.2099233
          ],
          [
            16.4200055,
            48.2097907
          ]
        ]
      },
      "id": "way/4688460"
    },
    {
      "type": "Feature",
      "properties": {
        "@id": "way/4789246",
        "cycleway:both": "no",
        "highway": "tertiary",
        "lanes": "4",
        "lanes:backward": "3",
        "lanes:forward": "1",
        "lit": "yes",
        "maxspeed": "50",
        "name": "Kopalgasse",
        "sidewalk:both": "separate",
        "smoothness": "good",
        "source:maxspeed": "AT:urban",
        "surface": "concrete",
        "turn:lanes:backward": "left|through|right"
      },
      "geometry": {
        "type": "LineString",
        "coordinates": [
          [
            16.4128114,
            48.1777388
          ],
          [
            16.4129331,
            48.1777629
          ],
          [
            16.4134861,
            48.1778724
          ]
        ]
      },
      "id": "way/4789246"
    },
    {
      "type": "Feature",
      "properties": {
        "@id": "way/4789248",
        "bicycle": "use_sidepath",
        "highway": "secondary",
        "lanes": "3",
        "lanes:backward": "2",
        "lanes:forward": "1",
        "lit": "yes",
        "maxspeed": "50",
        "name": "Litfaßstraße",
        "name:etymology:wikidata": "Q90732",
        "name:etymology:wikipedia": "de:Ernst Litfaß",
        "parking:both": "no",
        "smoothness": "good",
        "source:maxspeed": "AT:urban",
        "surface": "asphalt",
        "turn:lanes:backward": "left;through|right"
      },
      "geometry": {
        "type": "LineString",
        "coordinates": [
          [
            16.405664,
            48.1846692
          ],
          [
            16.4059098,
            48.1848066
          ],
          [
            16.4059678,
            48.1848379
          ]
        ]
      },
      "id": "way/4789248"
    },
    {
      "type": "Feature",
      "properties": {
        "@id": "way/4789250",
        "cycleway:both": "no",
        "highway": "tertiary",
        "lanes": "2",
        "lit": "yes",
        "maxspeed": "50",
        "name": "Döblerhofstraße",
        "oneway": "yes",
        "parking:both": "no",
        "sidewalk": "separate",
        "smoothness": "good",
        "surface": "asphalt"
      },
      "geometry": {
        "type": "LineString",
        "coordinates": [
          [
            16.4128054,
            48.1858129
          ],
          [
            16.41391,
            48.1856109
          ]
        ]
      },
      "id": "way/4789250"
    },
    {
      "type": "Feature",
      "properties": {
        "@id": "way/4789253",
        "cycleway:both": "no",
        "dual_carriageway": "yes",
        "foot": "no",
        "highway": "primary",
        "lanes": "2",
        "lit": "yes",
        "maxspeed": "50",
        "name": "Franzosengraben",
        "parking:both": "no",
        "shoulder": "no",
        "sidewalk": "no",
        "smoothness": "good",
        "surface": "asphalt"
      },
      "geometry": {
        "type": "LineString",
        "coordinates": [
          [
            16.4128054,
            48.1858129
          ],
          [
            16.4128531,
            48.1859299
          ]
        ]
      },
      "id": "way/4789253"
    },
    {
      "type": "Feature",
      "properties": {
        "@id": "way/5015205",
        "carriageway_ref": "39",
        "cycleway:both": "no",
        "destination": "Handelskai;Hafen Freudenau",
        "destination:ref": "B14",
        "highway": "motorway_link",
        "lanes": "1",
        "maxspeed": "80",
        "oneway": "yes",
        "placement": "transition",
        "surface": "asphalt",
        "toll": "yes"
      },
      "geometry": {
        "type": "LineString",
        "coordinates": [
          [
            16.4299857,
            48.2022048
          ],
          [
            16.4304474,
            48.2023688
          ]
        ]
      },
      "id": "way/5015205"
    },
    {
      "type": "Feature",
      "properties": {
        "@id": "way/5019962",
        "cycleway:right": "no",
        "destination": "Praha;Brno;Gänserndorf",
        "destination:ref": "A23;A22;A5;8",
        "dual_carriageway": "yes",
        "highway": "primary",
        "lane_markings": "no",
        "lanes": "2",
        "lit": "yes",
        "maxspeed": "50",
        "noname": "yes",
        "oneway": "yes",
        "sidewalk": "right",
        "source:maxspeed": "AT:urban",
        "surface": "concrete:plates",
        "turn:lanes": "through|right"
      },
      "geometry": {
        "type": "LineString",
        "coordinates": [
          [
            16.4347813,
            48.2037484
          ],
          [
            16.434343,
            48.2034858
          ],
          [
            16.4343032,
            48.2034623
          ],
          [
            16.4342134,
            48.2034064
          ]
        ]
      },
      "id": "way/5019962"
    },
    {
      "type": "Feature",
      "properties": {
        "@id": "way/5019971",
        "cycleway:both": "no",
        "destination": "Graz;Linz;Budapest;Eisenstadt",
        "destination:ref": "A2;A1;A23;A4;A2",
        "destination:symbol": "airport",
        "dual_carriageway": "yes",
        "highway": "primary",
        "lane_markings": "no",
        "lit": "yes",
        "maxspeed": "30",
        "name": "Johann-Böhm-Platz",
        "oneway": "yes",
        "parking:both": "no",
        "sidewalk:left": "no",
        "sidewalk:right": "separate",
        "source:maxspeed": "AT:zone:30",
        "surface": "concrete:plates"
      },
      "geometry": {
        "type": "LineString",
        "coordinates": [
          [
            16.4320025,
            48.2060408
          ],
          [
            16.4318604,
            48.2059527
          ],
          [
            16.4313198,
            48.2056083
          ],
          [
            16.4312449,
            48.2055622
          ]
        ]
      },
      "id": "way/5019971"
    },
    {
      "type": "Feature",
      "properties": {
        "@id": "way/5037217",
        "cycleway:left": "no",
        "cycleway:right": "lane",
        "cycleway:right:lane": "advisory",
        "destination:forward": "Neu Marx;Town Town",
        "destination:symbol": "covered_parking",
        "highway": "primary",
        "lanes": "3",
        "lanes:backward": "2",
        "lanes:forward": "2",
        "lit": "yes",
        "maxspeed": "50",
        "name": "Schlachthausgasse",
        "ref": "B221",
        "sidewalk": "separate",
        "smoothness": "good",
        "source:maxspeed": "AT:urban",
        "surface": "asphalt",
        "turn:lanes:backward": "through|through;right"
      },
      "geometry": {
        "type": "LineString",
        "coordinates": [
          [
            16.4100393,
            48.1963394
          ],
          [
            16.4099404,
            48.196293
          ]
        ]
      },
      "id": "way/5037217"
    },
    {
      "type": "Feature",
      "properties": {
        "@id": "way/6995770",
        "cycleway:both": "track",
        "highway": "tertiary",
        "lanes": "3",
        "lanes:backward": "2",
        "lanes:forward": "1",
        "lit": "yes",
        "maxspeed": "50",
        "name": "Modecenterstraße",
        "sidewalk": "no",
        "smoothness": "excellent",
        "surface": "asphalt",
        "turn:lanes:backward": "left|right"
      },
      "geometry": {
        "type": "LineString",
        "coordinates": [
          [
            16.4182256,
            48.1886523
          ],
          [
            16.4181294,
            48.1885481
          ]
        ]
      },
      "id": "way/6995770"
    },
    {
      "type": "Feature",
      "properties": {
        "@id": "way/8053276",
        "cycleway": "lane",
        "cycleway:both": "lane",
        "cycleway:both:lane": "exclusive",
        "highway": "primary",
        "lanes": "3",
        "lanes:backward": "2",
        "lanes:forward": "1",
        "lcn": "yes",
        "lit": "yes",
        "maxspeed": "50",
        "name": "Baumgasse",
        "ref": "B228",
        "sidewalk": "both",
        "smoothness": "good",
        "surface": "asphalt",
        "turn:lanes:backward": "left;through|right"
      },
      "geometry": {
        "type": "LineString",
        "coordinates": [
          [
            16.4047112,
            48.1932905
          ],
          [
            16.4047272,
            48.1932823
          ],
          [
            16.4047962,
            48.1932457
          ],
          [
            16.4048785,
            48.1931934
          ],
          [
            16.4049166,
            48.1931686
          ],
          [
            16.4051724,
            48.1930028
          ]
        ]
      },
      "id": "way/8053276"
    },
    {
      "type": "Feature",
      "properties": {
        "@id": "way/8053351",
        "cycleway:left": "no",
        "cycleway:right": "separate",
        "highway": "tertiary",
        "lane_markings": "no",
        "lit": "yes",
        "maxspeed": "30",
        "name": "Wassergasse",
        "sidewalk:left": "yes",
        "sidewalk:left:surface": "paving_stones",
        "sidewalk:right": "separate",
        "smoothness": "good",
        "source:maxspeed": "AT:zone:30",
        "surface": "asphalt"
      },
      "geometry": {
        "type": "LineString",
        "coordinates": [
          [
            16.3978276,
            48.2032862
          ],
          [
            16.3977193,
            48.2032059
          ],
          [
            16.3976846,
            48.203174
          ],
          [
            16.3974683,
            48.2029752
          ],
          [
            16.3969546,
            48.2024932
          ],
          [
            16.3962501,
            48.2018593
          ],
          [
            16.3961982,
            48.2018126
          ]
        ]
      },
      "id": "way/8053351"
    },
    {
      "type": "Feature",
      "properties": {
        "@id": "way/8068130",
        "carriageway_ref": "31",
        "highway": "motorway_link",
        "lanes": "3",
        "lit": "yes",
        "maxspeed": "50",
        "oneway": "yes",
        "toll": "yes",
        "turn:lanes": "left|left|through;right"
      },
      "geometry": {
        "type": "LineString",
        "coordinates": [
          [
            16.4107688,
            48.1863146
          ],
          [
            16.4114271,
            48.1861233
          ],
          [
            16.4119063,
            48.186
          ],
          [
            16.4121056,
            48.1859576
          ],
          [
            16.4125648,
            48.185863
          ],
          [
            16.4128054,
            48.1858129
          ]
        ]
      },
      "id": "way/8068130"
    },
    {
      "type": "Feature",
      "properties": {
        "@id": "way/8106870",
        "bus": "yes",
        "cycleway:left": "no",
        "cycleway:right": "separate",
        "highway": "tertiary",
        "lanes": "3",
        "lanes:backward": "2",
        "lanes:forward": "1",
        "lit": "yes",
        "maxspeed": "30",
        "motor_vehicle:conditional": "no @ (Sa,Su,PH 00:00-24:00)",
        "name": "Stadionallee",
        "sidewalk": "both",
        "smoothness": "good",
        "source:maxspeed": "sign",
        "surface": "asphalt",
        "turn:lanes:backward": "|through;right"
      },
      "geometry": {
        "type": "LineString",
        "coordinates": [
          [
            16.4113665,
            48.1970029
          ],
          [
            16.4114592,
            48.1970506
          ],
          [
            16.4114997,
            48.1970714
          ],
          [
            16.4115446,
            48.1970968
          ],
          [
            16.4118903,
            48.1972926
          ],
          [
            16.4119117,
            48.1973075
          ]
        ]
      },
      "id": "way/8106870"
    },
    {
      "type": "Feature",
      "properties": {
        "@id": "way/8735030",
        "cycleway:both": "no",
        "highway": "primary",
        "lanes": "4",
        "lanes:backward": "2",
        "lanes:forward": "2",
        "lit": "yes",
        "maxheight": "default",
        "maxspeed": "50",
        "name": "Simmeringer Hauptstraße",
        "note": "S.H. beginns #Rinnböckstraße /al",
        "parking:right": "no",
        "sidewalk": "both",
        "source:maxspeed": "AT:urban",
        "surface": "asphalt",
        "todo": "don't know where Simmeringer Hptstr ends and B10 begins",
        "turn:lanes:forward": "left|through"
      },
      "geometry": {
        "type": "LineString",
        "coordinates": [
          [
            16.4047518,
            48.1846417
          ],
          [
            16.4048228,
            48.1845838
          ],
          [
            16.4050946,
            48.1843622
          ]
        ]
      },
      "id": "way/8735030"
    },
    {
      "type": "Feature",
      "properties": {
        "@id": "way/9293132",
        "access:lanes": "no|yes",
        "bicycle": "no",
        "cycleway:right": "track",
        "foot": "no",
        "highway": "tertiary",
        "lanes": "2",
        "lanes:psv": "1",
        "lcn": "yes",
        "lit": "yes",
        "maxspeed": "50",
        "motor_vehicle": "yes",
        "name": "Rotundenbrücke",
        "oneway": "yes",
        "parking:both": "no",
        "psv:lanes": "designated|yes",
        "surface": "asphalt",
        "wikidata": "Q2169109"
      },
      "geometry": {
        "type": "LineString",
        "coordinates": [
          [
            16.3980181,
            48.206073
          ],
          [
            16.397831,
            48.206063
          ],
          [
            16.3976493,
            48.2060526
          ]
        ]
      },
      "id": "way/9293132"
    },
    {
      "type": "Feature",
      "properties": {
        "@id": "way/9416721",
        "highway": "tertiary",
        "lane_markings": "no",
        "lit": "yes",
        "maxspeed": "30",
        "name": "Erdbergstraße",
        "sidewalk": "both",
        "smoothness": "good",
        "source:maxspeed": "AT:zone:30",
        "surface": "asphalt"
      },
      "geometry": {
        "type": "LineString",
        "coordinates": [
          [
            16.3928576,
            48.2026721
          ],
          [
            16.392938,
            48.2026645
          ],
          [
            16.3930439,
            48.2026541
          ],
          [
            16.3937157,
            48.2025693
          ],
          [
            16.393769,
            48.2025636
          ],
          [
            16.3938796,
            48.2025517
          ],
          [
            16.3939451,
            48.2025428
          ],
          [
            16.3939894,
            48.2025368
          ],
          [
            16.3940023,
            48.2025348
          ],
          [
            16.3949238,
            48.2024139
          ],
          [
            16.3951165,
            48.2023642
          ],
          [
            16.3952713,
            48.2023166
          ],
          [
            16.3953966,
            48.2022686
          ],
          [
            16.3955441,
            48.2021985
          ],
          [
            16.39611,
            48.2018659
          ],
          [
            16.3961441,
            48.2018455
          ],
          [
            16.3961982,
            48.2018126
          ]
        ]
      },
      "id": "way/9416721"
    },
    {
      "type": "Feature",
      "properties": {
        "@id": "way/9417035",
        "cycleway:left": "lane",
        "cycleway:left:lane": "advisory",
        "cycleway:right": "separate",
        "highway": "primary",
        "lanes": "3",
        "lanes:backward": "2",
        "lanes:forward": "1",
        "lit": "yes",
        "maxheight": "default",
        "maxspeed": "50",
        "name": "Erdbergstraße",
        "ref": "B228",
        "sidewalk": "separate",
        "smoothness": "good",
        "surface": "asphalt",
        "turn:lanes:backward": "left|through"
      },
      "geometry": {
        "type": "LineString",
        "coordinates": [
          [
            16.416316,
            48.1898215
          ],
          [
            16.4164285,
            48.1897526
          ],
          [
            16.4164818,
            48.18972
          ],
          [
            16.4164949,
            48.189712
          ]
        ]
      },
      "id": "way/9417035"
    },
    {
      "type": "Feature",
      "properties": {
        "@id": "way/9418201",
        "cycleway:both": "no",
        "dual_carriageway": "yes",
        "highway": "primary",
        "lanes": "3",
        "lit": "yes",
        "maxspeed": "50",
        "name": "Franzosengraben",
        "oneway": "yes",
        "ref": "B228",
        "sidewalk:left": "no",
        "sidewalk:right": "separate",
        "source:maxspeed": "AT:urban",
        "surface": "asphalt",
        "turn:lanes": "left|left|through"
      },
      "geometry": {
        "type": "LineString",
        "coordinates": [
          [
            16.4138458,
            48.18759
          ],
          [
            16.4139288,
            48.187701
          ],
          [
            16.4141485,
            48.1879603
          ],
          [
            16.4142141,
            48.1880496
          ],
          [
            16.4146557,
            48.1884358
          ],
          [
            16.4150872,
            48.1887994
          ],
          [
            16.4151445,
            48.1888477
          ],
          [
            16.4152373,
            48.1889259
          ]
        ]
      },
      "id": "way/9418201"
    },
    {
      "type": "Feature",
      "properties": {
        "@id": "way/9418390",
        "cycleway:both": "separate",
        "highway": "primary",
        "lanes": "2",
        "lit": "yes",
        "maxspeed": "50",
        "name": "1. Haidequerstraße",
        "ref": "B228",
        "sidewalk:left": "separate",
        "sidewalk:right": "yes",
        "surface": "asphalt"
      },
      "geometry": {
        "type": "LineString",
        "coordinates": [
          [
            16.43082,
            48.1849849
          ],
          [
            16.430596,
            48.184647
          ],
          [
            16.4303734,
            48.1843112
          ],
          [
            16.4301057,
            48.1838855
          ],
          [
            16.4299573,
            48.1836558
          ],
          [
            16.4299117,
            48.183582
          ],
          [
            16.4297919,
            48.1833976
          ],
          [
            16.4295245,
            48.1829895
          ],
          [
            16.4292633,
            48.1825992
          ],
          [
            16.4291767,
            48.1824602
          ],
          [
            16.4291179,
            48.1823682
          ],
          [
            16.4284506,
            48.1813321
          ],
          [
            16.4283833,
            48.181232
          ],
          [
            16.4283098,
            48.1811175
          ],
          [
            16.4278139,
            48.1803555
          ],
          [
            16.4277703,
            48.1802901
          ]
        ]
      },
      "id": "way/9418390"
    },
    {
      "type": "Feature",
      "properties": {
        "@id": "way/9418483",
        "cycleway:both": "lane",
        "cycleway:both:lane": "advisory",
        "highway": "tertiary",
        "lanes": "2",
        "lit": "yes",
        "maxspeed": "30",
        "name": "Haidestraße",
        "sidewalk:both": "separate",
        "smoothness": "excellent",
        "surface": "asphalt"
      },
      "geometry": {
        "type": "LineString",
        "coordinates": [
          [
            16.4270225,
            48.1794232
          ],
          [
            16.4269299,
            48.1794526
          ],
          [
            16.4268151,
            48.1794906
          ]
        ]
      },
      "id": "way/9418483"
    },
    {
      "type": "Feature",
      "properties": {
        "@id": "way/9797882",
        "cycleway:both": "separate",
        "destination:backward": "Erdberg;Neu Marx;Town Town",
        "destination:ref:backward": "B221",
        "destination:symbol:backward": "park_and_ride;subway;covered_parking",
        "highway": "primary",
        "lanes": "6",
        "lanes:backward": "3",
        "lanes:forward": "3",
        "lit": "yes",
        "maxspeed": "50",
        "name": "Stadionbrücke",
        "ref": "B221",
        "smoothness": "good",
        "surface": "asphalt",
        "turn:lanes:forward": "left|left|through"
      },
      "geometry": {
        "type": "LineString",
        "coordinates": [
          [
            16.4112025,
            48.1969161
          ],
          [
            16.4112149,
            48.1969227
          ],
          [
            16.4113665,
            48.1970029
          ]
        ]
      },
      "id": "way/9797882"
    },
    {
      "type": "Feature",
      "properties": {
        "@id": "way/9798165",
        "carriageway_ref": "2",
        "destination": "Erdberg",
        "destination:ref": "B221",
        "highway": "motorway_link",
        "junction:ref": "0",
        "lanes": "1",
        "maxspeed": "80",
        "oneway": "yes",
        "placement": "transition",
        "toll": "yes"
      },
      "geometry": {
        "type": "LineString",
        "coordinates": [
          [
            16.4127589,
            48.195689
          ],
          [
            16.4125258,
            48.195926
          ]
        ]
      },
      "id": "way/9798165"
    },
    {
      "type": "Feature",
      "properties": {
        "@id": "way/9798194",
        "bridge": "yes",
        "cycleway:both": "separate",
        "highway": "primary",
        "lanes": "5",
        "lanes:backward": "3",
        "lanes:forward": "2",
        "layer": "1",
        "lit": "yes",
        "maxspeed": "50",
        "maxweight:signed": "no",
        "name": "Stadionbrücke",
        "ref": "B221",
        "shoulder": "no",
        "smoothness": "excellent",
        "surface": "asphalt",
        "turn:lanes:backward": "left|through|through",
        "turn:lanes:forward": "left|through"
      },
      "geometry": {
        "type": "LineString",
        "coordinates": [
          [
            16.4102028,
            48.196412
          ],
          [
            16.4102284,
            48.1964247
          ],
          [
            16.4103794,
            48.1964998
          ],
          [
            16.4104433,
            48.1965322
          ]
        ]
      },
      "id": "way/9798194"
    },
    {
      "type": "Feature",
      "properties": {
        "@id": "way/9798349",
        "cycleway:left": "no",
        "cycleway:right": "separate",
        "destination": "Budapest;Bratislava;Praha;Brno;Graz;Linz",
        "destination:ref": "A4;A22;S1;A5;A2;A1",
        "destination:symbol": "motorway;airport",
        "highway": "primary",
        "lanes": "1",
        "lit": "yes",
        "maxspeed": "50",
        "name": "Erdberger Lände",
        "oneway": "yes",
        "smoothness": "excellent",
        "source:maxspeed": "AT:urban",
        "surface": "asphalt",
        "toll": "yes"
      },
      "geometry": {
        "type": "LineString",
        "coordinates": [
          [
            16.4100393,
            48.1963394
          ],
          [
            16.4102391,
            48.1962685
          ],
          [
            16.4108939,
            48.1957866
          ]
        ]
      },
      "id": "way/9798349"
    },
    {
      "type": "Feature",
      "properties": {
        "@id": "way/10276580",
        "carriageway_ref": "45",
        "destination": "Alt Simmering;Gasometer City",
        "highway": "motorway_link",
        "lanes": "1",
        "lit": "yes",
        "maxspeed": "80",
        "oneway": "yes",
        "toll": "yes"
      },
      "geometry": {
        "type": "LineString",
        "coordinates": [
          [
            16.4274826,
            48.1869856
          ],
          [
            16.4277177,
            48.18688
          ],
          [
            16.4286384,
            48.1865661
          ]
        ]
      },
      "id": "way/10276580"
    },
    {
      "type": "Feature",
      "properties": {
        "@id": "way/12166134",
        "bridge": "yes",
        "carriageway_ref": "31",
        "destination": "St. Marx",
        "destination:ref": "B228",
        "destination:symbol": "park_and_ride",
        "highway": "motorway_link",
        "lanes": "1",
        "layer": "1",
        "maxspeed": "80",
        "oneway": "yes",
        "placement": "transition",
        "toll": "yes"
      },
      "geometry": {
        "type": "LineString",
        "coordinates": [
          [
            16.4053617,
            48.1850233
          ],
          [
            16.4054993,
            48.1850534
          ]
        ]
      },
      "id": "way/12166134"
    },
    {
      "type": "Feature",
      "properties": {
        "@id": "way/12166541",
        "cycleway:both": "no",
        "destination": "St. Marx",
        "dual_carriageway": "yes",
        "highway": "primary",
        "lanes": "3",
        "lit": "yes",
        "maxspeed": "50",
        "name": "Franzosengraben",
        "oneway": "yes",
        "ref": "B228",
        "sidewalk:left": "no",
        "sidewalk:right": "separate",
        "smoothness": "excellent",
        "source:maxspeed": "AT:urban",
        "surface": "asphalt"
      },
      "geometry": {
        "type": "LineString",
        "coordinates": [
          [
            16.4161906,
            48.1898775
          ],
          [
            16.4161473,
            48.1898409
          ],
          [
            16.4160882,
            48.1897949
          ],
          [
            16.4160703,
            48.18978
          ],
          [
            16.4157253,
            48.1894933
          ]
        ]
      },
      "id": "way/12166541"
    },
    {
      "type": "Feature",
      "properties": {
        "@id": "way/12166771",
        "dual_carriageway": "yes",
        "highway": "primary",
        "lanes": "3",
        "lit": "yes",
        "maxspeed": "50",
        "name": "Franzosengraben",
        "oneway": "yes",
        "parking:both": "no",
        "sidewalk:left": "no",
        "sidewalk:right": "separate",
        "surface": "asphalt"
      },
      "geometry": {
        "type": "LineString",
        "coordinates": [
          [
            16.4136925,
            48.1876385
          ],
          [
            16.413572,
            48.1873973
          ],
          [
            16.4135082,
            48.1872579
          ],
          [
            16.4133253,
            48.1869016
          ],
          [
            16.4132132,
            48.1866873
          ]
        ]
      },
      "id": "way/12166771"
    },
    {
      "type": "Feature",
      "properties": {
        "@id": "way/12167257",
        "carriageway_ref": "32",
        "destination:lanes": "Graz;Linz;Gürtel|Praha;Gänserndorf;Budapest",
        "highway": "motorway_link",
        "lanes": "2",
        "lit": "yes",
        "maxspeed": "80",
        "maxspeed:hgv:conditional": "60 @ (weight>7.5)",
        "oneway": "yes",
        "toll": "yes"
      },
      "geometry": {
        "type": "LineString",
        "coordinates": [
          [
            16.4128531,
            48.1859299
          ],
          [
            16.4124461,
            48.1859824
          ],
          [
            16.4123402,
            48.1860029
          ],
          [
            16.4120206,
            48.1860712
          ],
          [
            16.4116395,
            48.1861645
          ],
          [
            16.411365,
            48.1862372
          ],
          [
            16.4110415,
            48.1863325
          ],
          [
            16.4108154,
            48.1864045
          ]
        ]
      },
      "id": "way/12167257"
    },
    {
      "type": "Feature",
      "properties": {
        "@id": "way/12168723",
        "carriageway_ref": "32",
        "destination": "Praha;Gänserndorf;Budapest",
        "destination:country": "CZ;H",
        "destination:ref": "A23;A22;B8;A4",
        "destination:symbol": "airport",
        "highway": "motorway_link",
        "lanes": "1",
        "lit": "yes",
        "maxspeed": "80",
        "maxspeed:hgv:conditional": "60 @ (weight>7.5)",
        "oneway": "yes",
        "toll": "yes"
      },
      "geometry": {
        "type": "LineString",
        "coordinates": [
          [
            16.4108154,
            48.1864045
          ],
          [
            16.4104893,
            48.1865374
          ],
          [
            16.4101598,
            48.1866677
          ],
          [
            16.4098643,
            48.1868312
          ]
        ]
      },
      "id": "way/12168723"
    },
    {
      "type": "Feature",
      "properties": {
        "@id": "way/12637317",
        "carriageway_ref": "121",
        "highway": "motorway_link",
        "lanes": "2",
        "maxspeed": "50",
        "oneway": "yes",
        "toll": "yes",
        "turn:lanes": "merge_to_right|none"
      },
      "geometry": {
        "type": "LineString",
        "coordinates": [
          [
            16.3961834,
            48.1854062
          ],
          [
            16.3962061,
            48.1853652
          ],
          [
            16.3962763,
            48.1852678
          ],
          [
            16.396386,
            48.1851404
          ],
          [
            16.3965462,
            48.1850042
          ],
          [
            16.3973428,
            48.1843573
          ]
        ]
      },
      "id": "way/12637317"
    },
    {
      "type": "Feature",
      "properties": {
        "@id": "way/12641824",
        "destination:forward": "Gürtel; St. Marxer Friedhof",
        "destination:ref:forward": "221",
        "highway": "tertiary",
        "lane_markings": "no",
        "lit": "yes",
        "maxspeed": "50",
        "name": "Grasbergergasse",
        "parking:both": "no",
        "smoothness": "good",
        "source:maxspeed": "AT:urban",
        "surface": "concrete"
      },
      "geometry": {
        "type": "LineString",
        "coordinates": [
          [
            16.4019883,
            48.1870985
          ],
          [
            16.4018999,
            48.1870539
          ]
        ]
      },
      "id": "way/12641824"
    },
    {
      "type": "Feature",
      "properties": {
        "@id": "way/12642274",
        "cycleway:left": "lane",
        "cycleway:left:lane": "advisory",
        "cycleway:right": "no",
        "destination:forward": "Gürtel",
        "destination:ref:forward": "221",
        "highway": "tertiary",
        "lanes": "2",
        "lit": "yes",
        "maxspeed": "30",
        "name": "Leberstraße",
        "oneway": "no",
        "sidewalk": "both",
        "sidewalk:both:surface": "asphalt",
        "smoothness": "good",
        "source:maxspeed": "AT:zone:30",
        "surface": "asphalt"
      },
      "geometry": {
        "type": "LineString",
        "coordinates": [
          [
            16.4008305,
            48.1867081
          ],
          [
            16.4007604,
            48.1867417
          ],
          [
            16.4007201,
            48.1867637
          ],
          [
            16.4006228,
            48.1868521
          ],
          [
            16.4004912,
            48.1869711
          ],
          [
            16.4002942,
            48.187158
          ],
          [
            16.4002542,
            48.1871924
          ]
        ]
      },
      "id": "way/12642274"
    },
    {
      "type": "Feature",
      "properties": {
        "@id": "way/12643544",
        "highway": "tertiary",
        "lanes": "2",
        "lit": "yes",
        "maxspeed": "50",
        "maxspeed:type": "sign",
        "name": "Leberstraße",
        "oneway": "no",
        "smoothness": "good",
        "surface": "asphalt"
      },
      "geometry": {
        "type": "LineString",
        "coordinates": [
          [
            16.4066176,
            48.174996
          ],
          [
            16.4069023,
            48.1756441
          ],
          [
            16.4070591,
            48.1760127
          ],
          [
            16.4070967,
            48.176101
          ],
          [
            16.4071689,
            48.1762708
          ],
          [
            16.4072105,
            48.176366
          ],
          [
            16.4072515,
            48.1764623
          ],
          [
            16.4076413,
            48.1772713
          ],
          [
            16.4077781,
            48.1775539
          ],
          [
            16.4079905,
            48.1780937
          ],
          [
            16.4080507,
            48.1782915
          ],
          [
            16.4080649,
            48.1786149
          ],
          [
            16.4080149,
            48.1788985
          ],
          [
            16.4079325,
            48.1791301
          ],
          [
            16.4077254,
            48.1794568
          ],
          [
            16.4065463,
            48.1807245
          ],
          [
            16.4059249,
            48.181388
          ],
          [
            16.4056488,
            48.1816828
          ],
          [
            16.405488,
            48.1818672
          ],
          [
            16.4054141,
            48.1819476
          ],
          [
            16.4051146,
            48.1822734
          ],
          [
            16.4045921,
            48.1828415
          ],
          [
            16.4044786,
            48.1829802
          ]
        ]
      },
      "id": "way/12643544"
    },
    {
      "type": "Feature",
      "properties": {
        "@id": "way/12644447",
        "cycleway:both": "lane",
        "cycleway:both:lane": "advisory",
        "highway": "primary",
        "lanes": "3",
        "lanes:backward": "1",
        "lanes:forward": "2",
        "lit": "yes",
        "maxspeed": "50",
        "name": "Erdbergstraße",
        "ref": "B228",
        "sidewalk": "no",
        "smoothness": "good",
        "surface": "asphalt",
        "turn:lanes:forward": "left|through"
      },
      "geometry": {
        "type": "LineString",
        "coordinates": [
          [
            16.416316,
            48.1898215
          ],
          [
            16.4161906,
            48.1898775
          ]
        ]
      },
      "id": "way/12644447"
    },
    {
      "type": "Feature",
      "properties": {
        "@id": "way/12644630",
        "destination:backward": "Anschlußstelle St. Marx;Gasometer City;T-Center;Erdberg",
        "destination:ref:backward": "A23",
        "destination:symbol:backward": "motorway;park_and_ride;subway;church",
        "highway": "secondary",
        "lanes": "2",
        "lit": "yes",
        "maxspeed": "50",
        "name": "Litfaßstraße",
        "name:etymology:wikidata": "Q90732",
        "name:etymology:wikipedia": "de:Ernst Litfaß",
        "parking:right": "no",
        "smoothness": "good",
        "source:maxspeed": "AT:urban",
        "surface": "concrete"
      },
      "geometry": {
        "type": "LineString",
        "coordinates": [
          [
            16.405664,
            48.1846692
          ],
          [
            16.4055925,
            48.1846056
          ],
          [
            16.4051832,
            48.18441
          ],
          [
            16.4050946,
            48.1843622
          ]
        ]
      },
      "id": "way/12644630"
    },
    {
      "type": "Feature",
      "properties": {
        "@id": "way/12646073",
        "cycleway:both": "no",
        "highway": "tertiary",
        "lane_markings": "no",
        "lit": "yes",
        "maxspeed": "50",
        "maxspeed:type": "AT:urban",
        "name": "Hauffgasse",
        "oneway": "no",
        "parking:both": "lane",
        "parking:both:orientation": "parallel",
        "sidewalk": "both",
        "sidewalk:both:surface": "asphalt",
        "smoothness": "good",
        "source:maxspeed": "AT:urban",
        "surface": "asphalt"
      },
      "geometry": {
        "type": "LineString",
        "coordinates": [
          [
            16.4087932,
            48.1756954
          ],
          [
            16.4090339,
            48.1758169
          ],
          [
            16.4095517,
            48.1761006
          ],
          [
            16.4112316,
            48.1769662
          ],
          [
            16.4122559,
            48.1774671
          ]
        ]
      },
      "id": "way/12646073"
    },
    {
      "type": "Feature",
      "properties": {
        "@id": "way/12987183",
        "cycleway:both": "no",
        "dual_carriageway": "yes",
        "highway": "primary",
        "lanes": "2",
        "lit": "yes",
        "maxspeed": "50",
        "name": "Rennweg",
        "oneway": "yes",
        "parking:both": "no",
        "source:maxspeed": "AT:urban",
        "surface": "asphalt"
      },
      "geometry": {
        "type": "LineString",
        "coordinates": [
          [
            16.4039052,
            48.1854224
          ],
          [
            16.4035283,
            48.1857543
          ],
          [
            16.4034625,
            48.1858119
          ]
        ]
      },
      "id": "way/12987183"
    },
    {
      "type": "Feature",
      "properties": {
        "@id": "way/13242189",
        "cycleway:right": "no",
        "highway": "secondary",
        "lane_markings": "no",
        "lit": "yes",
        "maxspeed": "50",
        "maxspeed:type": "AT:urban",
        "name": "Gottschalkgasse",
        "oneway": "yes",
        "parking:left": "street_side",
        "parking:left:orientation": "diagonal",
        "parking:right": "no",
        "sidewalk": "both",
        "sidewalk:both:surface": "asphalt",
        "smoothness": "excellent",
        "source:maxspeed": "AT:urban",
        "surface": "asphalt"
      },
      "geometry": {
        "type": "LineString",
        "coordinates": [
          [
            16.415419,
            48.1752587
          ],
          [
            16.4153074,
            48.1752068
          ],
          [
            16.415289,
            48.1751982
          ],
          [
            16.4152705,
            48.1751897
          ],
          [
            16.4152282,
            48.1751696
          ],
          [
            16.415209,
            48.175161
          ],
          [
            16.4151649,
            48.175141
          ],
          [
            16.4146036,
            48.1748794
          ]
        ]
      },
      "id": "way/13242189"
    },
    {
      "type": "Feature",
      "properties": {
        "@id": "way/21659326",
        "carriageway_ref": "20",
        "highway": "motorway_link",
        "lanes": "1",
        "maxspeed": "80",
        "oneway": "yes",
        "surface": "asphalt",
        "toll": "yes"
      },
      "geometry": {
        "type": "LineString",
        "coordinates": [
          [
            16.4002251,
            48.1815804
          ],
          [
            16.4001149,
            48.1816604
          ],
          [
            16.3999587,
            48.1817847
          ],
          [
            16.3998299,
            48.1819019
          ],
          [
            16.399568,
            48.1821723
          ]
        ]
      },
      "id": "way/21659326"
    },
    {
      "type": "Feature",
      "properties": {
        "@id": "way/22113569",
        "carriageway_ref": "40",
        "cycleway:both": "no",
        "highway": "motorway_link",
        "lanes": "1",
        "maxspeed": "80",
        "oneway": "yes",
        "surface": "asphalt",
        "toll": "yes"
      },
      "geometry": {
        "type": "LineString",
        "coordinates": [
          [
            16.4342134,
            48.2034064
          ],
          [
            16.4341357,
            48.2033558
          ],
          [
            16.4339789,
            48.2032568
          ],
          [
            16.433505,
            48.2029632
          ],
          [
            16.4334317,
            48.2029291
          ],
          [
            16.4333461,
            48.2028938
          ],
          [
            16.4332459,
            48.2028667
          ],
          [
            16.4331387,
            48.2028443
          ],
          [
            16.4330299,
            48.2028344
          ],
          [
            16.4329149,
            48.2028332
          ],
          [
            16.4328141,
            48.2028463
          ],
          [
            16.4327167,
            48.2028676
          ],
          [
            16.4326294,
            48.2028948
          ],
          [
            16.4325447,
            48.202932
          ],
          [
            16.4324685,
            48.2029833
          ],
          [
            16.4324119,
            48.2030287
          ],
          [
            16.4323566,
            48.2030957
          ],
          [
            16.4323169,
            48.2031593
          ],
          [
            16.4322811,
            48.203234
          ],
          [
            16.4322719,
            48.2033136
          ],
          [
            16.4322733,
            48.2033697
          ],
          [
            16.4322867,
            48.2034251
          ],
          [
            16.4323066,
            48.2034913
          ],
          [
            16.432349,
            48.2035798
          ],
          [
            16.4324005,
            48.2036614
          ],
          [
            16.432594,
            48.20398
          ]
        ]
      },
      "id": "way/22113569"
    },
    {
      "type": "Feature",
      "properties": {
        "@id": "way/22723606",
        "carriageway_ref": "21",
        "destination": "Praha;Brno;Gänserndorf",
        "destination:country": "CZ",
        "destination:ref": "A23;A22;S1;A5;B8",
        "highway": "motorway_link",
        "lanes": "1",
        "maxheight": "default",
        "oneway": "yes",
        "toll": "yes"
      },
      "geometry": {
        "type": "LineString",
        "coordinates": [
          [
            16.4005191,
            48.1809264
          ],
          [
            16.4006805,
            48.1808478
          ],
          [
            16.4008218,
            48.1807854
          ],
          [
            16.4010007,
            48.1807254
          ],
          [
            16.4011509,
            48.1806885
          ],
          [
            16.4013181,
            48.1806593
          ],
          [
            16.4014863,
            48.1806378
          ],
          [
            16.4016601,
            48.180628
          ],
          [
            16.4018429,
            48.1806302
          ],
          [
            16.4020406,
            48.1806449
          ],
          [
            16.4022019,
            48.1806742
          ]
        ]
      },
      "id": "way/22723606"
    },
    {
      "type": "Feature",
      "properties": {
        "@id": "way/25527354",
        "bridge": "yes",
        "cycleway:both": "no",
        "fixme": "hgv:lanes:conditional",
        "hgv:lanes:conditional": "no|yes|yes @ (weight>7.5)",
        "highway": "motorway",
        "int_ref": "E 59",
        "lanes": "4",
        "layer": "1",
        "lit": "yes",
        "maxspeed": "80",
        "maxspeed:hgv:conditional": "60 @ (weight>7.5)",
        "maxspeed:variable": "peak_traffic",
        "name": "Erdberger Brücke",
        "oneway": "yes",
        "placement": "middle_of:2",
        "ref": "A23",
        "toll": "yes",
        "turn:lanes": "none|none|none|merge_to_left",
        "wikidata": "Q1348995"
      },
      "geometry": {
        "type": "LineString",
        "coordinates": [
          [
            16.4170446,
            48.1935123
          ],
          [
            16.4155769,
            48.192508
          ]
        ]
      },
      "id": "way/25527354"
    },
    {
      "type": "Feature",
      "properties": {
        "@id": "way/25555737",
        "change:lanes": "no|yes|yes",
        "highway": "motorway",
        "int_ref": "E 58",
        "lanes": "3",
        "lit": "yes",
        "maxspeed": "80",
        "maxspeed:variable": "peak_traffic",
        "name": "Ost Autobahn",
        "oneway": "yes",
        "placement": "right_of:1",
        "ref": "A4",
        "toll": "yes",
        "turn:lanes": "none|none|merge_to_left"
      },
      "geometry": {
        "type": "LineString",
        "coordinates": [
          [
            16.4197182,
            48.1904232
          ],
          [
            16.4211798,
            48.1895604
          ],
          [
            16.4217488,
            48.1892407
          ],
          [
            16.4222994,
            48.1889531
          ],
          [
            16.4229356,
            48.1886406
          ],
          [
            16.4235241,
            48.1883826
          ]
        ]
      },
      "id": "way/25555737"
    },
    {
      "type": "Feature",
      "properties": {
        "@id": "way/27168807",
        "cycleway:both": "no",
        "highway": "tertiary",
        "lanes": "2",
        "lit": "yes",
        "maxspeed": "50",
        "name": "Lindenbauergasse",
        "sidewalk": "both",
        "sidewalk:both:surface": "asphalt",
        "smoothness": "good",
        "source:maxspeed": "AT:urban",
        "surface": "asphalt"
      },
      "geometry": {
        "type": "LineString",
        "coordinates": [
          [
            16.4260786,
            48.1777686
          ],
          [
            16.4260183,
            48.1773763
          ],
          [
            16.4259198,
            48.1767362
          ],
          [
            16.4259219,
            48.1766571
          ]
        ]
      },
      "id": "way/27168807"
    },
    {
      "type": "Feature",
      "properties": {
        "@id": "way/27168898",
        "cycleway:both": "lane",
        "cycleway:both:lane": "advisory",
        "highway": "tertiary",
        "lanes": "2",
        "lit": "yes",
        "maxheight": "3.3",
        "maxspeed": "30",
        "name": "Haidestraße",
        "sidewalk:both": "separate",
        "sidewalk:right:surface": "asphalt",
        "smoothness": "excellent",
        "surface": "asphalt"
      },
      "geometry": {
        "type": "LineString",
        "coordinates": [
          [
            16.4268151,
            48.1794906
          ],
          [
            16.4266378,
            48.1795478
          ]
        ]
      },
      "id": "way/27168898"
    },
    {
      "type": "Feature",
      "properties": {
        "@id": "way/27168900",
        "cycleway:both": "lane",
        "cycleway:both:lane": "advisory",
        "highway": "tertiary",
        "lanes": "2",
        "lit": "yes",
        "maxspeed": "30",
        "name": "Haidestraße",
        "sidewalk:left": "separate",
        "sidewalk:right": "no",
        "smoothness": "excellent",
        "surface": "asphalt"
      },
      "geometry": {
        "type": "LineString",
        "coordinates": [
          [
            16.4264559,
            48.1796045
          ],
          [
            16.425969,
            48.179757
          ],
          [
            16.4257378,
            48.1798206
          ],
          [
            16.4255195,
            48.1798622
          ],
          [
            16.4251906,
            48.1799001
          ]
        ]
      },
      "id": "way/27168900"
    },
    {
      "type": "Feature",
      "properties": {
        "@id": "way/27268165",
        "cycleway:both": "no",
        "fixme": "hgv:lanes:conditional",
        "hgv:lanes:conditional": "no|yes|yes @ (weight>7.5)",
        "highway": "motorway",
        "int_ref": "E 59",
        "lanes": "4",
        "lit": "yes",
        "maxspeed": "80",
        "maxspeed:hgv:conditional": "60 @ (weight>7.5)",
        "maxspeed:variable": "peak_traffic",
        "name": "Südosttangente",
        "oneway": "yes",
        "placement": "middle_of:2",
        "ref": "A23",
        "toll": "yes",
        "turn:lanes": "none|none|none|merge_to_left"
      },
      "geometry": {
        "type": "LineString",
        "coordinates": [
          [
            16.4155769,
            48.192508
          ],
          [
            16.4149264,
            48.1920612
          ]
        ]
      },
      "id": "way/27268165"
    },
    {
      "type": "Feature",
      "properties": {
        "@id": "way/27268218",
        "bridge": "yes",
        "carriageway_ref": "3",
        "cycleway:both": "no",
        "highway": "motorway_link",
        "junction:ref": "0",
        "lanes": "1",
        "layer": "1",
        "lit": "yes",
        "maxspeed": "80",
        "oneway": "yes",
        "toll": "yes"
      },
      "geometry": {
        "type": "LineString",
        "coordinates": [
          [
            16.4153803,
            48.1911333
          ],
          [
            16.4155541,
            48.1911336
          ],
          [
            16.4158138,
            48.191139
          ]
        ]
      },
      "id": "way/27268218"
    },
    {
      "type": "Feature",
      "properties": {
        "@id": "way/27268400",
        "change:lanes": "no|not_right|no",
        "destination:country:lanes": "none|I;SLO;D|CZ",
        "destination:lanes": "Zentrum;Erdberg|Zentrum;Erdberg;Graz;St.Pölten;St.Marx|Praha;Brno;Handelskai",
        "destination:ref:lanes": "B227|B227;A23;A2|A23;A22;A5;B14",
        "destination:symbol:lanes": "centre|none|none",
        "highway": "motorway",
        "int_ref": "E 58",
        "lanes": "3",
        "lit": "yes",
        "maxheight": "default",
        "maxspeed": "80",
        "maxspeed:variable": "yes",
        "name": "Ost Autobahn",
        "oneway": "yes",
        "placement": "right_of:1",
        "ref": "A4",
        "toll": "yes",
        "turn:lanes": "none|through;slight_right|right"
      },
      "geometry": {
        "type": "LineString",
        "coordinates": [
          [
            16.420861,
            48.1909241
          ],
          [
            16.4201693,
            48.1913315
          ]
        ]
      },
      "id": "way/27268400"
    },
    {
      "type": "Feature",
      "properties": {
        "@id": "way/27268569",
        "carriageway_ref": "33",
        "destination": "Graz;Linz;Gürtel",
        "destination:country": "I;SLO;D",
        "destination:ref": "A23;A2;A21;A1;B221",
        "highway": "motorway_link",
        "lit": "yes",
        "maxspeed": "80",
        "maxspeed:hgv:conditional": "60 @ (weight>7.5)",
        "oneway": "yes",
        "toll": "yes"
      },
      "geometry": {
        "type": "LineString",
        "coordinates": [
          [
            16.4108154,
            48.1864045
          ],
          [
            16.4104576,
            48.186507
          ],
          [
            16.4101102,
            48.1866273
          ],
          [
            16.409799,
            48.1867744
          ]
        ]
      },
      "id": "way/27268569"
    },
    {
      "type": "Feature",
      "properties": {
        "@id": "way/27268573",
        "bridge": "yes",
        "carriageway_ref": "30",
        "highway": "motorway_link",
        "layer": "1",
        "lit": "yes",
        "maxspeed": "80",
        "oneway": "yes",
        "toll": "yes"
      },
      "geometry": {
        "type": "LineString",
        "coordinates": [
          [
            16.4087569,
            48.1870532
          ],
          [
            16.4090844,
            48.1869694
          ],
          [
            16.4093729,
            48.1868733
          ],
          [
            16.4097332,
            48.18672
          ]
        ]
      },
      "id": "way/27268573"
    },
    {
      "type": "Feature",
      "properties": {
        "@id": "way/27268574",
        "carriageway_ref": "30",
        "highway": "motorway_link",
        "lit": "yes",
        "maxspeed": "50",
        "oneway": "yes",
        "toll": "yes"
      },
      "geometry": {
        "type": "LineString",
        "coordinates": [
          [
            16.4097332,
            48.18672
          ],
          [
            16.4102044,
            48.1865346
          ],
          [
            16.4105707,
            48.1864064
          ],
          [
            16.4107688,
            48.1863146
          ]
        ]
      },
      "id": "way/27268574"
    },
    {
      "type": "Feature",
      "properties": {
        "@id": "way/27268587",
        "carriageway_ref": "31",
        "highway": "motorway_link",
        "lit": "yes",
        "maxspeed": "50",
        "oneway": "yes",
        "toll": "yes"
      },
      "geometry": {
        "type": "LineString",
        "coordinates": [
          [
            16.4096657,
            48.1866381
          ],
          [
            16.4105425,
            48.1863675
          ],
          [
            16.4107688,
            48.1863146
          ]
        ]
      },
      "id": "way/27268587"
    },
    {
      "type": "Feature",
      "properties": {
        "@id": "way/27268596",
        "bridge": "yes",
        "carriageway_ref": "33",
        "highway": "motorway_link",
        "lanes": "1",
        "layer": "1",
        "lit": "yes",
        "maxheight": "default",
        "maxspeed": "80",
        "maxspeed:hgv:conditional": "60 @ (weight>7.5)",
        "oneway": "yes",
        "toll": "yes"
      },
      "geometry": {
        "type": "LineString",
        "coordinates": [
          [
            16.409799,
            48.1867744
          ],
          [
            16.4084966,
            48.1874261
          ],
          [
            16.4083026,
            48.187518
          ],
          [
            16.4081194,
            48.1875627
          ],
          [
            16.4079537,
            48.1875751
          ],
          [
            16.4077597,
            48.1875453
          ],
          [
            16.4076076,
            48.1874819
          ],
          [
            16.4074137,
            48.1873577
          ],
          [
            16.4067864,
            48.1868711
          ],
          [
            16.4064215,
            48.1865492
          ],
          [
            16.4058497,
            48.1860388
          ],
          [
            16.4057351,
            48.1859324
          ]
        ]
      },
      "id": "way/27268596"
    },
    {
      "type": "Feature",
      "properties": {
        "@id": "way/27268625",
        "bridge": "yes",
        "carriageway_ref": "32",
        "check_date": "2021-09-18",
        "cycleway:both": "no",
        "highway": "motorway_link",
        "lanes": "1",
        "layer": "2",
        "lit": "yes",
        "maxspeed": "80",
        "maxspeed:hgv:conditional": "60 @ (weight>7.5)",
        "oneway": "yes",
        "toll": "yes"
      },
      "geometry": {
        "type": "LineString",
        "coordinates": [
          [
            16.4098643,
            48.1868312
          ],
          [
            16.4096741,
            48.1869735
          ],
          [
            16.4095301,
            48.1871277
          ],
          [
            16.4094386,
            48.1872861
          ],
          [
            16.4093878,
            48.187462
          ],
          [
            16.4093833,
            48.1876389
          ],
          [
            16.4094236,
            48.1878014
          ],
          [
            16.4095125,
            48.1879523
          ],
          [
            16.4096471,
            48.1880913
          ],
          [
            16.4097808,
            48.1882218
          ],
          [
            16.4099743,
            48.1883674
          ],
          [
            16.4107076,
            48.1888769
          ]
        ]
      },
      "id": "way/27268625"
    },
    {
      "type": "Feature",
      "properties": {
        "@id": "way/27268687",
        "carriageway_ref": "24",
        "destination": "Budapest;Bratislava;St.Marx",
        "destination:country": "H;SK",
        "destination:ref": "A4;B228",
        "destination:symbol": "airport;park_and_ride",
        "highway": "motorway_link",
        "lanes": "1",
        "maxheight": "default",
        "maxspeed": "80",
        "oneway": "yes",
        "toll": "yes"
      },
      "geometry": {
        "type": "LineString",
        "coordinates": [
          [
            16.4004066,
            48.1809864
          ],
          [
            16.4005894,
            48.1808296
          ],
          [
            16.400737,
            48.1807472
          ],
          [
            16.4008828,
            48.1806777
          ],
          [
            16.4010634,
            48.1806014
          ],
          [
            16.4012385,
            48.1805417
          ],
          [
            16.4014024,
            48.1804991
          ],
          [
            16.4015784,
            48.1804598
          ],
          [
            16.4017312,
            48.1804378
          ],
          [
            16.4019006,
            48.1804211
          ],
          [
            16.4020633,
            48.1804149
          ],
          [
            16.4022338,
            48.180418
          ],
          [
            16.4023944,
            48.1804297
          ],
          [
            16.4025827,
            48.1804538
          ],
          [
            16.4027856,
            48.1804983
          ],
          [
            16.4029664,
            48.1805514
          ],
          [
            16.403132,
            48.1806122
          ],
          [
            16.4032962,
            48.1806873
          ],
          [
            16.4034492,
            48.1807773
          ],
          [
            16.4035777,
            48.1808695
          ],
          [
            16.4036972,
            48.1809671
          ],
          [
            16.4038053,
            48.1810826
          ],
          [
            16.4039081,
            48.1812098
          ]
        ]
      },
      "id": "way/27268687"
    },
    {
      "type": "Feature",
      "properties": {
        "@id": "way/27329752",
        "bridge": "yes",
        "cycleway:both": "no",
        "hgv:lanes:conditional": "no|yes|yes|yes @ (weight>7.5)",
        "highway": "motorway",
        "int_ref": "E 59",
        "lanes": "4",
        "layer": "2",
        "lit": "yes",
        "maxspeed": "80",
        "maxspeed:hgv:conditional": "60 @ (weight>7.5)",
        "maxspeed:variable": "peak_traffic",
        "name": "Hochstraße St. Marx",
        "oneway": "yes",
        "placement": "middle_of:3",
        "ref": "A23",
        "toll": "yes",
        "turn:lanes": "none|none|through|slight_right;right"
      },
      "geometry": {
        "type": "LineString",
        "coordinates": [
          [
            16.4097482,
            48.1883371
          ],
          [
            16.4106165,
            48.1889343
          ]
        ]
      },
      "id": "way/27329752"
    },
    {
      "type": "Feature",
      "properties": {
        "@id": "way/27567781",
        "cycleway:left": "separate",
        "cycleway:right": "lane",
        "cycleway:right:lane": "advisory",
        "highway": "tertiary",
        "lanes": "3",
        "lanes:backward": "1",
        "lanes:forward": "2",
        "lit": "yes",
        "maxspeed": "50",
        "name": "Würtzlerstraße",
        "sidewalk:both": "separate",
        "sidewalk:both:surface": "asphalt",
        "smoothness": "excellent",
        "source:maxspeed": "AT:urban",
        "surface": "asphalt",
        "turn:lanes:forward": "left|through;right"
      },
      "geometry": {
        "type": "LineString",
        "coordinates": [
          [
            16.4098791,
            48.1951271
          ],
          [
            16.4093707,
            48.1948179
          ],
          [
            16.4091527,
            48.1946921
          ],
          [
            16.4090567,
            48.1946366
          ],
          [
            16.4089127,
            48.1945471
          ]
        ]
      },
      "id": "way/27567781"
    },
    {
      "type": "Feature",
      "properties": {
        "@id": "way/27758219",
        "bridge": "yes",
        "cycleway:both": "no",
        "hgv:lanes:conditional": "no|yes|yes|yes @ (weight>7.5)",
        "highway": "motorway",
        "int_ref": "E 59",
        "lanes": "4",
        "layer": "2",
        "lit": "yes",
        "maxspeed": "80",
        "maxspeed:hgv:conditional": "60 @ (weight>7.5)",
        "maxspeed:variable": "peak_traffic",
        "name": "Prater Hochstraße",
        "oneway": "yes",
        "ref": "A23",
        "ref_name": "Südosttangente",
        "surface": "asphalt",
        "toll": "yes"
      },
      "geometry": {
        "type": "LineString",
        "coordinates": [
          [
            16.4212752,
            48.1962785
          ],
          [
            16.4268728,
            48.2001074
          ]
        ]
      },
      "id": "way/27758219"
    },
    {
      "type": "Feature",
      "properties": {
        "@id": "way/27758234",
        "cycleway:both": "no",
        "destination:lanes": "Graz;Eisenstadt;Linz;St.Pölten;St.Marx|Graz;Eisenstadt;Linz;St.Pölten;St.Marx|Graz;Eisenstadt;Linz;St.Pölten;St.Marx|Budapest;Bratislava;Flughafen;Alt Simmering;Zentrum;Erdberg",
        "destination:ref:lanes": "A23;A2;A3;A21;A1|A23;A2;A3;A21;A1|A23;A2;A3;A21;A1|A4;A6;B228;B227",
        "fixme": "hgv:lanes:conditional",
        "hgv:lanes:conditional": "no|yes|yes|yes @ (weight>7.5)",
        "highway": "motorway",
        "int_ref": "E 59",
        "lanes": "4",
        "lit": "yes",
        "maxspeed": "80",
        "maxspeed:hgv:conditional": "60 @ (weight>7.5)",
        "maxspeed:variable": "peak_traffic",
        "name": "Südosttangente",
        "oneway": "yes",
        "ref": "A23",
        "toll": "yes",
        "turn:lanes": "none|none|through|slight_right;right"
      },
      "geometry": {
        "type": "LineString",
        "coordinates": [
          [
            16.4211364,
            48.1963688
          ],
          [
            16.4206509,
            48.1960308
          ]
        ]
      },
      "id": "way/27758234"
    },
    {
      "type": "Feature",
      "properties": {
        "@id": "way/27758248",
        "cycleway:both": "no",
        "hgv:lanes:conditional": "no|yes|yes|yes|yes @ (weight>7.5)",
        "highway": "motorway",
        "int_ref": "E 59",
        "lanes": "5",
        "lit": "yes",
        "maxspeed": "80",
        "maxspeed:hgv:conditional": "60 @ (weight>7.5)",
        "maxspeed:variable": "peak_traffic",
        "name": "Südosttangente",
        "oneway": "yes",
        "placement": "right_of:2",
        "ref": "A23",
        "surface": "asphalt",
        "toll": "yes",
        "turn:lanes": "none|none|none|through|slight_right"
      },
      "geometry": {
        "type": "LineString",
        "coordinates": [
          [
            16.4279448,
            48.2008422
          ],
          [
            16.4299857,
            48.2022048
          ]
        ]
      },
      "id": "way/27758248"
    },
    {
      "type": "Feature",
      "properties": {
        "@id": "way/27758249",
        "bridge": "yes",
        "cycleway:both": "no",
        "hgv:lanes:conditional": "no|yes|yes|yes @ (weight>7.5)",
        "highway": "motorway",
        "int_ref": "E 59",
        "lanes": "4",
        "layer": "2",
        "lit": "yes",
        "maxspeed": "80",
        "maxspeed:hgv:conditional": "60 @ (weight>7.5)",
        "maxspeed:variable": "peak_traffic",
        "name": "Prater Hochstraße",
        "oneway": "yes",
        "ref": "A23",
        "ref_name": "Südosttangente",
        "surface": "asphalt",
        "toll": "yes"
      },
      "geometry": {
        "type": "LineString",
        "coordinates": [
          [
            16.4277996,
            48.2009365
          ],
          [
            16.4259694,
            48.1996824
          ]
        ]
      },
      "id": "way/27758249"
    },
    {
      "type": "Feature",
      "properties": {
        "@id": "way/27758272",
        "bridge": "yes",
        "cycleway:both": "no",
        "hgv:lanes:conditional": "no|yes|yes|yes|yes @ (weight>7.5)",
        "highway": "motorway",
        "int_ref": "E 59",
        "lanes": "5",
        "layer": "2",
        "lit": "yes",
        "maxspeed": "80",
        "maxspeed:hgv:conditional": "60 @ (weight>7.5)",
        "maxspeed:variable": "peak_traffic",
        "name": "Praterbrücke",
        "oneway": "yes",
        "placement": "right_of:2",
        "ref": "A23",
        "surface": "asphalt",
        "toll": "yes",
        "turn:lanes": "none|none|none|none|merge_to_left"
      },
      "geometry": {
        "type": "LineString",
        "coordinates": [
          [
            16.4329068,
            48.2041932
          ],
          [
            16.4337955,
            48.2048026
          ]
        ]
      },
      "id": "way/27758272"
    },
    {
      "type": "Feature",
      "properties": {
        "@id": "way/27758274",
        "cycleway:both": "no",
        "destination": "Graz;Linz;Eisenstadt;Budapest;Flughafen;Alt Simmering;Zentrum;St.Marx;Erdberg",
        "destination:country": "I;SLO;D;H",
        "destination:ref": "A23;A2;A21;A1;A3;A4;B228",
        "destination:symbol": "airport;centre",
        "highway": "motorway",
        "int_ref": "E 59",
        "lanes": "4",
        "lit": "yes",
        "maxspeed": "80",
        "maxspeed:hgv:conditional": "60 @ (weight>7.5)",
        "maxspeed:variable": "peak_traffic",
        "name": "Südosttangente",
        "oneway": "yes",
        "ref": "A23",
        "surface": "asphalt",
        "toll": "yes"
      },
      "geometry": {
        "type": "LineString",
        "coordinates": [
          [
            16.4327676,
            48.2042856
          ],
          [
            16.4321917,
            48.2038972
          ],
          [
            16.4308056,
            48.2029479
          ],
          [
            16.4300026,
            48.2024085
          ]
        ]
      },
      "id": "way/27758274"
    },
    {
      "type": "Feature",
      "properties": {
        "@id": "way/27940146",
        "bicycle": "use_sidepath",
        "highway": "tertiary",
        "lanes": "2",
        "lit": "yes",
        "maxspeed": "50",
        "name": "Franz-Grill-Straße",
        "source:maxspeed": "AT:zone:30",
        "surface": "asphalt"
      },
      "geometry": {
        "type": "LineString",
        "coordinates": [
          [
            16.3941147,
            48.1786289
          ],
          [
            16.3942493,
            48.1786864
          ],
          [
            16.3945816,
            48.1788481
          ],
          [
            16.3946741,
            48.1788986
          ],
          [
            16.3950641,
            48.1791134
          ],
          [
            16.3954514,
            48.1793267
          ],
          [
            16.3962111,
            48.1797569
          ],
          [
            16.3963609,
            48.1798417
          ],
          [
            16.3963895,
            48.1798576
          ],
          [
            16.3964971,
            48.179915
          ],
          [
            16.3969249,
            48.1801557
          ],
          [
            16.3971582,
            48.1802721
          ],
          [
            16.3976171,
            48.1805093
          ]
        ]
      },
      "id": "way/27940146"
    },
    {
      "type": "Feature",
      "properties": {
        "@id": "way/29076615",
        "cycleway": "lane",
        "cycleway:both": "lane",
        "cycleway:both:lane": "advisory",
        "highway": "primary",
        "lanes": "2",
        "lit": "yes",
        "maxspeed": "50",
        "name": "Baumgasse",
        "ref": "B228",
        "sidewalk": "both",
        "sidewalk:both:surface": "asphalt",
        "smoothness": "excellent",
        "surface": "asphalt"
      },
      "geometry": {
        "type": "LineString",
        "coordinates": [
          [
            16.4074521,
            48.1915228
          ],
          [
            16.4076774,
            48.1913853
          ],
          [
            16.4082462,
            48.1910388
          ],
          [
            16.4085205,
            48.1908529
          ],
          [
            16.4086751,
            48.1907574
          ],
          [
            16.4094476,
            48.190289
          ],
          [
            16.4095253,
            48.1902402
          ]
        ]
      },
      "id": "way/29076615"
    },
    {
      "type": "Feature",
      "properties": {
        "@id": "way/29076749",
        "cycleway:right": "no",
        "dual_carriageway": "yes",
        "highway": "primary",
        "lanes": "4",
        "lit": "yes",
        "maxspeed": "50",
        "name": "Heinrich-Drimmel-Platz",
        "name:etymology:wikidata": "Q1597075",
        "name:etymology:wikipedia": "de:Heinrich Drimmel",
        "oneway": "yes",
        "parking:left": "no",
        "ref": "B221",
        "sidewalk": "separate",
        "surface": "asphalt",
        "turn:lanes": "left|through|through|right"
      },
      "geometry": {
        "type": "LineString",
        "coordinates": [
          [
            16.3903878,
            48.1880846
          ],
          [
            16.3906093,
            48.1880706
          ],
          [
            16.390694,
            48.1880653
          ],
          [
            16.390739,
            48.1880625
          ],
          [
            16.3909012,
            48.1880502
          ]
        ]
      },
      "id": "way/29076749"
    },
    {
      "type": "Feature",
      "properties": {
        "@id": "way/29076759",
        "cycleway:left": "no",
        "cycleway:right": "separate",
        "destination": "Landstraßer Hauptstraße",
        "destination:ref": "B221",
        "dual_carriageway": "yes",
        "highway": "primary",
        "lanes": "2",
        "lit": "yes",
        "maxspeed": "50",
        "name": "Landstraßer Gürtel",
        "oneway": "yes",
        "parking:left": "no",
        "ref": "B221",
        "sidewalk": "separate",
        "source": "survey 05.2019 and basemap.at",
        "surface": "asphalt"
      },
      "geometry": {
        "type": "LineString",
        "coordinates": [
          [
            16.3939327,
            48.1872559
          ],
          [
            16.3940491,
            48.1871953
          ],
          [
            16.3943038,
            48.1870627
          ],
          [
            16.3947515,
            48.1868079
          ],
          [
            16.3952439,
            48.1864735
          ],
          [
            16.3953862,
            48.186362
          ]
        ]
      },
      "id": "way/29076759"
    },
    {
      "type": "Feature",
      "properties": {
        "@id": "way/29076861",
        "cycleway:right": "separate",
        "dual_carriageway": "yes",
        "highway": "primary",
        "lanes": "5",
        "lit": "yes",
        "maxspeed": "50",
        "name": "Heinrich-Drimmel-Platz",
        "name:etymology:wikidata": "Q1597075",
        "name:etymology:wikipedia": "de:Heinrich Drimmel",
        "oneway": "yes",
        "parking:left": "no",
        "ref": "B221",
        "surface": "asphalt",
        "turn:lanes": "left|left|through|through|right"
      },
      "geometry": {
        "type": "LineString",
        "coordinates": [
          [
            16.3912963,
            48.1881501
          ],
          [
            16.3911978,
            48.1881558
          ],
          [
            16.3910993,
            48.1881615
          ],
          [
            16.3909178,
            48.1881689
          ]
        ]
      },
      "id": "way/29076861"
    },
    {
      "type": "Feature",
      "properties": {
        "@id": "way/29127928",
        "cycleway:both": "no",
        "dual_carriageway": "yes",
        "highway": "primary",
        "lanes": "2",
        "lit": "yes",
        "maxspeed": "50",
        "name": "Simmeringer Hauptstraße",
        "oneway": "yes",
        "parking:left": "no",
        "sidewalk": "separate",
        "source:maxspeed": "AT:urban",
        "surface": "asphalt"
      },
      "geometry": {
        "type": "LineString",
        "coordinates": [
          [
            16.4047518,
            48.1846417
          ],
          [
            16.4043265,
            48.1850536
          ],
          [
            16.4039052,
            48.1854224
          ]
        ]
      },
      "id": "way/29127928"
    },
    {
      "type": "Feature",
      "properties": {
        "@id": "way/29127936",
        "dual_carriageway": "yes",
        "highway": "primary",
        "lanes": "2",
        "lit": "yes",
        "maxspeed": "50",
        "name": "Simmeringer Hauptstraße",
        "oneway": "yes",
        "parking:both": "no",
        "source:maxspeed": "AT:urban",
        "surface": "asphalt"
      },
      "geometry": {
        "type": "LineString",
        "coordinates": [
          [
            16.4037631,
            48.1853474
          ],
          [
            16.4039332,
            48.1852305
          ],
          [
            16.403979,
            48.1851995
          ],
          [
            16.4040323,
            48.1851634
          ],
          [
            16.4042508,
            48.1850249
          ],
          [
            16.4043157,
            48.1849753
          ],
          [
            16.4044024,
            48.184909
          ]
        ]
      },
      "id": "way/29127936"
    },
    {
      "type": "Feature",
      "properties": {
        "@id": "way/29342303",
        "busway:right": "lane",
        "cycleway:right": "share_busway",
        "highway": "tertiary",
        "lanes": "2",
        "lit": "yes",
        "maxspeed": "30",
        "name": "Olympiaplatz",
        "oneway": "yes",
        "smoothness": "good",
        "source": "survey",
        "source:maxspeed": "AT:zone:30",
        "surface": "concrete"
      },
      "geometry": {
        "type": "LineString",
        "coordinates": [
          [
            16.421386,
            48.2110097
          ],
          [
            16.4213683,
            48.2109802
          ],
          [
            16.4211945,
            48.2107573
          ]
        ]
      },
      "id": "way/29342303"
    },
    {
      "type": "Feature",
      "properties": {
        "@id": "way/29342580",
        "highway": "motorway",
        "int_ref": "E 58",
        "lanes": "2",
        "lit": "yes",
        "maxspeed": "80",
        "maxspeed:variable": "yes",
        "name": "Ost Autobahn",
        "oneway": "yes",
        "ref": "A4",
        "toll": "yes"
      },
      "geometry": {
        "type": "LineString",
        "coordinates": [
          [
            16.4454505,
            48.184026
          ],
          [
            16.4451041,
            48.1840493
          ],
          [
            16.4446793,
            48.1840735
          ],
          [
            16.4437077,
            48.1841053
          ],
          [
            16.4427992,
            48.1841488
          ],
          [
            16.4422695,
            48.184193
          ],
          [
            16.4418499,
            48.1842355
          ],
          [
            16.4413685,
            48.1842971
          ],
          [
            16.4408369,
            48.1843755
          ],
          [
            16.4403604,
            48.1844625
          ],
          [
            16.4398628,
            48.1845632
          ],
          [
            16.4392819,
            48.1847044
          ],
          [
            16.4388128,
            48.1848277
          ]
        ]
      },
      "id": "way/29342580"
    },
    {
      "type": "Feature",
      "properties": {
        "@id": "way/31401249",
        "cycleway:both": "lane",
        "cycleway:both:lane": "advisory",
        "highway": "secondary",
        "lanes": "3",
        "lanes:backward": "2",
        "lanes:forward": "1",
        "lit": "yes",
        "maxspeed": "50",
        "name": "Landstraßer Hauptstraße",
        "sidewalk:both": "separate",
        "smoothness": "excellent",
        "surface": "asphalt",
        "turn:lanes:backward": "through|right"
      },
      "geometry": {
        "type": "LineString",
        "coordinates": [
          [
            16.3939161,
            48.1995719
          ],
          [
            16.3938271,
            48.1996583
          ],
          [
            16.3936778,
            48.1998031
          ],
          [
            16.39351,
            48.1999658
          ]
        ]
      },
      "id": "way/31401249"
    },
    {
      "type": "Feature",
      "properties": {
        "@id": "way/31795679",
        "cycleway:both": "no",
        "destination:forward": "Gürtel",
        "destination:ref:forward": "221",
        "highway": "tertiary",
        "lanes": "2",
        "lanes:backward": "1",
        "lanes:forward": "1",
        "lit": "yes",
        "maxspeed": "50",
        "name": "Kleistgasse",
        "name:etymology:wikidata": "Q28494",
        "name:etymology:wikipedia": "de:Heinrich von Kleist",
        "sidewalk:left": "no",
        "sidewalk:right": "separate",
        "smoothness": "intermediate",
        "surface": "asphalt",
        "turn:lanes:backward": "left"
      },
      "geometry": {
        "type": "LineString",
        "coordinates": [
          [
            16.3906733,
            48.1936238
          ],
          [
            16.3906498,
            48.193584
          ],
          [
            16.3906419,
            48.1935706
          ],
          [
            16.3906343,
            48.1935577
          ],
          [
            16.3906052,
            48.1935084
          ]
        ]
      },
      "id": "way/31795679"
    },
    {
      "type": "Feature",
      "properties": {
        "@id": "way/34748238",
        "cycleway:both": "separate",
        "highway": "tertiary",
        "lanes": "2",
        "lit": "yes",
        "maxheight": "default",
        "maxspeed": "30",
        "name": "Wehlistraße",
        "sidewalk:both": "separate",
        "sidewalk:both:surface": "asphalt",
        "smoothness": "good",
        "source:maxspeed": "AT:zone:30",
        "surface": "asphalt"
      },
      "geometry": {
        "type": "LineString",
        "coordinates": [
          [
            16.4329803,
            48.2043147
          ],
          [
            16.4327232,
            48.2044991
          ],
          [
            16.4326673,
            48.2045391
          ],
          [
            16.432659,
            48.2045451
          ],
          [
            16.4326238,
            48.2045704
          ],
          [
            16.4321969,
            48.2048768
          ],
          [
            16.4319113,
            48.2050799
          ]
        ]
      },
      "id": "way/34748238"
    },
    {
      "type": "Feature",
      "properties": {
        "@id": "way/34748248",
        "destination:forward": "Hafen Freudenau;Rennbahn Freudenau",
        "highway": "primary",
        "lanes": "5",
        "lanes:backward": "3",
        "lanes:forward": "2",
        "maxspeed": "50",
        "name": "Handelskai",
        "ref": "B14",
        "source:maxspeed": "AT:urban",
        "surface": "asphalt",
        "turn:lanes:backward": "left|through|"
      },
      "geometry": {
        "type": "LineString",
        "coordinates": [
          [
            16.4351244,
            48.2038765
          ],
          [
            16.4357895,
            48.2034329
          ]
        ]
      },
      "id": "way/34748248"
    },
    {
      "type": "Feature",
      "properties": {
        "@id": "way/34748249",
        "cycleway:both": "no",
        "destination:forward": "Hafen Freudenau;Rennbahn Freudenau",
        "highway": "primary",
        "lanes": "5",
        "lanes:backward": "3",
        "lanes:forward": "2",
        "lit": "yes",
        "maxspeed": "50",
        "name": "Handelskai",
        "ref": "B14",
        "sidewalk": "right",
        "sidewalk:right:surface": "asphalt",
        "smoothness": "excellent",
        "source:maxspeed": "AT:urban",
        "surface": "asphalt",
        "turn:lanes:backward": "left|none|none"
      },
      "geometry": {
        "type": "LineString",
        "coordinates": [
          [
            16.4320777,
            48.2059907
          ],
          [
            16.4328664,
            48.2054388
          ]
        ]
      },
      "id": "way/34748249"
    },
    {
      "type": "Feature",
      "properties": {
        "@id": "way/34748300",
        "highway": "tertiary",
        "lane_markings": "no",
        "lit": "yes",
        "maxspeed": "50",
        "name": "Schnirchgasse",
        "sidewalk:both": "separate",
        "smoothness": "good",
        "source:maxspeed": "AT:urban",
        "surface": "concrete"
      },
      "geometry": {
        "type": "LineString",
        "coordinates": [
          [
            16.4088921,
            48.1957383
          ],
          [
            16.4089733,
            48.1956876
          ],
          [
            16.409175,
            48.1955559
          ],
          [
            16.4092668,
            48.1955
          ],
          [
            16.4098791,
            48.1951271
          ]
        ]
      },
      "id": "way/34748300"
    },
    {
      "type": "Feature",
      "properties": {
        "@id": "way/34748302",
        "cycleway:both": "no",
        "embedded_rails": "tram",
        "highway": "primary",
        "lanes": "3",
        "lanes:backward": "2",
        "lanes:forward": "1",
        "lit": "yes",
        "maxspeed": "50",
        "name": "Schlachthausgasse",
        "ref": "B221",
        "sidewalk:both": "separate",
        "sidewalk:both:surface": "asphalt",
        "smoothness": "good",
        "source:maxspeed": "AT:urban",
        "surface": "asphalt",
        "turn:lanes:backward": "through|right"
      },
      "geometry": {
        "type": "LineString",
        "coordinates": [
          [
            16.4079906,
            48.1952787
          ],
          [
            16.4080831,
            48.1953247
          ],
          [
            16.4081224,
            48.1953455
          ],
          [
            16.4081485,
            48.1953594
          ],
          [
            16.4082695,
            48.1954268
          ]
        ]
      },
      "id": "way/34748302"
    },
    {
      "type": "Feature",
      "properties": {
        "@id": "way/34908474",
        "highway": "primary",
        "lanes": "4",
        "lanes:backward": "2",
        "lanes:forward": "2",
        "maxspeed": "50",
        "name": "Handelskai",
        "ref": "B14",
        "source:maxspeed": "AT:urban",
        "surface": "asphalt"
      },
      "geometry": {
        "type": "LineString",
        "coordinates": [
          [
            16.4381246,
            48.2018439
          ],
          [
            16.4388888,
            48.2013269
          ]
        ]
      },
      "id": "way/34908474"
    },
    {
      "type": "Feature",
      "properties": {
        "@id": "way/34908599",
        "cycleway:both": "no",
        "highway": "primary",
        "lanes": "5",
        "lanes:backward": "3",
        "lanes:forward": "2",
        "lit": "yes",
        "maxspeed": "50",
        "name": "Handelskai",
        "ref": "B14",
        "sidewalk": "right",
        "source:maxspeed": "AT:urban",
        "surface": "asphalt",
        "turn:lanes:backward": "left|through|through"
      },
      "geometry": {
        "type": "LineString",
        "coordinates": [
          [
            16.4275904,
            48.2091531
          ],
          [
            16.4290851,
            48.2081054
          ]
        ]
      },
      "id": "way/34908599"
    },
    {
      "type": "Feature",
      "properties": {
        "@id": "way/34909770",
        "cycleway:both": "no",
        "highway": "tertiary",
        "lane_markings": "no",
        "lit": "yes",
        "maxspeed": "50",
        "maxspeed:conditional": "30 @ (Mo-Sa 07:00-09:00, 12:00-16:00; PH off; SH off)",
        "name": "Erdbergstraße",
        "sidewalk:both:surface": "paving_stones",
        "sidewalk:left": "yes",
        "sidewalk:right": "separate",
        "smoothness": "good",
        "source:maxspeed": "AT:urban",
        "surface": "asphalt"
      },
      "geometry": {
        "type": "LineString",
        "coordinates": [
          [
            16.3980517,
            48.20053
          ],
          [
            16.3981662,
            48.2004488
          ],
          [
            16.3982566,
            48.2003849
          ],
          [
            16.3983996,
            48.2002833
          ],
          [
            16.3987572,
            48.1999261
          ],
          [
            16.3991661,
            48.1994543
          ],
          [
            16.3994203,
            48.1992078
          ],
          [
            16.3995949,
            48.1990503
          ],
          [
            16.3996584,
            48.1989929
          ],
          [
            16.3996965,
            48.1989584
          ]
        ]
      },
      "id": "way/34909770"
    },
    {
      "type": "Feature",
      "properties": {
        "@id": "way/34910034",
        "cycleway:right": "no",
        "dual_carriageway": "yes",
        "highway": "secondary",
        "lanes": "2",
        "lit": "yes",
        "maxspeed": "50",
        "name": "Rennweg",
        "oneway": "yes",
        "parking:left": "no",
        "sidewalk:left": "no",
        "sidewalk:right": "separate",
        "surface": "asphalt"
      },
      "geometry": {
        "type": "LineString",
        "coordinates": [
          [
            16.3949682,
            48.1919854
          ],
          [
            16.394689,
            48.1921092
          ],
          [
            16.3943108,
            48.1922725
          ]
        ]
      },
      "id": "way/34910034"
    },
    {
      "type": "Feature",
      "properties": {
        "@id": "way/34910574",
        "cycleway:left": "no",
        "cycleway:right": "lane",
        "cycleway:right:lane": "advisory",
        "highway": "primary",
        "lanes": "3",
        "lanes:backward": "2",
        "lanes:forward": "1",
        "lit": "yes",
        "maxspeed": "50",
        "name": "Simmeringer Hauptstraße",
        "note": "S.H. beginns #Rinnböckstraße /al",
        "oneway": "no",
        "sidewalk:both": "separate",
        "smoothness": "good",
        "surface": "asphalt",
        "turn:lanes:backward": "through|right"
      },
      "geometry": {
        "type": "LineString",
        "coordinates": [
          [
            16.4128114,
            48.1777388
          ],
          [
            16.4129231,
            48.1776314
          ],
          [
            16.413196,
            48.1773764
          ]
        ]
      },
      "id": "way/34910574"
    },
    {
      "type": "Feature",
      "properties": {
        "@id": "way/34910671",
        "cycleway:both": "lane",
        "cycleway:both:lane": "advisory",
        "highway": "tertiary",
        "lanes": "2",
        "lit": "yes",
        "maxspeed": "50",
        "name": "Kopalgasse",
        "sidewalk:both": "separate",
        "surface": "asphalt"
      },
      "geometry": {
        "type": "LineString",
        "coordinates": [
          [
            16.4207406,
            48.1791946
          ],
          [
            16.4208441,
            48.1792102
          ],
          [
            16.4209315,
            48.1792233
          ],
          [
            16.4211466,
            48.1792556
          ],
          [
            16.421964,
            48.1794128
          ],
          [
            16.4241333,
            48.1798282
          ],
          [
            16.4242292,
            48.179843
          ]
        ]
      },
      "id": "way/34910671"
    },
    {
      "type": "Feature",
      "properties": {
        "@id": "way/35070932",
        "cycleway": "separate",
        "highway": "tertiary",
        "lanes": "3",
        "lanes:backward": "2",
        "lanes:forward": "1",
        "lit": "yes",
        "maxspeed": "50",
        "name": "Modecenterstraße",
        "parking:both": "no",
        "sidewalk": "separate",
        "smoothness": "good",
        "source:maxspeed": "AT:urban",
        "surface": "asphalt",
        "turn:lanes:backward": "|right"
      },
      "geometry": {
        "type": "LineString",
        "coordinates": [
          [
            16.4160634,
            48.1863804
          ],
          [
            16.4159914,
            48.1863083
          ],
          [
            16.4159264,
            48.1862432
          ],
          [
            16.4158921,
            48.1862119
          ],
          [
            16.4158435,
            48.1861604
          ],
          [
            16.4156754,
            48.1859928
          ]
        ]
      },
      "id": "way/35070932"
    },
    {
      "type": "Feature",
      "properties": {
        "@id": "way/35070947",
        "cycleway:both": "separate",
        "highway": "primary",
        "lanes": "3",
        "lanes:backward": "2",
        "lanes:forward": "1",
        "lit": "yes",
        "maxspeed": "50",
        "name": "Erdbergstraße",
        "ref": "B228",
        "sidewalk": "separate",
        "surface": "asphalt",
        "turn:lanes:backward": "left|through"
      },
      "geometry": {
        "type": "LineString",
        "coordinates": [
          [
            16.4182256,
            48.1886523
          ],
          [
            16.4184194,
            48.1885364
          ],
          [
            16.4184471,
            48.1885194
          ],
          [
            16.4187493,
            48.1883332
          ],
          [
            16.4188344,
            48.188279
          ]
        ]
      },
      "id": "way/35070947"
    },
    {
      "type": "Feature",
      "properties": {
        "@id": "way/35070980",
        "cycleway:left": "separate",
        "cycleway:right": "no",
        "highway": "tertiary",
        "lanes": "2",
        "lit": "yes",
        "maxspeed": "50",
        "name": "Lautenschlägergasse",
        "sidewalk": "right",
        "sidewalk:right:surface": "asphalt",
        "smoothness": "good",
        "source:maxspeed": "AT:urban",
        "surface": "asphalt"
      },
      "geometry": {
        "type": "LineString",
        "coordinates": [
          [
            16.426321,
            48.1781183
          ],
          [
            16.4265666,
            48.1784728
          ],
          [
            16.4268331,
            48.178874
          ]
        ]
      },
      "id": "way/35070980"
    },
    {
      "type": "Feature",
      "properties": {
        "@id": "way/37637911",
        "cycleway:right": "separate",
        "highway": "tertiary",
        "lane_markings": "no",
        "lit": "yes",
        "maxspeed": "30",
        "name": "Wassergasse",
        "oneway": "yes",
        "sidewalk:left": "yes",
        "sidewalk:left:surface": "paving_stones",
        "sidewalk:right": "separate",
        "smoothness": "excellent",
        "source:maxspeed": "AT:zone:30",
        "surface": "asphalt"
      },
      "geometry": {
        "type": "LineString",
        "coordinates": [
          [
            16.3961982,
            48.2018126
          ],
          [
            16.3961356,
            48.2017495
          ],
          [
            16.3950155,
            48.2006039
          ],
          [
            16.3949576,
            48.2005447
          ],
          [
            16.3943152,
            48.1998828
          ]
        ]
      },
      "id": "way/37637911"
    },
    {
      "type": "Feature",
      "properties": {
        "@id": "way/38147716",
        "cycleway:both": "no",
        "destination": "Zentrum",
        "destination:ref": "B227",
        "destination:symbol": "centre",
        "highway": "primary",
        "lanes": "2",
        "lit": "yes",
        "maxspeed": "50",
        "name": "Schüttelstraße",
        "oneway": "yes",
        "ref": "B227",
        "sidewalk": "right",
        "sidewalk:right:surface": "asphalt",
        "smoothness": "excellent",
        "surface": "asphalt",
        "turn:lanes": "merge_to_right|"
      },
      "geometry": {
        "type": "LineString",
        "coordinates": [
          [
            16.4113665,
            48.1970029
          ],
          [
            16.411296,
            48.1970993
          ],
          [
            16.411281,
            48.197119
          ],
          [
            16.41125,
            48.1971597
          ],
          [
            16.4111125,
            48.1973456
          ],
          [
            16.4110844,
            48.1973806
          ],
          [
            16.4109418,
            48.1975699
          ]
        ]
      },
      "id": "way/38147716"
    },
    {
      "type": "Feature",
      "properties": {
        "@id": "way/38149079",
        "bus:lanes:backward": "yes|designated",
        "highway": "tertiary",
        "lanes": "3",
        "lanes:backward": "2",
        "lanes:forward": "1",
        "lit": "yes",
        "maxspeed": "30",
        "motor_vehicle:conditional": "no @ (Sa,Su,PH 00:00-24:00)",
        "name": "Stadionallee",
        "parking:both": "no",
        "sidewalk": "separate",
        "smoothness": "good",
        "source:maxspeed": "AT:zone:30",
        "surface": "asphalt",
        "taxi:lanes:backward": "yes|designated"
      },
      "geometry": {
        "type": "LineString",
        "coordinates": [
          [
            16.4156129,
            48.2015797
          ],
          [
            16.4156501,
            48.2017376
          ],
          [
            16.4157408,
            48.2021218
          ],
          [
            16.4157547,
            48.2024258
          ],
          [
            16.4157658,
            48.2031579
          ],
          [
            16.4158437,
            48.2034841
          ],
          [
            16.4159939,
            48.2038641
          ],
          [
            16.4161551,
            48.2040857
          ],
          [
            16.4161719,
            48.204105
          ]
        ]
      },
      "id": "way/38149079"
    },
    {
      "type": "Feature",
      "properties": {
        "@id": "way/38176728",
        "cycleway:both": "no",
        "destination": "Neu Marx;T-Center;St. Marxer Friedhof",
        "dual_carriageway": "yes",
        "embedded_rails": "tram|",
        "highway": "primary",
        "lanes": "2",
        "lit": "yes",
        "maxspeed": "50",
        "name": "Rennweg",
        "oneway": "yes",
        "parking:both": "no",
        "surface": "asphalt"
      },
      "geometry": {
        "type": "LineString",
        "coordinates": [
          [
            16.399751,
            48.1887861
          ],
          [
            16.3997986,
            48.1887392
          ],
          [
            16.3998054,
            48.1887321
          ],
          [
            16.3998145,
            48.1887227
          ],
          [
            16.3998738,
            48.1886613
          ],
          [
            16.3999683,
            48.1885785
          ],
          [
            16.4003465,
            48.1882471
          ],
          [
            16.4004942,
            48.1881671
          ],
          [
            16.4007936,
            48.1879099
          ],
          [
            16.4011715,
            48.1875854
          ],
          [
            16.4014301,
            48.1873633
          ]
        ]
      },
      "id": "way/38176728"
    },
    {
      "type": "Feature",
      "properties": {
        "@id": "way/38176748",
        "cycleway:right": "no",
        "dual_carriageway": "yes",
        "highway": "primary",
        "lanes": "2",
        "lit": "yes",
        "maxspeed": "50",
        "name": "Rennweg",
        "oneway": "yes",
        "parking:both": "no",
        "sidewalk:left": "no",
        "sidewalk:right": "separate",
        "smoothness": "good",
        "source:maxspeed": "AT:urban",
        "surface": "asphalt",
        "turn:lanes": "|merge_to_left"
      },
      "geometry": {
        "type": "LineString",
        "coordinates": [
          [
            16.4018271,
            48.1870222
          ],
          [
            16.401881,
            48.1869819
          ],
          [
            16.4022162,
            48.1866908
          ]
        ]
      },
      "id": "way/38176748"
    },
    {
      "type": "Feature",
      "properties": {
        "@id": "way/38176750",
        "cycleway:left": "separate",
        "cycleway:right": "no",
        "embedded_rails": "tram",
        "highway": "tertiary",
        "lanes": "3",
        "lanes:backward": "2",
        "lanes:forward": "1",
        "lit": "yes",
        "maxspeed": "30",
        "name": "Grasbergergasse",
        "parking:both": "no",
        "sidewalk:left": "separate",
        "sidewalk:right": "no",
        "smoothness": "good",
        "source:maxspeed": "AT:zone:30",
        "surface": "asphalt",
        "turn:lanes:backward": "left|right"
      },
      "geometry": {
        "type": "LineString",
        "coordinates": [
          [
            16.4018271,
            48.1870222
          ],
          [
            16.4017728,
            48.1869953
          ],
          [
            16.4017365,
            48.1869797
          ],
          [
            16.4016034,
            48.1869228
          ],
          [
            16.4011445,
            48.1867264
          ],
          [
            16.4010181,
            48.186676
          ]
        ]
      },
      "id": "way/38176750"
    },
    {
      "type": "Feature",
      "properties": {
        "@id": "way/38176761",
        "highway": "tertiary",
        "lanes": "2",
        "lit": "yes",
        "maxspeed": "30",
        "name": "Leberstraße",
        "sidewalk": "both",
        "sidewalk:both:surface": "asphalt",
        "source:maxspeed": "AT:zone:30",
        "surface": "asphalt"
      },
      "geometry": {
        "type": "LineString",
        "coordinates": [
          [
            16.4025572,
            48.1849976
          ],
          [
            16.4020259,
            48.1855792
          ],
          [
            16.4015023,
            48.1861514
          ],
          [
            16.4013996,
            48.1862453
          ],
          [
            16.4012877,
            48.186346
          ],
          [
            16.4011189,
            48.1864843
          ],
          [
            16.4010425,
            48.1865332
          ],
          [
            16.4009722,
            48.1865851
          ]
        ]
      },
      "id": "way/38176761"
    },
    {
      "type": "Feature",
      "properties": {
        "@id": "way/39008064",
        "highway": "primary",
        "lanes": "2",
        "lanes:backward": "1",
        "lanes:forward": "1",
        "lit": "yes",
        "maxheight": "default",
        "maxspeed": "50",
        "name": "Handelskai",
        "ref": "B14",
        "source:maxspeed": "AT:urban",
        "surface": "asphalt"
      },
      "geometry": {
        "type": "LineString",
        "coordinates": [
          [
            16.4396364,
            48.2008211
          ],
          [
            16.4397302,
            48.2007496
          ],
          [
            16.4398742,
            48.2006397
          ],
          [
            16.4401401,
            48.2004389
          ],
          [
            16.440521,
            48.2001513
          ],
          [
            16.4408206,
            48.199925
          ],
          [
            16.4409764,
            48.1998099
          ],
          [
            16.4411946,
            48.1996726
          ],
          [
            16.4414556,
            48.1995084
          ],
          [
            16.4422405,
            48.199023
          ],
          [
            16.4446581,
            48.1973917
          ]
        ]
      },
      "id": "way/39008064"
    },
    {
      "type": "Feature",
      "properties": {
        "@id": "way/39890135",
        "highway": "tertiary",
        "lanes": "3",
        "lanes:backward": "2",
        "lanes:forward": "1",
        "lit": "yes",
        "maxspeed": "50",
        "name": "Erdbergstraße",
        "sidewalk": "both",
        "smoothness": "good",
        "source:maxspeed": "AT:urban",
        "surface": "asphalt",
        "turn:lanes:backward": "left|through"
      },
      "geometry": {
        "type": "LineString",
        "coordinates": [
          [
            16.4024495,
            48.1974411
          ],
          [
            16.4025707,
            48.1973914
          ],
          [
            16.4028515,
            48.1972803
          ]
        ]
      },
      "id": "way/39890135"
    },
    {
      "type": "Feature",
      "properties": {
        "@id": "way/41548947",
        "cycleway:right": "no",
        "dual_carriageway": "yes",
        "highway": "primary",
        "lanes": "2",
        "lit": "yes",
        "maxspeed": "50",
        "noname": "yes",
        "oneway": "yes",
        "sidewalk": "right",
        "source:maxspeed": "AT:urban",
        "surface": "concrete",
        "turn:lanes": "left|left;right"
      },
      "geometry": {
        "type": "LineString",
        "coordinates": [
          [
            16.4342797,
            48.2033571
          ],
          [
            16.4343739,
            48.2034153
          ],
          [
            16.4344125,
            48.2034387
          ],
          [
            16.4349997,
            48.2037973
          ],
          [
            16.4351244,
            48.2038765
          ]
        ]
      },
      "id": "way/41548947"
    },
    {
      "type": "Feature",
      "properties": {
        "@id": "way/41548949",
        "highway": "primary_link",
        "maxspeed": "50",
        "noname": "yes",
        "oneway": "yes",
        "surface": "asphalt"
      },
      "geometry": {
        "type": "LineString",
        "coordinates": [
          [
            16.4346722,
            48.2041341
          ],
          [
            16.4347292,
            48.2040157
          ],
          [
            16.434758,
            48.2039553
          ],
          [
            16.4347781,
            48.2039048
          ],
          [
            16.4347878,
            48.2038631
          ],
          [
            16.4347902,
            48.2038526
          ],
          [
            16.4347922,
            48.2038097
          ],
          [
            16.4347813,
            48.2037484
          ]
        ]
      },
      "id": "way/41548949"
    },
    {
      "type": "Feature",
      "properties": {
        "@id": "way/41549161",
        "cycleway:both": "no",
        "dual_carriageway": "yes",
        "highway": "primary",
        "lanes": "2",
        "lit": "yes",
        "maxspeed": "30",
        "name": "Johann-Böhm-Platz",
        "oneway": "yes",
        "parking:both": "no",
        "sidewalk:left": "no",
        "sidewalk:right": "separate",
        "smoothness": "good",
        "source:maxspeed": "AT:zone:30",
        "surface": "concrete:plates"
      },
      "geometry": {
        "type": "LineString",
        "coordinates": [
          [
            16.4313119,
            48.2055113
          ],
          [
            16.4313895,
            48.205558
          ],
          [
            16.4319382,
            48.2059024
          ],
          [
            16.4320777,
            48.2059907
          ]
        ]
      },
      "id": "way/41549161"
    },
    {
      "type": "Feature",
      "properties": {
        "@id": "way/41669393",
        "highway": "primary",
        "lanes": "1",
        "lit": "yes",
        "maxspeed": "30",
        "name": "Erdberger Lände",
        "oneway": "yes",
        "ref": "B227",
        "smoothness": "good",
        "source:maxspeed": "AT:zone:30",
        "surface": "asphalt"
      },
      "geometry": {
        "type": "LineString",
        "coordinates": [
          [
            16.4084071,
            48.1982581
          ],
          [
            16.4085308,
            48.1980998
          ],
          [
            16.408835,
            48.1977107
          ],
          [
            16.4089711,
            48.1975229
          ],
          [
            16.4094404,
            48.1968753
          ],
          [
            16.4095763,
            48.1967083
          ]
        ]
      },
      "id": "way/41669393"
    },
    {
      "type": "Feature",
      "properties": {
        "@id": "way/45753285",
        "bridge": "yes",
        "change:lanes": "no|not_left|yes|yes",
        "cycleway:both": "no",
        "destination": "Praha;Brno;Gänserndorf;Handelskai;Zentrum;Erdberg;Budapest;Bratislava;Alt Simmering",
        "destination:country": "CZ;H;SK",
        "destination:ref": "A23;A22;S1;A5;B8;B14;A4;B228",
        "destination:symbol": "centre;airport",
        "hgv:lanes:conditional": "yes|no|yes|yes @ (weight>7.5)",
        "highway": "motorway",
        "int_ref": "E 59",
        "lanes": "4",
        "layer": "1",
        "lit": "yes",
        "maxspeed": "80",
        "maxspeed:hgv:conditional": "60 @ (weight>7.5)",
        "maxspeed:variable": "peak_traffic",
        "name": "Hochstraße St. Marx",
        "oneway": "yes",
        "placement": "middle_of:3",
        "ref": "A23",
        "toll": "yes"
      },
      "geometry": {
        "type": "LineString",
        "coordinates": [
          [
            16.4053617,
            48.1850233
          ],
          [
            16.4054225,
            48.1850976
          ]
        ]
      },
      "id": "way/45753285"
    },
    {
      "type": "Feature",
      "properties": {
        "@id": "way/45869320",
        "cycleway:both": "no",
        "dual_carriageway": "yes",
        "foot": "no",
        "highway": "primary",
        "lanes": "3",
        "lit": "yes",
        "maxspeed": "50",
        "name": "Landstraßer Hauptstraße",
        "oneway": "yes",
        "parking:left": "no",
        "ref": "B221",
        "shoulder": "no",
        "sidewalk": "none",
        "source:maxspeed": "AT:urban",
        "surface": "asphalt",
        "turn:lanes": "left|through|through;right"
      },
      "geometry": {
        "type": "LineString",
        "coordinates": [
          [
            16.3982492,
            48.1875139
          ],
          [
            16.3986906,
            48.1878661
          ],
          [
            16.398754,
            48.1878953
          ],
          [
            16.3987934,
            48.1879134
          ],
          [
            16.3988905,
            48.1879356
          ],
          [
            16.3989661,
            48.1879528
          ]
        ]
      },
      "id": "way/45869320"
    },
    {
      "type": "Feature",
      "properties": {
        "@id": "way/46738181",
        "cycleway:both": "no",
        "highway": "primary",
        "lanes": "3",
        "lit": "yes",
        "maxspeed": "50",
        "name": "Schüttelstraße",
        "oneway": "yes",
        "ref": "B227",
        "sidewalk": "separate",
        "smoothness": "excellent",
        "surface": "asphalt",
        "turn:lanes": "||merge_to_left"
      },
      "geometry": {
        "type": "LineString",
        "coordinates": [
          [
            16.3980181,
            48.206073
          ],
          [
            16.398015,
            48.2061029
          ],
          [
            16.3980112,
            48.2061357
          ],
          [
            16.3980001,
            48.2062152
          ],
          [
            16.3979914,
            48.2062797
          ]
        ]
      },
      "id": "way/46738181"
    },
    {
      "type": "Feature",
      "properties": {
        "@id": "way/48555336",
        "highway": "motorway_link",
        "int_ref": "E 58",
        "lanes": "2",
        "lit": "yes",
        "maxspeed": "50",
        "oneway": "yes",
        "source:maxspeed": "sign",
        "toll": "yes"
      },
      "geometry": {
        "type": "LineString",
        "coordinates": [
          [
            16.4103358,
            48.1981312
          ],
          [
            16.4103167,
            48.1982009
          ],
          [
            16.4102881,
            48.1982868
          ],
          [
            16.410258,
            48.1983503
          ],
          [
            16.4101936,
            48.1984582
          ]
        ]
      },
      "id": "way/48555336"
    },
    {
      "type": "Feature",
      "properties": {
        "@id": "way/48555355",
        "highway": "motorway",
        "int_ref": "E 58",
        "lanes": "2",
        "lit": "yes",
        "maxheight": "default",
        "maxspeed": "70",
        "name": "Ost Autobahn",
        "official_ref": "A41",
        "oneway": "yes",
        "ref": "A4",
        "source:maxspeed": "sign",
        "toll": "yes",
        "turn:lanes": "through|through;right"
      },
      "geometry": {
        "type": "LineString",
        "coordinates": [
          [
            16.4094214,
            48.1973203
          ],
          [
            16.409941,
            48.1967522
          ],
          [
            16.410557,
            48.1961811
          ],
          [
            16.4107592,
            48.1960212
          ],
          [
            16.411112,
            48.1957615
          ],
          [
            16.4113017,
            48.195614
          ],
          [
            16.4113723,
            48.1955516
          ]
        ]
      },
      "id": "way/48555355"
    },
    {
      "type": "Feature",
      "properties": {
        "@id": "way/52250119",
        "cycleway:both": "no",
        "highway": "tertiary",
        "lanes": "2",
        "lit": "yes",
        "maxheight": "default",
        "maxspeed": "50",
        "name": "Adolf-Blamauer-Gasse",
        "name:etymology:wikidata": "Q360989",
        "name:etymology:wikipedia": "de:Adolf Blamauer",
        "sidewalk:left": "separate",
        "sidewalk:right": "yes",
        "surface": "asphalt"
      },
      "geometry": {
        "type": "LineString",
        "coordinates": [
          [
            16.3907496,
            48.1924576
          ],
          [
            16.3908495,
            48.1923412
          ],
          [
            16.3912628,
            48.1917959
          ],
          [
            16.3914327,
            48.1915102
          ],
          [
            16.3915718,
            48.1912106
          ],
          [
            16.3916032,
            48.1911107
          ],
          [
            16.3916726,
            48.1908893
          ],
          [
            16.3917253,
            48.1905256
          ],
          [
            16.3917366,
            48.1902763
          ],
          [
            16.3917165,
            48.1899686
          ],
          [
            16.3916977,
            48.1898718
          ],
          [
            16.3916562,
            48.1896797
          ],
          [
            16.3915867,
            48.1894379
          ],
          [
            16.3914423,
            48.1891357
          ],
          [
            16.3914186,
            48.189086
          ]
        ]
      },
      "id": "way/52250119"
    },
    {
      "type": "Feature",
      "properties": {
        "@id": "way/54858215",
        "cycleway:both": "no",
        "highway": "tertiary",
        "lanes": "3",
        "lit": "yes",
        "maxspeed": "50",
        "name": "Döblerhofstraße",
        "oneway": "yes",
        "parking:both": "no",
        "sidewalk:left": "no",
        "sidewalk:right": "separate",
        "smoothness": "good",
        "surface": "asphalt",
        "turn:lanes": "through|through|right"
      },
      "geometry": {
        "type": "LineString",
        "coordinates": [
          [
            16.4151844,
            48.1855029
          ],
          [
            16.4150147,
            48.1855344
          ],
          [
            16.4145378,
            48.185623
          ]
        ]
      },
      "id": "way/54858215"
    },
    {
      "type": "Feature",
      "properties": {
        "@id": "way/59000236",
        "cycleway:both": "separate",
        "highway": "primary",
        "lanes": "2",
        "lit": "yes",
        "maxspeed": "50",
        "name": "Erdbergstraße",
        "sidewalk:left": "no",
        "sidewalk:right": "separate",
        "source": "wien.gv.at",
        "surface": "asphalt"
      },
      "geometry": {
        "type": "LineString",
        "coordinates": [
          [
            16.4307803,
            48.185872
          ],
          [
            16.4310287,
            48.1857952
          ],
          [
            16.4310827,
            48.1857664
          ],
          [
            16.4311573,
            48.1857071
          ]
        ]
      },
      "id": "way/59000236"
    },
    {
      "type": "Feature",
      "properties": {
        "@id": "way/101071610",
        "carriageway_ref": "30",
        "highway": "motorway_link",
        "lit": "yes",
        "oneway": "yes",
        "toll": "yes"
      },
      "geometry": {
        "type": "LineString",
        "coordinates": [
          [
            16.4085041,
            48.1881932
          ],
          [
            16.4082194,
            48.1880419
          ],
          [
            16.4080505,
            48.1879149
          ],
          [
            16.4079282,
            48.1877869
          ],
          [
            16.407853,
            48.1876588
          ],
          [
            16.4078415,
            48.1875421
          ],
          [
            16.4078659,
            48.1874475
          ],
          [
            16.4079157,
            48.1873626
          ],
          [
            16.408017,
            48.1872692
          ],
          [
            16.4081443,
            48.1872061
          ],
          [
            16.4083657,
            48.187136
          ],
          [
            16.4087569,
            48.1870532
          ]
        ]
      },
      "id": "way/101071610"
    },
    {
      "type": "Feature",
      "properties": {
        "@id": "way/101088654",
        "carriageway_ref": "23",
        "highway": "motorway_link",
        "lanes": "2",
        "maxheight": "default",
        "maxspeed": "80",
        "maxspeed:hgv:conditional": "60 @ (weight>7.5)",
        "maxspeed:variable": "peak_traffic",
        "oneway": "yes",
        "surface": "asphalt",
        "toll": "yes"
      },
      "geometry": {
        "type": "LineString",
        "coordinates": [
          [
            16.4015679,
            48.1809098
          ],
          [
            16.4014133,
            48.1809131
          ],
          [
            16.4012449,
            48.180926
          ],
          [
            16.4010347,
            48.1809574
          ],
          [
            16.4008105,
            48.181011
          ],
          [
            16.4005987,
            48.1810831
          ],
          [
            16.4003982,
            48.1811734
          ],
          [
            16.4002152,
            48.1812814
          ],
          [
            16.4000626,
            48.1814032
          ],
          [
            16.3999203,
            48.18154
          ],
          [
            16.3998026,
            48.1816801
          ],
          [
            16.3996033,
            48.1819766
          ],
          [
            16.3994203,
            48.1822467
          ]
        ]
      },
      "id": "way/101088654"
    },
    {
      "type": "Feature",
      "properties": {
        "@id": "way/101088662",
        "bridge": "yes",
        "carriageway_ref": "20",
        "highway": "motorway_link",
        "lanes": "2",
        "layer": "3",
        "maxspeed": "80",
        "oneway": "yes",
        "surface": "asphalt",
        "toll": "yes",
        "turn:lanes": "merge_to_right|through"
      },
      "geometry": {
        "type": "LineString",
        "coordinates": [
          [
            16.4016903,
            48.1795048
          ],
          [
            16.401775,
            48.1796385
          ],
          [
            16.4018284,
            48.179762
          ],
          [
            16.4018638,
            48.1798679
          ],
          [
            16.4018866,
            48.1800203
          ],
          [
            16.4018839,
            48.1801672
          ],
          [
            16.4018524,
            48.1803234
          ],
          [
            16.4017832,
            48.1804854
          ],
          [
            16.4016843,
            48.1806383
          ],
          [
            16.4015729,
            48.1807588
          ],
          [
            16.4014223,
            48.1808918
          ],
          [
            16.4012466,
            48.181008
          ],
          [
            16.4010602,
            48.1811139
          ],
          [
            16.4008309,
            48.1812341
          ]
        ]
      },
      "id": "way/101088662"
    },
    {
      "type": "Feature",
      "properties": {
        "@id": "way/101088667",
        "bridge": "yes",
        "carriageway_ref": "21",
        "highway": "motorway_link",
        "lanes": "1",
        "oneway": "yes",
        "toll": "yes"
      },
      "geometry": {
        "type": "LineString",
        "coordinates": [
          [
            16.4022019,
            48.1806742
          ],
          [
            16.4023991,
            48.1807128
          ],
          [
            16.4025688,
            48.1807615
          ],
          [
            16.4027292,
            48.1808226
          ],
          [
            16.4028654,
            48.1808873
          ],
          [
            16.4030002,
            48.1809624
          ],
          [
            16.4031212,
            48.1810416
          ],
          [
            16.4032303,
            48.1811286
          ],
          [
            16.4033333,
            48.1812258
          ],
          [
            16.4034406,
            48.1813394
          ],
          [
            16.4035264,
            48.1814437
          ],
          [
            16.4036268,
            48.1815849
          ]
        ]
      },
      "id": "way/101088667"
    },
    {
      "type": "Feature",
      "properties": {
        "@id": "way/101088683",
        "bridge": "yes",
        "carriageway_ref": "24",
        "highway": "motorway_link",
        "lanes": "1",
        "layer": "2",
        "maxspeed": "80",
        "oneway": "yes",
        "toll": "yes"
      },
      "geometry": {
        "type": "LineString",
        "coordinates": [
          [
            16.4039081,
            48.1812098
          ],
          [
            16.4039851,
            48.1813364
          ],
          [
            16.4040443,
            48.1814494
          ],
          [
            16.4040933,
            48.1815591
          ],
          [
            16.4041377,
            48.1816869
          ],
          [
            16.4041744,
            48.1818305
          ],
          [
            16.4041964,
            48.181969
          ],
          [
            16.4042074,
            48.1821244
          ],
          [
            16.4042244,
            48.1824759
          ],
          [
            16.404243,
            48.1826188
          ]
        ]
      },
      "id": "way/101088683"
    },
    {
      "type": "Feature",
      "properties": {
        "@id": "way/101088692",
        "bridge": "yes",
        "carriageway_ref": "22",
        "highway": "motorway_link",
        "lanes": "1",
        "layer": "2",
        "oneway": "yes",
        "toll": "yes"
      },
      "geometry": {
        "type": "LineString",
        "coordinates": [
          [
            16.4003357,
            48.1804594
          ],
          [
            16.400385,
            48.1802945
          ],
          [
            16.4004081,
            48.1801701
          ],
          [
            16.4004222,
            48.1800334
          ],
          [
            16.4004204,
            48.1798996
          ],
          [
            16.4004063,
            48.1797833
          ],
          [
            16.4003565,
            48.1795281
          ],
          [
            16.4001101,
            48.1784937
          ],
          [
            16.4000744,
            48.1783351
          ],
          [
            16.4000183,
            48.1780819
          ]
        ]
      },
      "id": "way/101088692"
    },
    {
      "type": "Feature",
      "properties": {
        "@id": "way/103121838",
        "cycleway:both": "no",
        "dual_carriageway": "yes",
        "highway": "primary",
        "lanes": "2",
        "lit": "yes",
        "maxspeed": "50",
        "name": "Franzosengraben",
        "oneway": "yes",
        "ref": "B228",
        "sidewalk:left": "no",
        "sidewalk:right": "separate",
        "smoothness": "good",
        "source:maxspeed": "AT:urban",
        "surface": "asphalt"
      },
      "geometry": {
        "type": "LineString",
        "coordinates": [
          [
            16.4151249,
            48.188993
          ],
          [
            16.4145589,
            48.1885259
          ],
          [
            16.4140161,
            48.1880456
          ]
        ]
      },
      "id": "way/103121838"
    },
    {
      "type": "Feature",
      "properties": {
        "@id": "way/104626206",
        "bridge": "yes",
        "cycleway:both": "no",
        "hgv:lanes:conditional": "no|yes|yes|yes @ (weight>7.5)",
        "highway": "motorway",
        "int_ref": "E 59",
        "lanes": "4",
        "layer": "2",
        "lit": "yes",
        "maxspeed": "80",
        "maxspeed:hgv:conditional": "60 @ (weight>7.5)",
        "maxspeed:variable": "peak_traffic",
        "name": "Hochstraße St. Marx",
        "oneway": "yes",
        "placement": "middle_of:3",
        "ref": "A23",
        "toll": "yes"
      },
      "geometry": {
        "type": "LineString",
        "coordinates": [
          [
            16.406066,
            48.1857571
          ],
          [
            16.4063154,
            48.1859595
          ],
          [
            16.4066409,
            48.1862057
          ],
          [
            16.4069441,
            48.186418
          ],
          [
            16.4073812,
            48.1867185
          ],
          [
            16.4097482,
            48.1883371
          ]
        ]
      },
      "id": "way/104626206"
    },
    {
      "type": "Feature",
      "properties": {
        "@id": "way/104627816",
        "bridge": "yes",
        "cycleway:both": "no",
        "destination:country:lanes": "IT;SI;DE|IT;SI;DE|IT;SI;DE|none",
        "hgv:lanes:conditional": "no|yes|yes|yes @ (weight>7.5)",
        "highway": "motorway",
        "int_ref": "E 59",
        "lanes": "4",
        "layer": "2",
        "lit": "yes",
        "maxspeed": "80",
        "maxspeed:hgv:conditional": "60 @ (weight>7.5)",
        "maxspeed:variable": "peak_traffic",
        "name": "Hochstraße St. Marx",
        "oneway": "yes",
        "placement": "middle_of:2",
        "ref": "A23",
        "toll": "yes"
      },
      "geometry": {
        "type": "LineString",
        "coordinates": [
          [
            16.410468,
            48.1890275
          ],
          [
            16.4067978,
            48.1865192
          ],
          [
            16.4064873,
            48.1863003
          ],
          [
            16.4063181,
            48.1861758
          ],
          [
            16.4061192,
            48.1860221
          ],
          [
            16.4059028,
            48.1858447
          ]
        ]
      },
      "id": "way/104627816"
    },
    {
      "type": "Feature",
      "properties": {
        "@id": "way/104787732",
        "cycleway:both": "no",
        "dual_carriageway": "yes",
        "foot": "no",
        "highway": "secondary",
        "lanes": "2",
        "lit": "yes",
        "maxspeed": "50",
        "name": "Rennweg",
        "oneway": "yes",
        "parking:both": "no",
        "shoulder": "no",
        "sidewalk": "none",
        "smoothness": "intermediate",
        "surface": "asphalt"
      },
      "geometry": {
        "type": "LineString",
        "coordinates": [
          [
            16.3998726,
            48.1889364
          ],
          [
            16.3998026,
            48.1889868
          ],
          [
            16.3997843,
            48.1889999
          ],
          [
            16.3997666,
            48.1890126
          ],
          [
            16.3997568,
            48.1890193
          ],
          [
            16.3997305,
            48.1890489
          ]
        ]
      },
      "id": "way/104787732"
    },
    {
      "type": "Feature",
      "properties": {
        "@id": "way/104787735",
        "cycleway:both": "no",
        "embedded_rails": "tram",
        "highway": "primary",
        "lanes": "3",
        "lanes:backward": "2",
        "lanes:forward": "1",
        "lit": "yes",
        "maxspeed": "50",
        "name": "Schlachthausgasse",
        "ref": "B221",
        "sidewalk": "both",
        "surface": "concrete",
        "turn:lanes:backward": "left|through;right"
      },
      "geometry": {
        "type": "LineString",
        "coordinates": [
          [
            16.4047112,
            48.1932905
          ],
          [
            16.4046379,
            48.1932355
          ],
          [
            16.4046122,
            48.1932162
          ],
          [
            16.4042828,
            48.1929688
          ],
          [
            16.4038534,
            48.1926364
          ]
        ]
      },
      "id": "way/104787735"
    },
    {
      "type": "Feature",
      "properties": {
        "@id": "way/104999413",
        "cycleway:both": "separate",
        "destination": "Anschlussstelle Simmeringer Haide",
        "dual_carriageway": "yes",
        "highway": "primary",
        "lanes": "2",
        "lit": "yes",
        "maxspeed": "50",
        "name": "Haidestraße",
        "oneway": "yes",
        "ref": "B228",
        "sidewalk:left": "no",
        "sidewalk:right": "separate",
        "surface": "asphalt"
      },
      "geometry": {
        "type": "LineString",
        "coordinates": [
          [
            16.4271675,
            48.1793665
          ],
          [
            16.4272111,
            48.1792847
          ],
          [
            16.4272687,
            48.1792458
          ],
          [
            16.4274159,
            48.1791869
          ],
          [
            16.4274896,
            48.1791703
          ]
        ]
      },
      "id": "way/104999413"
    },
    {
      "type": "Feature",
      "properties": {
        "@id": "way/104999414",
        "cycleway:left": "separate",
        "cycleway:right": "no",
        "highway": "tertiary",
        "lanes": "3",
        "lanes:backward": "1",
        "lanes:forward": "2",
        "lit": "yes",
        "maxspeed": "50",
        "name": "Lautenschlägergasse",
        "sidewalk": "separate",
        "source:maxspeed": "AT:urban",
        "surface": "asphalt",
        "turn:lanes:forward": "left|through;right"
      },
      "geometry": {
        "type": "LineString",
        "coordinates": [
          [
            16.4270078,
            48.1791369
          ],
          [
            16.4270551,
            48.1792009
          ],
          [
            16.4270928,
            48.1792521
          ]
        ]
      },
      "id": "way/104999414"
    },
    {
      "type": "Feature",
      "properties": {
        "@id": "way/104999418",
        "cycleway:both": "separate",
        "dual_carriageway": "yes",
        "highway": "primary",
        "lanes": "2",
        "lit": "yes",
        "maxspeed": "50",
        "name": "Haidestraße",
        "oneway": "yes",
        "ref": "B228",
        "sidewalk:left": "no",
        "sidewalk:right": "separate",
        "surface": "asphalt",
        "turn:lanes": "left|"
      },
      "geometry": {
        "type": "LineString",
        "coordinates": [
          [
            16.4278332,
            48.1790938
          ],
          [
            16.4281939,
            48.1790296
          ]
        ]
      },
      "id": "way/104999418"
    },
    {
      "type": "Feature",
      "properties": {
        "@id": "way/120673836",
        "highway": "motorway",
        "int_ref": "E 58",
        "lanes": "2",
        "lit": "yes",
        "maxspeed": "80",
        "maxspeed:variable": "yes",
        "name": "Ost Autobahn",
        "oneway": "yes",
        "ref": "A4",
        "toll": "yes"
      },
      "geometry": {
        "type": "LineString",
        "coordinates": [
          [
            16.4388128,
            48.1848277
          ],
          [
            16.4343135,
            48.1861426
          ]
        ]
      },
      "id": "way/120673836"
    },
    {
      "type": "Feature",
      "properties": {
        "@id": "way/120906988",
        "cycleway:right": "separate",
        "dual_carriageway": "yes",
        "highway": "primary",
        "lanes": "1",
        "lit": "yes",
        "maxspeed": "50",
        "name": "Landstraßer Gürtel",
        "oneway": "yes",
        "parking:both": "no",
        "ref": "B221",
        "sidewalk": "separate",
        "surface": "concrete"
      },
      "geometry": {
        "type": "LineString",
        "coordinates": [
          [
            16.3965365,
            48.1862533
          ],
          [
            16.3963561,
            48.1861939
          ],
          [
            16.3963079,
            48.1861858
          ],
          [
            16.3962887,
            48.1861825
          ],
          [
            16.3962284,
            48.1861796
          ],
          [
            16.3961814,
            48.1861829
          ],
          [
            16.3961308,
            48.186191
          ],
          [
            16.3960752,
            48.1862028
          ]
        ]
      },
      "id": "way/120906988"
    },
    {
      "type": "Feature",
      "properties": {
        "@id": "way/127061647",
        "destination": "Simmeringer Hauptstraße",
        "dual_carriageway": "yes",
        "highway": "primary",
        "lanes": "3",
        "lit": "yes",
        "maxspeed": "50",
        "name": "Franzosengraben",
        "oneway": "yes",
        "parking:both": "no",
        "sidewalk:left": "no",
        "sidewalk:right": "separate",
        "smoothness": "good",
        "surface": "asphalt",
        "turn:lanes": "||merge_to_left"
      },
      "geometry": {
        "type": "LineString",
        "coordinates": [
          [
            16.4128531,
            48.1859299
          ],
          [
            16.4130074,
            48.1860267
          ],
          [
            16.4131205,
            48.1862315
          ]
        ]
      },
      "id": "way/127061647"
    },
    {
      "type": "Feature",
      "properties": {
        "@id": "way/127061650",
        "cycleway:both": "lane",
        "cycleway:both:lane": "exclusive",
        "highway": "tertiary",
        "lanes": "3",
        "lanes:backward": "2",
        "lanes:forward": "1",
        "lit": "yes",
        "maxspeed": "50",
        "name": "Modecenterstraße",
        "parking:both": "no",
        "sidewalk": "separate",
        "smoothness": "good",
        "source:maxspeed": "AT:urban",
        "surface": "asphalt"
      },
      "geometry": {
        "type": "LineString",
        "coordinates": [
          [
            16.4151844,
            48.1855029
          ],
          [
            16.4150918,
            48.1853922
          ]
        ]
      },
      "id": "way/127061650"
    },
    {
      "type": "Feature",
      "properties": {
        "@id": "way/147444468",
        "admin_level": "9",
        "boundary": "administrative",
        "cycleway:both": "separate",
        "highway": "primary",
        "lanes": "2",
        "lit": "yes",
        "maxspeed": "50",
        "name": "Erdbergstraße",
        "ref": "B228",
        "sidewalk:left": "yes",
        "sidewalk:right": "separate",
        "smoothness": "good",
        "surface": "asphalt"
      },
      "geometry": {
        "type": "LineString",
        "coordinates": [
          [
            16.422393,
            48.1863709
          ],
          [
            16.4226096,
            48.186311
          ],
          [
            16.4227547,
            48.1862766
          ],
          [
            16.4228499,
            48.1862556
          ],
          [
            16.4236347,
            48.1860848
          ]
        ]
      },
      "id": "way/147444468"
    },
    {
      "type": "Feature",
      "properties": {
        "@id": "way/148332760",
        "cycleway:both": "no",
        "embedded_rails": "tram",
        "highway": "tertiary",
        "lane_markings": "no",
        "lit": "yes",
        "maxspeed": "50",
        "name": "Erdbergstraße",
        "sidewalk": "both",
        "source:maxspeed": "AT:urban",
        "surface": "asphalt"
      },
      "geometry": {
        "type": "LineString",
        "coordinates": [
          [
            16.4056238,
            48.1964751
          ],
          [
            16.4058991,
            48.196428
          ],
          [
            16.4066248,
            48.1962933
          ],
          [
            16.4067384,
            48.1962361
          ],
          [
            16.4068102,
            48.1961914
          ],
          [
            16.4070952,
            48.1959532
          ]
        ]
      },
      "id": "way/148332760"
    },
    {
      "type": "Feature",
      "properties": {
        "@id": "way/148332762",
        "cycleway:both": "no",
        "embedded_rails": "tram",
        "highway": "primary",
        "lanes": "3",
        "lanes:backward": "1",
        "lanes:forward": "2",
        "lit": "yes",
        "maxspeed": "50",
        "name": "Schlachthausgasse",
        "ref": "B221",
        "sidewalk:both": "separate",
        "smoothness": "good",
        "source:maxspeed": "AT:urban",
        "surface": "concrete",
        "turn:lanes:forward": "left|through"
      },
      "geometry": {
        "type": "LineString",
        "coordinates": [
          [
            16.4094246,
            48.1960103
          ],
          [
            16.4093469,
            48.1959706
          ],
          [
            16.4088921,
            48.1957383
          ]
        ]
      },
      "id": "way/148332762"
    },
    {
      "type": "Feature",
      "properties": {
        "@id": "way/148332763",
        "check_date:cycleway": "2022-10-06",
        "cycleway:both": "no",
        "embedded_rails": "tram",
        "highway": "primary",
        "lanes": "2",
        "lanes:backward": "1",
        "lanes:forward": "1",
        "lit": "yes",
        "maxspeed": "50",
        "name": "Schlachthausgasse",
        "ref": "B221",
        "sidewalk:both": "separate",
        "smoothness": "good",
        "surface": "asphalt",
        "trolley_wire": "yes"
      },
      "geometry": {
        "type": "LineString",
        "coordinates": [
          [
            16.4065836,
            48.1945712
          ],
          [
            16.4065251,
            48.194533
          ],
          [
            16.4063915,
            48.1944557
          ],
          [
            16.4059147,
            48.1941289
          ],
          [
            16.4056065,
            48.1939173
          ],
          [
            16.4048195,
            48.1933664
          ],
          [
            16.4047869,
            48.1933435
          ],
          [
            16.4047112,
            48.1932905
          ]
        ]
      },
      "id": "way/148332763"
    },
    {
      "type": "Feature",
      "properties": {
        "@id": "way/148332764",
        "cycleway:both": "no",
        "embedded_rails": "tram",
        "highway": "primary",
        "lanes": "3",
        "lanes:backward": "2",
        "lanes:forward": "1",
        "lit": "yes",
        "maxspeed": "50",
        "name": "Schlachthausgasse",
        "ref": "B221",
        "sidewalk": "separate",
        "smoothness": "good",
        "source:maxspeed": "AT:urban",
        "surface": "asphalt",
        "trolley_wire": "yes",
        "turn:lanes:backward": "through|right"
      },
      "geometry": {
        "type": "LineString",
        "coordinates": [
          [
            16.4079906,
            48.1952787
          ],
          [
            16.4079762,
            48.195272
          ],
          [
            16.4078607,
            48.1952176
          ],
          [
            16.4078448,
            48.1952098
          ],
          [
            16.4078307,
            48.1952028
          ],
          [
            16.407808,
            48.1951916
          ],
          [
            16.4074939,
            48.1950366
          ],
          [
            16.407463,
            48.1950212
          ]
        ]
      },
      "id": "way/148332764"
    },
    {
      "type": "Feature",
      "properties": {
        "@id": "way/148333074",
        "highway": "tertiary",
        "lanes": "2",
        "lanes:backward": "1",
        "lanes:forward": "1",
        "lit": "yes",
        "maxspeed": "50",
        "name": "Erdbergstraße",
        "sidewalk": "separate",
        "smoothness": "intermediate",
        "source:maxspeed": "AT:urban",
        "surface": "asphalt",
        "trolley_wire": "yes"
      },
      "geometry": {
        "type": "LineString",
        "coordinates": [
          [
            16.4079906,
            48.1952787
          ],
          [
            16.4080632,
            48.1951949
          ],
          [
            16.4080818,
            48.1951748
          ],
          [
            16.4080971,
            48.1951625
          ],
          [
            16.4082651,
            48.1950274
          ],
          [
            16.408722,
            48.1946963
          ],
          [
            16.4087381,
            48.1946847
          ]
        ]
      },
      "id": "way/148333074"
    },
    {
      "type": "Feature",
      "properties": {
        "@id": "way/148491881",
        "destination:lanes": "none|none|Alt Simmering;Gasometer City",
        "highway": "motorway",
        "int_ref": "E 58",
        "lanes": "3",
        "lit": "yes",
        "maxspeed": "80",
        "maxspeed:variable": "peak_traffic",
        "name": "Ost Autobahn",
        "oneway": "yes",
        "ref": "A4",
        "toll": "yes",
        "turn:lanes": "none|none|slight_right"
      },
      "geometry": {
        "type": "LineString",
        "coordinates": [
          [
            16.4265685,
            48.1872819
          ],
          [
            16.4274826,
            48.1869856
          ]
        ]
      },
      "id": "way/148491881"
    },
    {
      "type": "Feature",
      "properties": {
        "@id": "way/148491882",
        "change:lanes": "no|yes|yes",
        "highway": "motorway",
        "int_ref": "E 58",
        "lanes": "3",
        "lit": "yes",
        "maxheight": "default",
        "maxspeed": "80",
        "name": "Ost Autobahn",
        "oneway": "yes",
        "placement": "right_of:1",
        "ref": "A4",
        "source:maxspeed": "sign",
        "toll": "yes"
      },
      "geometry": {
        "type": "LineString",
        "coordinates": [
          [
            16.4191209,
            48.1907725
          ],
          [
            16.4197182,
            48.1904232
          ]
        ]
      },
      "id": "way/148491882"
    },
    {
      "type": "Feature",
      "properties": {
        "@id": "way/148491883",
        "destination:lanes": "Zentrum|Zentrum|Erdberg",
        "destination:ref:lanes": "B227|B227|B221",
        "highway": "motorway",
        "int_ref": "E 58",
        "lanes": "3",
        "maxspeed": "80",
        "maxspeed:variable": "yes",
        "name": "Ost Autobahn",
        "official_ref": "A41",
        "oneway": "yes",
        "placement": "right_of:1",
        "ref": "A4",
        "toll": "yes",
        "turn:lanes": "none|none|slight_right"
      },
      "geometry": {
        "type": "LineString",
        "coordinates": [
          [
            16.4139085,
            48.1950162
          ],
          [
            16.4127589,
            48.195689
          ]
        ]
      },
      "id": "way/148491883"
    },
    {
      "type": "Feature",
      "properties": {
        "@id": "way/148491884",
        "highway": "motorway",
        "int_ref": "E 58",
        "lanes": "2",
        "lit": "yes",
        "maxspeed": "80",
        "maxspeed:variable": "peak_traffic",
        "name": "Ost Autobahn",
        "oneway": "yes",
        "ref": "A4",
        "toll": "yes"
      },
      "geometry": {
        "type": "LineString",
        "coordinates": [
          [
            16.4244219,
            48.1880105
          ],
          [
            16.4253435,
            48.187671
          ],
          [
            16.4265685,
            48.1872819
          ]
        ]
      },
      "id": "way/148491884"
    },
    {
      "type": "Feature",
      "properties": {
        "@id": "way/148491885",
        "highway": "motorway",
        "int_ref": "E 58",
        "lanes": "1",
        "lit": "yes",
        "maxspeed": "80",
        "name": "Ost Autobahn",
        "oneway": "yes",
        "placement": "transition",
        "ref": "A4",
        "toll": "yes"
      },
      "geometry": {
        "type": "LineString",
        "coordinates": [
          [
            16.4181483,
            48.1913532
          ],
          [
            16.418765,
            48.1909832
          ]
        ]
      },
      "id": "way/148491885"
    },
    {
      "type": "Feature",
      "properties": {
        "@id": "way/148491888",
        "destination": "Budapest;Bratislava;Alt Simmering;Praha;Brno;Graz;Linz",
        "destination:country": "H;SK",
        "destination:ref": "A4;B228;A22;A2;A1",
        "destination:symbol": "airport",
        "highway": "primary",
        "lanes": "2",
        "lit": "yes",
        "maxspeed": "50",
        "name": "Erdberger Lände",
        "oneway": "yes",
        "ref": "B227",
        "source:maxspeed": "AT:urban",
        "toll": "yes"
      },
      "geometry": {
        "type": "LineString",
        "coordinates": [
          [
            16.4076597,
            48.1993448
          ],
          [
            16.4078366,
            48.1991659
          ],
          [
            16.4083134,
            48.1985852
          ],
          [
            16.4083398,
            48.198553
          ],
          [
            16.4083645,
            48.1985229
          ]
        ]
      },
      "id": "way/148491888"
    },
    {
      "type": "Feature",
      "properties": {
        "@id": "way/148491892",
        "highway": "motorway",
        "int_ref": "E 58",
        "lanes": "2",
        "lit": "yes",
        "maxheight": "default",
        "maxspeed": "80",
        "maxspeed:variable": "yes",
        "name": "Ost Autobahn",
        "oneway": "yes",
        "ref": "A4",
        "toll": "yes"
      },
      "geometry": {
        "type": "LineString",
        "coordinates": [
          [
            16.4274826,
            48.1869856
          ],
          [
            16.4277496,
            48.1869043
          ],
          [
            16.4320286,
            48.1856568
          ],
          [
            16.4332947,
            48.1852917
          ]
        ]
      },
      "id": "way/148491892"
    },
    {
      "type": "Feature",
      "properties": {
        "@id": "way/148491897",
        "destination": "Zentrum",
        "destination:ref": "B227",
        "destination:symbol": "centre",
        "highway": "motorway",
        "int_ref": "E 58",
        "lanes": "2",
        "maxspeed": "80",
        "maxspeed:variable": "yes",
        "name": "Ost Autobahn",
        "official_ref": "A41",
        "oneway": "yes",
        "ref": "A4",
        "toll": "yes"
      },
      "geometry": {
        "type": "LineString",
        "coordinates": [
          [
            16.4127589,
            48.195689
          ],
          [
            16.4124443,
            48.1958619
          ],
          [
            16.4119987,
            48.1961309
          ],
          [
            16.4119312,
            48.1961748
          ],
          [
            16.4116869,
            48.1963266
          ],
          [
            16.4115092,
            48.1964459
          ],
          [
            16.4113208,
            48.1965874
          ]
        ]
      },
      "id": "way/148491897"
    },
    {
      "type": "Feature",
      "properties": {
        "@id": "way/148491908",
        "carriageway_ref": "2",
        "highway": "motorway_link",
        "junction:ref": "0",
        "lanes": "2",
        "maxspeed": "80",
        "oneway": "yes",
        "toll": "yes"
      },
      "geometry": {
        "type": "LineString",
        "coordinates": [
          [
            16.4125258,
            48.195926
          ],
          [
            16.4120269,
            48.1963291
          ]
        ]
      },
      "id": "way/148491908"
    },
    {
      "type": "Feature",
      "properties": {
        "@id": "way/148491910",
        "carriageway_ref": "2",
        "highway": "motorway_link",
        "junction:ref": "0",
        "lanes": "3",
        "maxspeed": "80",
        "oneway": "yes",
        "toll": "yes"
      },
      "geometry": {
        "type": "LineString",
        "coordinates": [
          [
            16.4120269,
            48.1963291
          ],
          [
            16.4117889,
            48.1965661
          ]
        ]
      },
      "id": "way/148491910"
    },
    {
      "type": "Feature",
      "properties": {
        "@id": "way/148491911",
        "carriageway_ref": "45",
        "highway": "motorway_link",
        "lanes": "2",
        "lit": "yes",
        "maxspeed": "80",
        "oneway": "yes",
        "toll": "yes",
        "turn:lanes": "left|right"
      },
      "geometry": {
        "type": "LineString",
        "coordinates": [
          [
            16.4286384,
            48.1865661
          ],
          [
            16.4293117,
            48.1863309
          ]
        ]
      },
      "id": "way/148491911"
    },
    {
      "type": "Feature",
      "properties": {
        "@id": "way/148493142",
        "destination:lanes": "Zentrum;Erdberg|Zentrum;Erdberg;Graz;St.Pölten;St.Marx|Praha;Brno;Handelskai",
        "destination:ref:lanes": "B227|B227;A23;A2|A23;A22;A5;B14",
        "destination:symbol:lanes": "centre|none|none",
        "highway": "motorway",
        "int_ref": "E 58",
        "lanes": "3",
        "lit": "yes",
        "maxheight": "default",
        "maxspeed": "80",
        "maxspeed:variable": "yes",
        "name": "Ost Autobahn",
        "oneway": "yes",
        "placement": "right_of:1",
        "ref": "A4",
        "toll": "yes",
        "turn:lanes": "none|through|slight_right"
      },
      "geometry": {
        "type": "LineString",
        "coordinates": [
          [
            16.4321842,
            48.1867588
          ],
          [
            16.4299147,
            48.1874148
          ],
          [
            16.4271605,
            48.1882196
          ],
          [
            16.4261634,
            48.1885205
          ],
          [
            16.4251525,
            48.1888664
          ],
          [
            16.4242674,
            48.1892105
          ],
          [
            16.4234584,
            48.1895653
          ]
        ]
      },
      "id": "way/148493142"
    },
    {
      "type": "Feature",
      "properties": {
        "@id": "way/149636643",
        "carriageway_ref": "42",
        "cycleway:both": "no",
        "highway": "motorway_link",
        "lanes": "2",
        "maxspeed": "80",
        "oneway": "yes",
        "surface": "asphalt",
        "toll": "yes"
      },
      "geometry": {
        "type": "LineString",
        "coordinates": [
          [
            16.4312449,
            48.2055622
          ],
          [
            16.4311438,
            48.2055008
          ],
          [
            16.430764,
            48.2052702
          ],
          [
            16.4305929,
            48.2051415
          ]
        ]
      },
      "id": "way/149636643"
    },
    {
      "type": "Feature",
      "properties": {
        "@id": "way/149636649",
        "carriageway_ref": "41",
        "cycleway:both": "no",
        "destination": "Handelskai;Hafen Freudenau;Messezentrum",
        "destination:ref": "B14",
        "highway": "motorway_link",
        "lanes": "1",
        "maxspeed": "80",
        "oneway": "yes",
        "surface": "asphalt",
        "toll": "yes"
      },
      "geometry": {
        "type": "LineString",
        "coordinates": [
          [
            16.4327676,
            48.2042856
          ],
          [
            16.4323782,
            48.2041748
          ],
          [
            16.4321553,
            48.2040593
          ],
          [
            16.4320019,
            48.2040012
          ],
          [
            16.4318565,
            48.2039612
          ],
          [
            16.4317261,
            48.2039323
          ],
          [
            16.4315985,
            48.2039158
          ],
          [
            16.4314559,
            48.2039093
          ],
          [
            16.4313019,
            48.203919
          ],
          [
            16.4311484,
            48.203941
          ],
          [
            16.4310402,
            48.203968
          ],
          [
            16.4309367,
            48.2040036
          ],
          [
            16.4308498,
            48.2040401
          ],
          [
            16.4307502,
            48.2040978
          ],
          [
            16.4306812,
            48.2041536
          ],
          [
            16.4306084,
            48.2042106
          ],
          [
            16.4305445,
            48.2042804
          ],
          [
            16.4304931,
            48.2043514
          ],
          [
            16.4304601,
            48.2044231
          ],
          [
            16.4304386,
            48.2044918
          ],
          [
            16.4304233,
            48.2045741
          ],
          [
            16.4304225,
            48.2046333
          ],
          [
            16.4304322,
            48.2047155
          ],
          [
            16.4304591,
            48.2047952
          ],
          [
            16.4305073,
            48.2048817
          ],
          [
            16.4305556,
            48.2049549
          ],
          [
            16.4306181,
            48.2050208
          ],
          [
            16.4306934,
            48.2050922
          ]
        ]
      },
      "id": "way/149636649"
    },
    {
      "type": "Feature",
      "properties": {
        "@id": "way/152068974",
        "highway": "motorway",
        "int_ref": "E 58",
        "lanes": "2",
        "lit": "yes",
        "maxheight": "default",
        "maxspeed": "50",
        "name": "Ost Autobahn",
        "official_ref": "A41",
        "oneway": "yes",
        "ref": "A4",
        "source:maxspeed": "sign",
        "toll": "yes"
      },
      "geometry": {
        "type": "LineString",
        "coordinates": [
          [
            16.4113208,
            48.1965874
          ],
          [
            16.4111518,
            48.1967224
          ],
          [
            16.410871,
            48.1969758
          ],
          [
            16.4107474,
            48.1971027
          ],
          [
            16.4106345,
            48.197261
          ],
          [
            16.4105602,
            48.1973897
          ],
          [
            16.4105007,
            48.1975224
          ],
          [
            16.410455,
            48.1976772
          ],
          [
            16.4103592,
            48.1980446
          ],
          [
            16.4103358,
            48.1981312
          ]
        ]
      },
      "id": "way/152068974"
    },
    {
      "type": "Feature",
      "properties": {
        "@id": "way/153592370",
        "carriageway_ref": "21",
        "destination:lanes": "Praha;Brno;Gänserndorf|Budapest;Bratislava;St.Marx|Graz;Linz;Favoriten",
        "destination:ref:lanes": "A23;A22;S1;A5;B8|A4;B228|A23;A2;A21;A1;B16",
        "highway": "motorway_link",
        "lanes": "3",
        "maxspeed": "80",
        "oneway": "yes",
        "toll": "yes",
        "turn:lanes": "slight_left|through|slight_right"
      },
      "geometry": {
        "type": "LineString",
        "coordinates": [
          [
            16.3990436,
            48.1825604
          ],
          [
            16.3993351,
            48.1821355
          ],
          [
            16.3997163,
            48.1815959
          ]
        ]
      },
      "id": "way/153592370"
    },
    {
      "type": "Feature",
      "properties": {
        "@id": "way/153592371",
        "carriageway_ref": "21",
        "highway": "motorway_link",
        "lanes": "2",
        "layer": "-2",
        "maxheight": "default",
        "maxspeed": "50",
        "oneway": "yes",
        "toll": "yes",
        "tunnel": "yes"
      },
      "geometry": {
        "type": "LineString",
        "coordinates": [
          [
            16.3970424,
            48.18496
          ],
          [
            16.3966433,
            48.1854892
          ],
          [
            16.396237,
            48.1859172
          ],
          [
            16.3959153,
            48.1862003
          ]
        ]
      },
      "id": "way/153592371"
    },
    {
      "type": "Feature",
      "properties": {
        "@id": "way/153592372",
        "carriageway_ref": "21",
        "destination:lanes": "Praha;Brno;Gänserndorf|Budapest;Bratislava;St.Marx|Graz;Linz;Favoriten",
        "destination:ref:lanes": "A23;A22;S1;A5;B8|A4;B228|A23;A2;A21;A1;B16",
        "highway": "motorway_link",
        "lanes": "3",
        "maxspeed": "50",
        "oneway": "yes",
        "surface": "concrete",
        "toll": "yes",
        "turn:lanes": "slight_left|through|slight_right"
      },
      "geometry": {
        "type": "LineString",
        "coordinates": [
          [
            16.3984962,
            48.1833898
          ],
          [
            16.3987177,
            48.1830537
          ],
          [
            16.398861,
            48.1828336
          ],
          [
            16.3989629,
            48.1826811
          ],
          [
            16.3990436,
            48.1825604
          ]
        ]
      },
      "id": "way/153592372"
    },
    {
      "type": "Feature",
      "properties": {
        "@id": "way/153592691",
        "bridge": "yes",
        "cycleway:both": "no",
        "destination:country:lanes": "IT;SI;DE|IT;SI;DE|IT;SI;DE|none|none",
        "hgv:lanes:conditional": "no|yes|yes|yes|yes @ (weight>7.5)",
        "highway": "motorway",
        "int_ref": "E 59",
        "lanes": "5",
        "layer": "1",
        "maxspeed": "80",
        "maxspeed:hgv:conditional": "60 @ (weight>7.5)",
        "maxspeed:variable": "peak_traffic",
        "name": "Hochstraße St. Marx",
        "oneway": "yes",
        "ref": "A23",
        "toll": "yes",
        "turn:lanes": "none|none|through|slight_right|slight_right"
      },
      "geometry": {
        "type": "LineString",
        "coordinates": [
          [
            16.4047445,
            48.1844363
          ],
          [
            16.404568,
            48.1841327
          ],
          [
            16.4043555,
            48.1837186
          ],
          [
            16.40424,
            48.1834833
          ],
          [
            16.4041054,
            48.1831917
          ],
          [
            16.404014,
            48.18297
          ]
        ]
      },
      "id": "way/153592691"
    },
    {
      "type": "Feature",
      "properties": {
        "@id": "way/153593248",
        "bridge": "yes",
        "carriageway_ref": "24",
        "highway": "motorway_link",
        "lanes": "1",
        "layer": "2",
        "maxspeed": "80",
        "oneway": "yes",
        "placement": "transition",
        "toll": "yes",
        "turn": "right"
      },
      "geometry": {
        "type": "LineString",
        "coordinates": [
          [
            16.404243,
            48.1826188
          ],
          [
            16.4041731,
            48.1827173
          ]
        ]
      },
      "id": "way/153593248"
    },
    {
      "type": "Feature",
      "properties": {
        "@id": "way/153593254",
        "bridge": "yes",
        "change:lanes": "no|not_left|yes|yes|yes",
        "cycleway:both": "no",
        "hgv:lanes:conditional": "yes|no|yes|yes|yes @ (weight>7.5)",
        "highway": "motorway",
        "int_ref": "E 59",
        "lanes": "5",
        "layer": "1",
        "maxspeed": "80",
        "maxspeed:hgv:conditional": "60 @ (weight>7.5)",
        "maxspeed:variable": "peak_traffic",
        "name": "Hochstraße St. Marx",
        "oneway": "yes",
        "ref": "A23",
        "toll": "yes",
        "turn:lanes": "through|none|none|through|slight_right"
      },
      "geometry": {
        "type": "LineString",
        "coordinates": [
          [
            16.4048271,
            48.1841937
          ],
          [
            16.4049527,
            48.1844143
          ],
          [
            16.405089,
            48.1846299
          ],
          [
            16.4052354,
            48.1848514
          ],
          [
            16.4053617,
            48.1850233
          ]
        ]
      },
      "id": "way/153593254"
    },
    {
      "type": "Feature",
      "properties": {
        "@id": "way/153593266",
        "bridge": "yes",
        "change:lanes": "no|not_left|yes|yes",
        "cycleway:both": "no",
        "hgv:lanes:conditional": "yes|no|yes|yes @ (weight>7.5)",
        "highway": "motorway",
        "int_ref": "E 59",
        "lanes": "4",
        "layer": "2",
        "maxspeed": "80",
        "maxspeed:hgv:conditional": "60 @ (weight>7.5)",
        "maxspeed:variable": "peak_traffic",
        "name": "Hochstraße St. Marx",
        "oneway": "yes",
        "placement": "middle_of:3",
        "ref": "A23",
        "toll": "yes"
      },
      "geometry": {
        "type": "LineString",
        "coordinates": [
          [
            16.4040447,
            48.1822573
          ],
          [
            16.4041011,
            48.1824622
          ]
        ]
      },
      "id": "way/153593266"
    },
    {
      "type": "Feature",
      "properties": {
        "@id": "way/153600683",
        "bridge": "yes",
        "cycleway:both": "no",
        "destination:lanes": "Graz;Eisenstadt;Linz;St.Pölten;St.Marx|Graz;Eisenstadt;Linz;St.Pölten;St.Marx|Graz;Eisenstadt;Linz;St.Pölten;St.Marx|Budapest;Bratislava;Flughafen;Alt Simmering;Zentrum;Erdberg",
        "destination:ref:lanes": "A23;A2;A3;A21;A1|A23;A2;A3;A21;A1|A23;A2;A3;A21;A1|A4;A6;B228;B227",
        "fixme": "hgv:lanes:conditional",
        "hgv:lanes:conditional": "no|yes|yes|yes @ (weight>7.5)",
        "highway": "motorway",
        "int_ref": "E 59",
        "lanes": "4",
        "layer": "2",
        "lit": "yes",
        "maxspeed": "80",
        "maxspeed:hgv:conditional": "60 @ (weight>7.5)",
        "maxspeed:variable": "peak_traffic",
        "name": "Prater Hochstraße",
        "oneway": "yes",
        "ref": "A23",
        "ref_name": "Südosttangente",
        "toll": "yes",
        "turn:lanes": "none|none|through|slight_right;right"
      },
      "geometry": {
        "type": "LineString",
        "coordinates": [
          [
            16.4222839,
            48.1971527
          ],
          [
            16.4211364,
            48.1963688
          ]
        ]
      },
      "id": "way/153600683"
    },
    {
      "type": "Feature",
      "properties": {
        "@id": "way/153600694",
        "bridge": "yes",
        "cycleway:both": "no",
        "destination": "Praha;Brno;Gänserndorf;Handelskai;Austria Center;Vienna Int. Centre",
        "destination:country": "CZ",
        "destination:ref": "A23;A22;S1;A5;B8;B14",
        "hgv:lanes:conditional": "no|yes|yes @ (weight>7.5)",
        "highway": "motorway",
        "int_ref": "E 59",
        "lanes": "3",
        "layer": "1",
        "lit": "yes",
        "maxspeed": "80",
        "maxspeed:hgv:conditional": "60 @ (weight>7.5)",
        "maxspeed:variable": "peak_traffic",
        "name": "Hochstraße St. Marx",
        "oneway": "yes",
        "placement": "transition",
        "ref": "A23",
        "toll": "yes"
      },
      "geometry": {
        "type": "LineString",
        "coordinates": [
          [
            16.4131768,
            48.1906918
          ],
          [
            16.4132743,
            48.190788
          ]
        ]
      },
      "id": "way/153600694"
    },
    {
      "type": "Feature",
      "properties": {
        "@id": "way/153600710",
        "bridge": "yes",
        "cycleway:both": "no",
        "destination:lanes": "Praha;Brno;Gänserndorf;Handelskai;Austria Center;Vienna Int. Centre|Praha;Brno;Gänserndorf;Handelskai;Austria Center;Vienna Int. Centre|Praha;Brno;Gänserndorf;Handelskai;Austria Center;Vienna Int. Centre|Zentrum;Erdberg|Budapest;Bratislava;Alt Simmering",
        "destination:ref:lanes": "A23;A22;S1;A5;B8;B14|A23;A22;S1;A5;B8;B14|A23;A22;S1;A5;B8;B14|A23;B227|A4;B228",
        "destination:symbol:lanes": "none|none|none|centre|airport",
        "hgv:lanes:conditional": "no|yes|yes|yes|yes @ (weight>7.5)",
        "highway": "motorway",
        "int_ref": "E 59",
        "lanes": "5",
        "layer": "2",
        "lit": "yes",
        "maxspeed": "80",
        "maxspeed:hgv:conditional": "60 @ (weight>7.5)",
        "maxspeed:variable": "peak_traffic",
        "name": "Hochstraße St. Marx",
        "oneway": "yes",
        "ref": "A23",
        "toll": "yes",
        "turn:lanes": "none|none|through|slight_right|right"
      },
      "geometry": {
        "type": "LineString",
        "coordinates": [
          [
            16.4114968,
            48.1895324
          ],
          [
            16.4128675,
            48.1904795
          ]
        ]
      },
      "id": "way/153600710"
    },
    {
      "type": "Feature",
      "properties": {
        "@id": "way/153600714",
        "change:lanes": "yes|yes|not_right|no",
        "cycleway:both": "no",
        "hgv:lanes:conditional": "no|yes|yes|yes @ (weight>7.5)",
        "highway": "motorway",
        "int_ref": "E 59",
        "lanes": "4",
        "lit": "yes",
        "maxspeed": "80",
        "maxspeed:hgv:conditional": "60 @ (weight>7.5)",
        "maxspeed:variable": "peak_traffic",
        "name": "Südosttangente",
        "oneway": "yes",
        "ref": "A23",
        "toll": "yes"
      },
      "geometry": {
        "type": "LineString",
        "coordinates": [
          [
            16.4196283,
            48.1951082
          ],
          [
            16.4199635,
            48.1953442
          ]
        ]
      },
      "id": "way/153600714"
    },
    {
      "type": "Feature",
      "properties": {
        "@id": "way/153600731",
        "cycleway:both": "no",
        "destination:lanes": "Graz;Eisenstadt;Linz;St.Pölten|Graz;Eisenstadt;Linz;St.Pölten|Graz;Eisenstadt;Linz;St.Pölten|Budapest;Bratislava;Flughafen;Alt Simmering;St.Marx|Zentrum;Erdberg",
        "destination:ref:lanes": "A23;A2;A3;A21;A1|A23;A2;A3;A21;A1|A23;A2;A3;A21;A1|A4;A6;B228;B221|B227",
        "destination:symbol:lanes": "|||airport;park_and_ride|centre",
        "fixme": "hgv:lanes:conditional",
        "hgv:lanes:conditional": "no|yes|yes|yes|yes @ (weight>7.5)",
        "highway": "motorway",
        "int_ref": "E 59",
        "lanes": "5",
        "lit": "yes",
        "maxspeed": "80",
        "maxspeed:hgv:conditional": "60 @ (weight>7.5)",
        "maxspeed:variable": "peak_traffic",
        "name": "Südosttangente",
        "oneway": "yes",
        "placement": "middle_of:2",
        "ref": "A23",
        "toll": "yes",
        "turn:lanes": "none|none|through|slight_right|right"
      },
      "geometry": {
        "type": "LineString",
        "coordinates": [
          [
            16.4202233,
            48.1957101
          ],
          [
            16.4200202,
            48.1955658
          ],
          [
            16.4198357,
            48.1954348
          ]
        ]
      },
      "id": "way/153600731"
    },
    {
      "type": "Feature",
      "properties": {
        "@id": "way/153600734",
        "cycleway:both": "no",
        "hgv:lanes:conditional": "no|yes|yes @ (weight>7.5)",
        "highway": "motorway",
        "int_ref": "E 59",
        "lanes": "3",
        "lit": "yes",
        "maxspeed": "80",
        "maxspeed:hgv:conditional": "60 @ (weight>7.5)",
        "maxspeed:variable": "peak_traffic",
        "name": "Südosttangente",
        "oneway": "yes",
        "ref": "A23",
        "toll": "yes"
      },
      "geometry": {
        "type": "LineString",
        "coordinates": [
          [
            16.4184512,
            48.194314
          ],
          [
            16.4190902,
            48.1947528
          ]
        ]
      },
      "id": "way/153600734"
    },
    {
      "type": "Feature",
      "properties": {
        "@id": "way/153603557",
        "bridge": "yes",
        "change:lanes": "yes|yes|not_right|not_left|yes",
        "cycleway:both": "no",
        "fixme": "hgv:lanes:conditional",
        "hgv:lanes:conditional": "no|yes|yes|yes @ (weight>7.5)",
        "highway": "motorway",
        "int_ref": "E 59",
        "lanes": "5",
        "layer": "1",
        "lit": "yes",
        "maxspeed": "80",
        "maxspeed:hgv:conditional": "60 @ (weight>7.5)",
        "maxspeed:variable": "peak_traffic",
        "name": "Hochstraße St. Marx",
        "oneway": "yes",
        "placement": "middle_of:2",
        "ref": "A23",
        "toll": "yes",
        "turn:lanes": "none|none|none|through|slight_right"
      },
      "geometry": {
        "type": "LineString",
        "coordinates": [
          [
            16.4131564,
            48.1908692
          ],
          [
            16.4131113,
            48.1908383
          ],
          [
            16.4130367,
            48.1907872
          ]
        ]
      },
      "id": "way/153603557"
    },
    {
      "type": "Feature",
      "properties": {
        "@id": "way/153964767",
        "bridge": "yes",
        "cycleway:both": "no",
        "hgv:lanes:conditional": "no|yes|yes|yes @ (weight>7.5)",
        "highway": "motorway",
        "int_ref": "E 59",
        "lanes": "4",
        "layer": "2",
        "lit": "yes",
        "maxspeed": "80",
        "maxspeed:hgv:conditional": "60 @ (weight>7.5)",
        "maxspeed:variable": "peak_traffic",
        "name": "Prater Hochstraße",
        "oneway": "yes",
        "ref": "A23",
        "ref_name": "Südosttangente",
        "surface": "asphalt",
        "toll": "yes",
        "turn:lanes": "none|none|none|through;slight_right"
      },
      "geometry": {
        "type": "LineString",
        "coordinates": [
          [
            16.4268728,
            48.2001074
          ],
          [
            16.4277508,
            48.2007098
          ]
        ]
      },
      "id": "way/153964767"
    },
    {
      "type": "Feature",
      "properties": {
        "@id": "way/153964771",
        "bridge": "yes",
        "cycleway:both": "no",
        "hgv:lanes:conditional": "no|yes|yes|yes @ (weight>7.5)",
        "highway": "motorway",
        "int_ref": "E 59",
        "lanes": "4",
        "layer": "2",
        "lit": "yes",
        "maxspeed": "80",
        "maxspeed:hgv:conditional": "60 @ (weight>7.5)",
        "maxspeed:variable": "peak_traffic",
        "name": "Praterbrücke",
        "oneway": "yes",
        "placement": "transition",
        "ref": "A23",
        "toll": "yes"
      },
      "geometry": {
        "type": "LineString",
        "coordinates": [
          [
            16.4337955,
            48.2048026
          ],
          [
            16.4343584,
            48.2051898
          ]
        ]
      },
      "id": "way/153964771"
    },
    {
      "type": "Feature",
      "properties": {
        "@id": "way/153964776",
        "cycleway:both": "no",
        "destination": "Brno;Gänserndorf;Stadlau;Praha;Vienna Int. Centre;Kaisermühlen;Kagran;Ölhafen Lobau",
        "destination:country": "CZ",
        "destination:ref": "A23;S1;A5;B8;B3;A22",
        "destination:symbol": "tunnel",
        "hgv:lanes:conditional": "no|yes|yes|yes @ (weight>7.5)",
        "highway": "motorway",
        "int_ref": "E 59",
        "lanes": "4",
        "lit": "yes",
        "maxspeed": "80",
        "maxspeed:hgv:conditional": "60 @ (weight>7.5)",
        "maxspeed:variable": "peak_traffic",
        "name": "Südosttangente",
        "oneway": "yes",
        "ref": "A23",
        "surface": "asphalt",
        "toll": "yes"
      },
      "geometry": {
        "type": "LineString",
        "coordinates": [
          [
            16.4299857,
            48.2022048
          ],
          [
            16.4305959,
            48.2026122
          ]
        ]
      },
      "id": "way/153964776"
    },
    {
      "type": "Feature",
      "properties": {
        "@id": "way/153966272",
        "bridge": "yes",
        "cycleway:both": "no",
        "highway": "motorway",
        "int_ref": "E 59",
        "lanes": "5",
        "layer": "2",
        "lit": "yes",
        "maxspeed": "80",
        "maxspeed:hgv:conditional": "60 @ (weight>7.5)",
        "maxspeed:variable": "peak_traffic",
        "name": "Praterbrücke",
        "oneway": "yes",
        "placement": "right_of:2",
        "ref": "A23",
        "surface": "asphalt",
        "toll": "yes",
        "turn:lanes": "none|none|none|through|slight_right"
      },
      "geometry": {
        "type": "LineString",
        "coordinates": [
          [
            16.4332887,
            48.2046432
          ],
          [
            16.4327676,
            48.2042856
          ]
        ]
      },
      "id": "way/153966272"
    },
    {
      "type": "Feature",
      "properties": {
        "@id": "way/153966274",
        "bridge": "yes",
        "cycleway:both": "no",
        "highway": "motorway",
        "int_ref": "E 59",
        "lanes": "4",
        "layer": "2",
        "lit": "yes",
        "maxspeed": "80",
        "maxspeed:hgv:conditional": "60 @ (weight>7.5)",
        "maxspeed:variable": "peak_traffic",
        "name": "Praterbrücke",
        "oneway": "yes",
        "ref": "A23",
        "toll": "yes",
        "turn:lanes": "none|none|none|through;slight_right"
      },
      "geometry": {
        "type": "LineString",
        "coordinates": [
          [
            16.436153,
            48.2065992
          ],
          [
            16.4338334,
            48.2050153
          ]
        ]
      },
      "id": "way/153966274"
    },
    {
      "type": "Feature",
      "properties": {
        "@id": "way/153966275",
        "carriageway_ref": "41",
        "cycleway:both": "no",
        "highway": "motorway_link",
        "lanes": "2",
        "maxspeed": "80",
        "oneway": "yes",
        "surface": "asphalt",
        "toll": "yes",
        "turn:lanes": "left;through|through;right"
      },
      "geometry": {
        "type": "LineString",
        "coordinates": [
          [
            16.4306934,
            48.2050922
          ],
          [
            16.4307788,
            48.205161
          ],
          [
            16.4308282,
            48.2051975
          ],
          [
            16.430911,
            48.2052559
          ],
          [
            16.4311252,
            48.2053933
          ],
          [
            16.4312174,
            48.205451
          ],
          [
            16.4313119,
            48.2055113
          ]
        ]
      },
      "id": "way/153966275"
    },
    {
      "type": "Feature",
      "properties": {
        "@id": "way/153966276",
        "carriageway_ref": "42",
        "cycleway:both": "no",
        "highway": "motorway_link",
        "lanes": "1",
        "maxspeed": "80",
        "oneway": "yes",
        "surface": "asphalt",
        "toll": "yes"
      },
      "geometry": {
        "type": "LineString",
        "coordinates": [
          [
            16.4305973,
            48.2034721
          ],
          [
            16.430551,
            48.203269
          ],
          [
            16.4304839,
            48.2030998
          ],
          [
            16.4303547,
            48.2028819
          ],
          [
            16.4301725,
            48.2026672
          ],
          [
            16.4300026,
            48.2024085
          ]
        ]
      },
      "id": "way/153966276"
    },
    {
      "type": "Feature",
      "properties": {
        "@id": "way/153966277",
        "carriageway_ref": "42",
        "cycleway:both": "no",
        "highway": "motorway_link",
        "lanes": "2",
        "maxspeed": "80",
        "oneway": "yes",
        "surface": "asphalt",
        "toll": "yes",
        "turn:lanes": "merge_to_right|none"
      },
      "geometry": {
        "type": "LineString",
        "coordinates": [
          [
            16.4305929,
            48.2051415
          ],
          [
            16.4305443,
            48.2050991
          ],
          [
            16.4304797,
            48.2050345
          ],
          [
            16.4304202,
            48.2049614
          ],
          [
            16.4303692,
            48.2048803
          ],
          [
            16.4303383,
            48.2048087
          ],
          [
            16.4303163,
            48.2047311
          ],
          [
            16.430306,
            48.2046525
          ],
          [
            16.4303104,
            48.2045733
          ],
          [
            16.4303217,
            48.204491
          ],
          [
            16.4303439,
            48.2044156
          ],
          [
            16.4304231,
            48.204179
          ],
          [
            16.4305581,
            48.2038001
          ],
          [
            16.4305898,
            48.2036466
          ],
          [
            16.4305973,
            48.2034721
          ]
        ]
      },
      "id": "way/153966277"
    },
    {
      "type": "Feature",
      "properties": {
        "@id": "way/153966279",
        "cycleway:both": "no",
        "highway": "motorway",
        "int_ref": "E 59",
        "lanes": "5",
        "lit": "yes",
        "maxspeed": "80",
        "maxspeed:hgv:conditional": "60 @ (weight>7.5)",
        "maxspeed:variable": "peak_traffic",
        "name": "Südosttangente",
        "oneway": "yes",
        "placement": "right_of:2",
        "ref": "A23",
        "surface": "asphalt",
        "toll": "yes",
        "turn:lanes": "none|none|none|none|merge_to_left"
      },
      "geometry": {
        "type": "LineString",
        "coordinates": [
          [
            16.4300026,
            48.2024085
          ],
          [
            16.4284401,
            48.2013748
          ]
        ]
      },
      "id": "way/153966279"
    },
    {
      "type": "Feature",
      "properties": {
        "@id": "way/153966281",
        "cycleway:both": "no",
        "highway": "motorway",
        "int_ref": "E 59",
        "lanes": "4",
        "lit": "yes",
        "maxspeed": "80",
        "maxspeed:hgv:conditional": "60 @ (weight>7.5)",
        "maxspeed:variable": "peak_traffic",
        "name": "Südosttangente",
        "oneway": "yes",
        "ref": "A23",
        "surface": "asphalt",
        "toll": "yes"
      },
      "geometry": {
        "type": "LineString",
        "coordinates": [
          [
            16.4284401,
            48.2013748
          ],
          [
            16.4277996,
            48.2009365
          ]
        ]
      },
      "id": "way/153966281"
    },
    {
      "type": "Feature",
      "properties": {
        "@id": "way/162373029",
        "cycleway:both": "lane",
        "cycleway:both:lane": "advisory",
        "highway": "primary",
        "lanes": "3",
        "lanes:backward": "2",
        "lanes:forward": "1",
        "lit": "yes",
        "maxspeed": "50",
        "name": "Simmeringer Hauptstraße",
        "note": "S.H. beginns #Rinnböckstraße /al",
        "sidewalk": "both",
        "sidewalk:both:surface": "paving_stones",
        "smoothness": "excellent",
        "surface": "asphalt",
        "turn:lanes:backward": "left|"
      },
      "geometry": {
        "type": "LineString",
        "coordinates": [
          [
            16.415419,
            48.1752587
          ],
          [
            16.4155293,
            48.1751549
          ],
          [
            16.4156445,
            48.1750465
          ]
        ]
      },
      "id": "way/162373029"
    },
    {
      "type": "Feature",
      "properties": {
        "@id": "way/163603736",
        "cycleway:both": "lane",
        "cycleway:both:lane": "advisory",
        "highway": "tertiary",
        "lanes": "3",
        "lanes:backward": "2",
        "lanes:forward": "1",
        "lit": "yes",
        "maxspeed": "50",
        "name": "Erdbergstraße",
        "sidewalk": "separate",
        "smoothness": "good",
        "source:maxspeed": "AT:urban",
        "surface": "concrete",
        "turn:lanes:backward": "through|right"
      },
      "geometry": {
        "type": "LineString",
        "coordinates": [
          [
            16.4089759,
            48.1944976
          ],
          [
            16.4090347,
            48.1944515
          ],
          [
            16.4090802,
            48.1944159
          ],
          [
            16.4092908,
            48.1942509
          ]
        ]
      },
      "id": "way/163603736"
    },
    {
      "type": "Feature",
      "properties": {
        "@id": "way/164139764",
        "bicycle:lanes:backward": "yes|designated",
        "bicycle:lanes:forward": "yes|designated",
        "bus:lanes:backward": "yes|designated",
        "bus:lanes:forward": "yes|designated",
        "busway": "lane",
        "cycleway": "share_busway",
        "foot": "use_sidepath",
        "highway": "tertiary",
        "lanes": "4",
        "lanes:backward": "2",
        "lanes:forward": "2",
        "lit": "yes",
        "maxspeed": "30",
        "name": "Meiereistraße",
        "smoothness": "excellent",
        "source:maxspeed": "AT:zone:30",
        "surface": "asphalt",
        "taxi:lanes:backward": "yes|designated",
        "taxi:lanes:forward": "yes|designated"
      },
      "geometry": {
        "type": "LineString",
        "coordinates": [
          [
            16.4200055,
            48.2097907
          ],
          [
            16.4199332,
            48.2096584
          ],
          [
            16.4197357,
            48.2092968
          ]
        ]
      },
      "id": "way/164139764"
    },
    {
      "type": "Feature",
      "properties": {
        "@id": "way/164139765",
        "bicycle": "yes",
        "bicycle:lanes": "yes|designated",
        "bus:lanes": "yes|designated",
        "busway": "lane",
        "cycleway:left": "no",
        "cycleway:right": "share_busway",
        "foot": "no",
        "highway": "tertiary",
        "lanes": "2",
        "lit": "yes",
        "maxspeed": "30",
        "name": "Meiereistraße",
        "oneway": "yes",
        "parking:both": "no",
        "shoulder": "no",
        "sidewalk": "none",
        "smoothness": "good",
        "source:maxspeed": "AT:zone:30",
        "surface": "asphalt",
        "taxi:lanes": "yes|designated"
      },
      "geometry": {
        "type": "LineString",
        "coordinates": [
          [
            16.4181967,
            48.2062289
          ],
          [
            16.4180856,
            48.2061585
          ],
          [
            16.4179703,
            48.206046
          ],
          [
            16.4176458,
            48.2056367
          ],
          [
            16.4173654,
            48.2052904
          ],
          [
            16.417045,
            48.2049306
          ],
          [
            16.4168906,
            48.204773
          ],
          [
            16.4168046,
            48.2047076
          ],
          [
            16.416709,
            48.2046325
          ]
        ]
      },
      "id": "way/164139765"
    },
    {
      "type": "Feature",
      "properties": {
        "@id": "way/164139766",
        "bicycle": "yes",
        "bus:lanes": "yes|designated",
        "busway": "lane",
        "cycleway:left": "no",
        "cycleway:right": "share_busway",
        "foot": "no",
        "highway": "tertiary",
        "lanes": "2",
        "lit": "yes",
        "maxspeed": "30",
        "name": "Meiereistraße",
        "oneway": "yes",
        "parking:both": "no",
        "shoulder": "no",
        "sidewalk": "none",
        "source:maxspeed": "AT:zone:30",
        "surface": "asphalt",
        "taxi:lanes": "yes|designated"
      },
      "geometry": {
        "type": "LineString",
        "coordinates": [
          [
            16.4164925,
            48.2043954
          ],
          [
            16.4167174,
            48.2044049
          ],
          [
            16.4168545,
            48.2045463
          ]
        ]
      },
      "id": "way/164139766"
    },
    {
      "type": "Feature",
      "properties": {
        "@id": "way/165107132",
        "cycleway": "lane",
        "cycleway:lane": "advisory",
        "highway": "tertiary",
        "lanes": "2",
        "lit": "yes",
        "maxheight": "default",
        "maxspeed": "50",
        "name": "Erdbergstraße",
        "sidewalk:both": "separate",
        "smoothness": "good",
        "source:maxspeed": "AT:urban",
        "surface": "asphalt"
      },
      "geometry": {
        "type": "LineString",
        "coordinates": [
          [
            16.4145501,
            48.1908676
          ],
          [
            16.414951,
            48.1906131
          ],
          [
            16.4151153,
            48.1905135
          ],
          [
            16.4152558,
            48.1904294
          ],
          [
            16.4154313,
            48.1903218
          ],
          [
            16.415508,
            48.1902752
          ],
          [
            16.4155902,
            48.190225
          ],
          [
            16.4157261,
            48.1901463
          ]
        ]
      },
      "id": "way/165107132"
    },
    {
      "type": "Feature",
      "properties": {
        "@id": "way/169227682",
        "carriageway_ref": "221",
        "destination:lanes": "Franz-Grill-Straße|Landstraßer Hauptstraße",
        "highway": "motorway_link",
        "lanes": "2",
        "layer": "-1",
        "maxheight": "default",
        "maxspeed": "50",
        "oneway": "yes",
        "surface": "asphalt",
        "toll": "yes",
        "tunnel": "yes",
        "turn:lanes": "left|right"
      },
      "geometry": {
        "type": "LineString",
        "coordinates": [
          [
            16.3981401,
            48.1841615
          ],
          [
            16.3979718,
            48.1843649
          ],
          [
            16.3977686,
            48.1845697
          ],
          [
            16.3975648,
            48.1847512
          ],
          [
            16.3972684,
            48.1849694
          ],
          [
            16.3970686,
            48.1851044
          ],
          [
            16.3968017,
            48.1852671
          ],
          [
            16.3964986,
            48.1854397
          ],
          [
            16.3963186,
            48.1855331
          ]
        ]
      },
      "id": "way/169227682"
    },
    {
      "type": "Feature",
      "properties": {
        "@id": "way/169227683",
        "carriageway_ref": "221",
        "destination": "Landstraßer Hauptstraße;Franz-Grill-Straße",
        "destination:ref": "B221",
        "highway": "motorway_link",
        "lanes": "1",
        "maxspeed": "50",
        "oneway": "yes",
        "source:maxspeed": "sign",
        "toll": "yes"
      },
      "geometry": {
        "type": "LineString",
        "coordinates": [
          [
            16.3986339,
            48.1834058
          ],
          [
            16.3984003,
            48.1838217
          ],
          [
            16.3981401,
            48.1841615
          ]
        ]
      },
      "id": "way/169227683"
    },
    {
      "type": "Feature",
      "properties": {
        "@id": "way/169228032",
        "carriageway_ref": "21",
        "highway": "motorway_link",
        "lanes": "2",
        "maxspeed": "50",
        "oneway": "yes",
        "toll": "yes"
      },
      "geometry": {
        "type": "LineString",
        "coordinates": [
          [
            16.3959153,
            48.1862003
          ],
          [
            16.3954752,
            48.1865544
          ],
          [
            16.3950059,
            48.1868843
          ],
          [
            16.3947291,
            48.1870561
          ],
          [
            16.3944157,
            48.1872158
          ],
          [
            16.394348,
            48.1872503
          ],
          [
            16.3940703,
            48.1873917
          ],
          [
            16.3938409,
            48.1874958
          ]
        ]
      },
      "id": "way/169228032"
    },
    {
      "type": "Feature",
      "properties": {
        "@id": "way/169228033",
        "carriageway_ref": "21",
        "destination": "Praha;Brno;Gänserndorf;Graz;Budapest;Bratislava",
        "destination:ref": "A23;A22;S1;A5;B8;A4;A2",
        "destination:symbol": "airport",
        "highway": "motorway_link",
        "lanes": "2",
        "maxspeed": "50",
        "oneway": "yes",
        "toll": "yes"
      },
      "geometry": {
        "type": "LineString",
        "coordinates": [
          [
            16.393342,
            48.18754
          ],
          [
            16.3939409,
            48.187322
          ],
          [
            16.3941236,
            48.1872462
          ],
          [
            16.3942695,
            48.1871773
          ],
          [
            16.3943751,
            48.1871232
          ],
          [
            16.3944875,
            48.1870659
          ],
          [
            16.3946686,
            48.186965
          ],
          [
            16.3948552,
            48.1868545
          ],
          [
            16.3950363,
            48.1867352
          ],
          [
            16.3952942,
            48.1865488
          ],
          [
            16.3958122,
            48.1861387
          ]
        ]
      },
      "id": "way/169228033"
    },
    {
      "type": "Feature",
      "properties": {
        "@id": "way/169228034",
        "carriageway_ref": "21",
        "highway": "motorway_link",
        "lanes": "2",
        "layer": "-2",
        "maxheight": "default",
        "maxspeed": "50",
        "oneway": "yes",
        "toll": "yes",
        "tunnel": "yes"
      },
      "geometry": {
        "type": "LineString",
        "coordinates": [
          [
            16.3958122,
            48.1861387
          ],
          [
            16.3960457,
            48.1859446
          ],
          [
            16.3964077,
            48.1855849
          ],
          [
            16.3969146,
            48.1849198
          ]
        ]
      },
      "id": "way/169228034"
    },
    {
      "type": "Feature",
      "properties": {
        "@id": "way/169228035",
        "carriageway_ref": "21",
        "destination": "Gürtel;Hauptbahnhof",
        "destination:ref": "B221",
        "highway": "motorway_link",
        "lanes": "2",
        "maxspeed": "50",
        "oneway": "yes",
        "toll": "yes"
      },
      "geometry": {
        "type": "LineString",
        "coordinates": [
          [
            16.3986339,
            48.1834058
          ],
          [
            16.39846,
            48.1836545
          ],
          [
            16.3982796,
            48.1838561
          ],
          [
            16.3980918,
            48.1840359
          ],
          [
            16.3977988,
            48.1842795
          ],
          [
            16.3973857,
            48.1846104
          ],
          [
            16.397198,
            48.1847767
          ],
          [
            16.3970424,
            48.18496
          ]
        ]
      },
      "id": "way/169228035"
    },
    {
      "type": "Feature",
      "properties": {
        "@id": "way/169228036",
        "carriageway_ref": "21",
        "highway": "motorway_link",
        "lanes": "2",
        "maxspeed": "50",
        "oneway": "yes",
        "toll": "yes"
      },
      "geometry": {
        "type": "LineString",
        "coordinates": [
          [
            16.3969146,
            48.1849198
          ],
          [
            16.3969854,
            48.1848317
          ],
          [
            16.397088,
            48.1847212
          ],
          [
            16.3972308,
            48.1845969
          ],
          [
            16.3975199,
            48.1843707
          ],
          [
            16.3978377,
            48.1841065
          ],
          [
            16.3980201,
            48.1839523
          ],
          [
            16.3981891,
            48.1837877
          ],
          [
            16.3983205,
            48.183625
          ],
          [
            16.3984962,
            48.1833898
          ]
        ]
      },
      "id": "way/169228036"
    },
    {
      "type": "Feature",
      "properties": {
        "@id": "way/175475392",
        "cycleway:both": "no",
        "highway": "tertiary",
        "lanes:backward": "1",
        "lanes:forward": "1",
        "lit": "yes",
        "maxspeed": "50",
        "maxspeed:hgv": "50",
        "name": "Erdbergstraße",
        "overtaking": "no",
        "sidewalk": "separate",
        "smoothness": "good",
        "surface": "asphalt",
        "trolley_wire": "yes"
      },
      "geometry": {
        "type": "LineString",
        "coordinates": [
          [
            16.4087381,
            48.1946847
          ],
          [
            16.4088286,
            48.1946134
          ],
          [
            16.4089127,
            48.1945471
          ]
        ]
      },
      "id": "way/175475392"
    },
    {
      "type": "Feature",
      "properties": {
        "@id": "way/189237286",
        "carriageway_ref": "1",
        "highway": "motorway_link",
        "junction:ref": "0",
        "lanes": "1",
        "lit": "yes",
        "maxspeed": "70",
        "oneway": "yes",
        "source:maxspeed": "sign",
        "surface": "asphalt",
        "toll": "yes"
      },
      "geometry": {
        "type": "LineString",
        "coordinates": [
          [
            16.4167208,
            48.191897
          ],
          [
            16.4167321,
            48.1918336
          ],
          [
            16.4167311,
            48.1917599
          ],
          [
            16.4167191,
            48.1917
          ],
          [
            16.4166981,
            48.1916498
          ],
          [
            16.4166607,
            48.1915858
          ],
          [
            16.4166178,
            48.191536
          ],
          [
            16.4165555,
            48.1914841
          ],
          [
            16.4164899,
            48.1914413
          ],
          [
            16.4164198,
            48.1914086
          ],
          [
            16.4163104,
            48.1913692
          ],
          [
            16.4162241,
            48.1913508
          ],
          [
            16.4161422,
            48.1913407
          ],
          [
            16.4160565,
            48.1913348
          ],
          [
            16.4159438,
            48.1913395
          ],
          [
            16.4158438,
            48.1913529
          ],
          [
            16.4157471,
            48.1913791
          ],
          [
            16.4156464,
            48.1914159
          ],
          [
            16.4155725,
            48.191453
          ],
          [
            16.4154785,
            48.1915149
          ],
          [
            16.4154207,
            48.1915681
          ],
          [
            16.4153778,
            48.1916276
          ],
          [
            16.4153518,
            48.1916827
          ],
          [
            16.4153357,
            48.191739
          ],
          [
            16.4153298,
            48.1917964
          ],
          [
            16.4153352,
            48.1918515
          ],
          [
            16.4153485,
            48.1919017
          ],
          [
            16.4153729,
            48.1919594
          ],
          [
            16.4153928,
            48.1919947
          ],
          [
            16.4154424,
            48.1920637
          ],
          [
            16.415492,
            48.192127
          ],
          [
            16.4155582,
            48.1922196
          ]
        ]
      },
      "id": "way/189237286"
    },
    {
      "type": "Feature",
      "properties": {
        "@id": "way/194460280",
        "bus": "yes",
        "cycleway:left": "no",
        "cycleway:right": "separate",
        "highway": "tertiary",
        "lanes": "2",
        "lit": "yes",
        "maxspeed": "30",
        "motor_vehicle:conditional": "no @ (Sa,Su,PH 00:00-24:00)",
        "name": "Stadionallee",
        "smoothness": "excellent",
        "source:maxspeed": "sign",
        "surface": "asphalt"
      },
      "geometry": {
        "type": "LineString",
        "coordinates": [
          [
            16.4149039,
            48.2001676
          ],
          [
            16.4149299,
            48.2002072
          ]
        ]
      },
      "id": "way/194460280"
    },
    {
      "type": "Feature",
      "properties": {
        "@id": "way/194460282",
        "bus": "yes",
        "cycleway:left": "no",
        "cycleway:right": "separate",
        "highway": "tertiary",
        "lanes": "2",
        "lit": "yes",
        "maxspeed": "30",
        "motor_vehicle:conditional": "no @ (Sa,Su,PH 00:00-24:00)",
        "name": "Stadionallee",
        "shoulder": "no",
        "sidewalk": "no",
        "smoothness": "good",
        "source:maxspeed": "sign",
        "surface": "asphalt"
      },
      "geometry": {
        "type": "LineString",
        "coordinates": [
          [
            16.4149299,
            48.2002072
          ],
          [
            16.4151451,
            48.200545
          ],
          [
            16.4154158,
            48.2009699
          ],
          [
            16.4156129,
            48.2015797
          ]
        ]
      },
      "id": "way/194460282"
    },
    {
      "type": "Feature",
      "properties": {
        "@id": "way/196748417",
        "bridge": "yes",
        "cycleway:both": "no",
        "hgv:lanes:conditional": "no|yes|yes @ (weight>7.5)",
        "highway": "motorway",
        "int_ref": "E 59",
        "lanes": "3",
        "layer": "2",
        "maxheight": "default",
        "maxspeed": "80",
        "maxspeed:hgv:conditional": "60 @ (weight>7.5)",
        "maxspeed:variable": "peak_traffic",
        "name": "Hochstraße St. Marx",
        "oneway": "yes",
        "ref": "A23",
        "toll": "yes"
      },
      "geometry": {
        "type": "LineString",
        "coordinates": [
          [
            16.4004873,
            48.1784602
          ],
          [
            16.4005876,
            48.1786324
          ],
          [
            16.4007145,
            48.1788276
          ],
          [
            16.400855,
            48.1790086
          ],
          [
            16.4009987,
            48.1791782
          ],
          [
            16.4011598,
            48.1793519
          ],
          [
            16.4013378,
            48.1795266
          ],
          [
            16.4015469,
            48.1797102
          ],
          [
            16.4017447,
            48.179871
          ],
          [
            16.4020056,
            48.1800585
          ],
          [
            16.4022277,
            48.1802051
          ],
          [
            16.4029105,
            48.1806382
          ],
          [
            16.4030914,
            48.1807649
          ],
          [
            16.4032728,
            48.1809043
          ],
          [
            16.4034362,
            48.1810472
          ],
          [
            16.4035534,
            48.1811727
          ],
          [
            16.4036611,
            48.181303
          ],
          [
            16.4037534,
            48.1814314
          ],
          [
            16.4038224,
            48.1815382
          ]
        ]
      },
      "id": "way/196748417"
    },
    {
      "type": "Feature",
      "properties": {
        "@id": "way/196751647",
        "bridge": "yes",
        "change:lanes": "no|not_left|yes|not_right|no",
        "cycleway:both": "no",
        "hgv:lanes:conditional": "yes|no|yes|yes|yes @ (weight>7.5)",
        "highway": "motorway",
        "int_ref": "E 59",
        "lanes": "5",
        "layer": "2",
        "maxspeed": "80",
        "maxspeed:hgv:conditional": "60 @ (weight>7.5)",
        "maxspeed:variable": "peak_traffic",
        "name": "Hochstraße St. Marx",
        "oneway": "yes",
        "ref": "A23",
        "toll": "yes",
        "turn:lanes": "through|none|none|none|right"
      },
      "geometry": {
        "type": "LineString",
        "coordinates": [
          [
            16.4041731,
            48.1827173
          ],
          [
            16.4042438,
            48.1829285
          ]
        ]
      },
      "id": "way/196751647"
    },
    {
      "type": "Feature",
      "properties": {
        "@id": "way/196751649",
        "bridge": "yes",
        "change:lanes": "no|not_left|yes|yes",
        "cycleway:both": "no",
        "hgv:lanes:conditional": "yes|no|yes|yes @ (weight>7.5)",
        "highway": "motorway",
        "int_ref": "E 59",
        "lanes": "4",
        "layer": "2",
        "maxspeed": "80",
        "maxspeed:hgv:conditional": "60 @ (weight>7.5)",
        "maxspeed:variable": "peak_traffic",
        "name": "Hochstraße St. Marx",
        "oneway": "yes",
        "placement": "middle_of:3",
        "ref": "A23",
        "toll": "yes",
        "turn:lanes": "through|none|none|through;right"
      },
      "geometry": {
        "type": "LineString",
        "coordinates": [
          [
            16.4041011,
            48.1824622
          ],
          [
            16.4041731,
            48.1827173
          ]
        ]
      },
      "id": "way/196751649"
    },
    {
      "type": "Feature",
      "properties": {
        "@id": "way/196751936",
        "bridge": "yes",
        "carriageway_ref": "31",
        "highway": "motorway_link",
        "lanes": "1",
        "layer": "1",
        "lit": "yes",
        "maxspeed": "80",
        "oneway": "yes",
        "toll": "yes"
      },
      "geometry": {
        "type": "LineString",
        "coordinates": [
          [
            16.4061963,
            48.1856931
          ],
          [
            16.4063468,
            48.1858171
          ],
          [
            16.4068298,
            48.1861877
          ],
          [
            16.4073175,
            48.186517
          ],
          [
            16.4075141,
            48.1866197
          ],
          [
            16.4077245,
            48.1867121
          ],
          [
            16.4079512,
            48.1867801
          ],
          [
            16.4081925,
            48.186822
          ],
          [
            16.4084438,
            48.1868402
          ],
          [
            16.4087007,
            48.1868335
          ],
          [
            16.4089783,
            48.1867982
          ],
          [
            16.4092806,
            48.1867399
          ],
          [
            16.4096657,
            48.1866381
          ]
        ]
      },
      "id": "way/196751936"
    },
    {
      "type": "Feature",
      "properties": {
        "@id": "way/196751939",
        "bridge": "yes",
        "cycleway:both": "no",
        "highway": "motorway",
        "int_ref": "E 59",
        "lanes": "4",
        "layer": "1",
        "lit": "yes",
        "maxspeed": "80",
        "maxspeed:hgv:conditional": "60 @ (weight>7.5)",
        "maxspeed:variable": "peak_traffic",
        "name": "Hochstraße St. Marx",
        "oneway": "yes",
        "placement": "middle_of:3",
        "ref": "A23",
        "toll": "yes"
      },
      "geometry": {
        "type": "LineString",
        "coordinates": [
          [
            16.4054225,
            48.1850976
          ],
          [
            16.405571,
            48.1852771
          ],
          [
            16.4057596,
            48.1854771
          ],
          [
            16.4060208,
            48.1857207
          ],
          [
            16.406066,
            48.1857571
          ]
        ]
      },
      "id": "way/196751939"
    },
    {
      "type": "Feature",
      "properties": {
        "@id": "way/196754957",
        "bridge": "yes",
        "carriageway_ref": "32",
        "cycleway:both": "no",
        "highway": "motorway_link",
        "lanes": "1",
        "layer": "2",
        "lit": "yes",
        "maxspeed:hgv:conditional": "60 @ (weight>7.5)",
        "oneway": "yes",
        "toll": "yes"
      },
      "geometry": {
        "type": "LineString",
        "coordinates": [
          [
            16.4112986,
            48.1892876
          ],
          [
            16.4114968,
            48.1895324
          ]
        ]
      },
      "id": "way/196754957"
    },
    {
      "type": "Feature",
      "properties": {
        "@id": "way/196754958",
        "bridge": "yes",
        "cycleway:both": "no",
        "hgv:lanes:conditional": "no|yes|yes|yes @ (weight>7.5)",
        "highway": "motorway",
        "int_ref": "E 59",
        "lanes": "4",
        "layer": "2",
        "lit": "yes",
        "maxspeed": "80",
        "maxspeed:hgv:conditional": "60 @ (weight>7.5)",
        "maxspeed:variable": "peak_traffic",
        "name": "Hochstraße St. Marx",
        "oneway": "yes",
        "placement": "middle_of:3",
        "ref": "A23",
        "toll": "yes",
        "turn:lanes": "none|none|through|slight_right;right"
      },
      "geometry": {
        "type": "LineString",
        "coordinates": [
          [
            16.4106165,
            48.1889343
          ],
          [
            16.4112914,
            48.1893926
          ],
          [
            16.4114968,
            48.1895324
          ]
        ]
      },
      "id": "way/196754958"
    },
    {
      "type": "Feature",
      "properties": {
        "@id": "way/196756052",
        "bridge": "yes",
        "carriageway_ref": "3",
        "cycleway:both": "no",
        "highway": "motorway_link",
        "junction:ref": "0",
        "lanes": "1",
        "layer": "1",
        "lit": "yes",
        "maxspeed": "80",
        "oneway": "yes",
        "toll": "yes"
      },
      "geometry": {
        "type": "LineString",
        "coordinates": [
          [
            16.4140017,
            48.1910073
          ],
          [
            16.4140492,
            48.1910197
          ],
          [
            16.4142546,
            48.1910662
          ],
          [
            16.4144474,
            48.1910949
          ],
          [
            16.4146432,
            48.1911174
          ],
          [
            16.414882,
            48.1911315
          ],
          [
            16.4153803,
            48.1911333
          ]
        ]
      },
      "id": "way/196756052"
    },
    {
      "type": "Feature",
      "properties": {
        "@id": "way/196756053",
        "bridge": "yes",
        "cycleway:both": "no",
        "hgv:lanes:conditional": "no|yes|yes @ (weight>7.5)",
        "highway": "motorway",
        "int_ref": "E 59",
        "lanes": "3",
        "layer": "1",
        "lit": "yes",
        "maxspeed": "80",
        "maxspeed:hgv:conditional": "60 @ (weight>7.5)",
        "maxspeed:variable": "peak_traffic",
        "name": "Hochstraße St. Marx",
        "oneway": "yes",
        "ref": "A23",
        "toll": "yes"
      },
      "geometry": {
        "type": "LineString",
        "coordinates": [
          [
            16.4132743,
            48.190788
          ],
          [
            16.4146959,
            48.1917449
          ]
        ]
      },
      "id": "way/196756053"
    },
    {
      "type": "Feature",
      "properties": {
        "@id": "way/196757149",
        "bridge": "yes",
        "cycleway:both": "no",
        "hgv:lanes:conditional": "no|yes|yes @ (weight>7.5)",
        "highway": "motorway",
        "int_ref": "E 59",
        "lanes": "3",
        "layer": "1",
        "lit": "yes",
        "maxspeed": "80",
        "maxspeed:hgv:conditional": "60 @ (weight>7.5)",
        "maxspeed:variable": "peak_traffic",
        "name": "Hochstraße St. Marx",
        "oneway": "yes",
        "ref": "A23",
        "toll": "yes"
      },
      "geometry": {
        "type": "LineString",
        "coordinates": [
          [
            16.41458,
            48.1918198
          ],
          [
            16.4141588,
            48.1915367
          ]
        ]
      },
      "id": "way/196757149"
    },
    {
      "type": "Feature",
      "properties": {
        "@id": "way/196764067",
        "bridge": "yes",
        "cycleway:both": "no",
        "hgv:lanes:conditional": "no|yes|yes|yes @ (weight>7.5)",
        "highway": "motorway",
        "int_ref": "E 59",
        "lanes": "4",
        "layer": "2",
        "lit": "yes",
        "maxspeed": "80",
        "maxspeed:hgv:conditional": "60 @ (weight>7.5)",
        "maxspeed:variable": "peak_traffic",
        "name": "Prater Hochstraße",
        "oneway": "yes",
        "placement": "transition",
        "ref": "A23",
        "ref_name": "Südosttangente",
        "surface": "asphalt",
        "toll": "yes",
        "turn:lanes": "none|none|none|through;slight_right"
      },
      "geometry": {
        "type": "LineString",
        "coordinates": [
          [
            16.4277508,
            48.2007098
          ],
          [
            16.4279448,
            48.2008422
          ]
        ]
      },
      "id": "way/196764067"
    },
    {
      "type": "Feature",
      "properties": {
        "@id": "way/196764072",
        "bridge": "yes",
        "cycleway:both": "no",
        "hgv:lanes:conditional": "no|yes|yes|yes @ (weight>7.5)",
        "highway": "motorway",
        "int_ref": "E 59",
        "lanes": "4",
        "layer": "2",
        "lit": "yes",
        "maxspeed": "80",
        "maxspeed:hgv:conditional": "60 @ (weight>7.5)",
        "maxspeed:variable": "peak_traffic",
        "name": "Praterbrücke",
        "oneway": "yes",
        "ref": "A23",
        "toll": "yes"
      },
      "geometry": {
        "type": "LineString",
        "coordinates": [
          [
            16.4343584,
            48.2051898
          ],
          [
            16.4374233,
            48.2072885
          ]
        ]
      },
      "id": "way/196764072"
    },
    {
      "type": "Feature",
      "properties": {
        "@id": "way/196764076",
        "carriageway_ref": "39",
        "destination": "Handelskai;Hafen Freudenau",
        "destination:ref": "B14",
        "highway": "motorway_link",
        "lanes": "1",
        "maxspeed": "80",
        "oneway": "yes",
        "surface": "asphalt",
        "toll": "yes"
      },
      "geometry": {
        "type": "LineString",
        "coordinates": [
          [
            16.4304474,
            48.2023688
          ],
          [
            16.4306993,
            48.202481
          ],
          [
            16.4309227,
            48.2025559
          ]
        ]
      },
      "id": "way/196764076"
    },
    {
      "type": "Feature",
      "properties": {
        "@id": "way/196764084",
        "carriageway_ref": "8",
        "cycleway:both": "no",
        "highway": "motorway_link",
        "junction:ref": "0",
        "lanes": "1",
        "lit": "yes",
        "maxspeed": "80",
        "oneway": "yes",
        "placement": "transition",
        "toll": "yes"
      },
      "geometry": {
        "type": "LineString",
        "coordinates": [
          [
            16.4195268,
            48.1949936
          ],
          [
            16.4196283,
            48.1951082
          ]
        ]
      },
      "id": "way/196764084"
    },
    {
      "type": "Feature",
      "properties": {
        "@id": "way/196764094",
        "cycleway:both": "no",
        "hgv:lanes:conditional": "no|yes|yes|yes @ (weight>7.5)",
        "highway": "motorway",
        "int_ref": "E 59",
        "lanes": "4",
        "lit": "yes",
        "maxspeed": "80",
        "maxspeed:hgv:conditional": "60 @ (weight>7.5)",
        "maxspeed:variable": "peak_traffic",
        "name": "Südosttangente",
        "oneway": "yes",
        "ref": "A23",
        "toll": "yes"
      },
      "geometry": {
        "type": "LineString",
        "coordinates": [
          [
            16.4199635,
            48.1953442
          ],
          [
            16.4204971,
            48.1957247
          ],
          [
            16.4212752,
            48.1962785
          ]
        ]
      },
      "id": "way/196764094"
    },
    {
      "type": "Feature",
      "properties": {
        "@id": "way/196764096",
        "cycleway:both": "no",
        "hgv:lanes:conditional": "no|yes|yes @ (weight>7.5)",
        "highway": "motorway",
        "int_ref": "E 59",
        "lanes": "3",
        "lit": "yes",
        "maxspeed": "80",
        "maxspeed:hgv:conditional": "60 @ (weight>7.5)",
        "maxspeed:variable": "peak_traffic",
        "name": "Südosttangente",
        "oneway": "yes",
        "placement": "transition",
        "ref": "A23",
        "toll": "yes"
      },
      "geometry": {
        "type": "LineString",
        "coordinates": [
          [
            16.4194719,
            48.1950187
          ],
          [
            16.4196283,
            48.1951082
          ]
        ]
      },
      "id": "way/196764096"
    },
    {
      "type": "Feature",
      "properties": {
        "@id": "way/196764097",
        "cycleway:both": "no",
        "hgv:lanes:conditional": "no|yes|yes @ (weight>7.5)",
        "highway": "motorway",
        "int_ref": "E 59",
        "lanes": "3",
        "lit": "yes",
        "maxspeed": "80",
        "maxspeed:hgv:conditional": "60 @ (weight>7.5)",
        "maxspeed:variable": "peak_traffic",
        "name": "Südosttangente",
        "oneway": "yes",
        "ref": "A23",
        "toll": "yes"
      },
      "geometry": {
        "type": "LineString",
        "coordinates": [
          [
            16.4190902,
            48.1947528
          ],
          [
            16.4194719,
            48.1950187
          ]
        ]
      },
      "id": "way/196764097"
    },
    {
      "type": "Feature",
      "properties": {
        "@id": "way/196764098",
        "cycleway:both": "no",
        "hgv:lanes:conditional": "no|yes|yes|yes @ (weight>7.5)",
        "highway": "motorway",
        "int_ref": "E 59",
        "lanes": "4",
        "lit": "yes",
        "maxspeed": "80",
        "maxspeed:hgv:conditional": "60 @ (weight>7.5)",
        "maxspeed:variable": "peak_traffic",
        "name": "Südosttangente",
        "oneway": "yes",
        "ref": "A23",
        "surface": "asphalt",
        "toll": "yes"
      },
      "geometry": {
        "type": "LineString",
        "coordinates": [
          [
            16.4305959,
            48.2026122
          ],
          [
            16.4312693,
            48.2030714
          ],
          [
            16.43194,
            48.2035313
          ],
          [
            16.432594,
            48.20398
          ]
        ]
      },
      "id": "way/196764098"
    },
    {
      "type": "Feature",
      "properties": {
        "@id": "way/198023337",
        "bridge": "yes",
        "cycleway:both": "no",
        "highway": "motorway",
        "int_ref": "E 59",
        "lanes": "4",
        "layer": "2",
        "lit": "yes",
        "maxspeed": "80",
        "maxspeed:hgv:conditional": "60 @ (weight>7.5)",
        "maxspeed:variable": "peak_traffic",
        "name": "Praterbrücke",
        "oneway": "yes",
        "placement": "transition",
        "ref": "A23",
        "surface": "asphalt",
        "toll": "yes",
        "turn:lanes": "none|none|none|through;slight_right"
      },
      "geometry": {
        "type": "LineString",
        "coordinates": [
          [
            16.4338334,
            48.2050153
          ],
          [
            16.4332887,
            48.2046432
          ]
        ]
      },
      "id": "way/198023337"
    },
    {
      "type": "Feature",
      "properties": {
        "@id": "way/198025471",
        "carriageway_ref": "6",
        "cycleway:both": "no",
        "highway": "motorway_link",
        "junction:ref": "0",
        "lanes": "1",
        "lit": "yes",
        "maxspeed": "80",
        "oneway": "yes",
        "toll": "yes"
      },
      "geometry": {
        "type": "LineString",
        "coordinates": [
          [
            16.4168147,
            48.1948654
          ],
          [
            16.4159585,
            48.194838
          ],
          [
            16.4156174,
            48.1948198
          ],
          [
            16.4151429,
            48.1947826
          ],
          [
            16.4149698,
            48.1947764
          ],
          [
            16.4147768,
            48.1947853
          ],
          [
            16.4146126,
            48.1948035
          ],
          [
            16.4144469,
            48.1948431
          ],
          [
            16.4142406,
            48.1949067
          ]
        ]
      },
      "id": "way/198025471"
    },
    {
      "type": "Feature",
      "properties": {
        "@id": "way/198025476",
        "bridge": "yes",
        "carriageway_ref": "30",
        "cycleway:both": "no",
        "destination": "St.Marx",
        "destination:ref": "B228",
        "destination:symbol": "park_and_ride",
        "highway": "motorway_link",
        "lanes": "1",
        "layer": "2",
        "lit": "yes",
        "maxspeed:hgv:conditional": "60 @ (weight>7.5)",
        "maxspeed:variable": "peak_traffic",
        "oneway": "yes",
        "toll": "yes"
      },
      "geometry": {
        "type": "LineString",
        "coordinates": [
          [
            16.411124,
            48.1896076
          ],
          [
            16.4108984,
            48.1894647
          ],
          [
            16.4103241,
            48.1891281
          ],
          [
            16.4098958,
            48.1888797
          ],
          [
            16.4094662,
            48.1886542
          ],
          [
            16.4085041,
            48.1881932
          ]
        ]
      },
      "id": "way/198025476"
    },
    {
      "type": "Feature",
      "properties": {
        "@id": "way/198025481",
        "cycleway:both": "no",
        "destination:lanes": "Graz;Eisenstadt;Linz;St.Pölten|Graz;Eisenstadt;Linz;St.Pölten|Graz;Eisenstadt;Linz;St.Pölten|Budapest;Bratislava;Flughafen;Alt Simmering;St.Marx|Zentrum;Erdberg",
        "destination:ref:lanes": "A23;A2;A3;A21;A1|A23;A2;A3;A21;A1|A23;A2;A3;A21;A1|A4;A6;B228;B221|B227",
        "destination:symbol:lanes": "|||airport;park_and_ride|centre",
        "fixme": "hgv:lanes:conditional",
        "hgv:lanes:conditional": "no|yes|yes|yes|yes @ (weight>7.5)",
        "highway": "motorway",
        "int_ref": "E 59",
        "lanes": "5",
        "lit": "yes",
        "maxspeed": "80",
        "maxspeed:hgv:conditional": "60 @ (weight>7.5)",
        "maxspeed:variable": "peak_traffic",
        "name": "Südosttangente",
        "oneway": "yes",
        "placement": "middle_of:2",
        "ref": "A23",
        "toll": "yes",
        "turn:lanes": "none|none|through|slight_right|right"
      },
      "geometry": {
        "type": "LineString",
        "coordinates": [
          [
            16.4204224,
            48.1958516
          ],
          [
            16.4202233,
            48.1957101
          ]
        ]
      },
      "id": "way/198025481"
    },
    {
      "type": "Feature",
      "properties": {
        "@id": "way/198025482",
        "cycleway:both": "no",
        "destination:lanes": "Graz;Eisenstadt;Linz;St.Pölten;St.Marx|Graz;Eisenstadt;Linz;St.Pölten;St.Marx|Graz;Eisenstadt;Linz;St.Pölten;St.Marx|Budapest;Bratislava;Flughafen;Alt Simmering;Zentrum;Erdberg",
        "destination:ref:lanes": "A23;A2;A3;A21;A1|A23;A2;A3;A21;A1|A23;A2;A3;A21;A1|A4;A6;B228;B227",
        "fixme": "hgv:lanes:conditional",
        "hgv:lanes:conditional": "no|yes|yes|yes @ (weight>7.5)",
        "highway": "motorway",
        "int_ref": "E 59",
        "lanes": "4",
        "lit": "yes",
        "maxspeed": "80",
        "maxspeed:hgv:conditional": "60 @ (weight>7.5)",
        "maxspeed:variable": "peak_traffic",
        "name": "Südosttangente",
        "oneway": "yes",
        "placement": "transition",
        "ref": "A23",
        "toll": "yes",
        "turn:lanes": "none|none|through|slight_right;right"
      },
      "geometry": {
        "type": "LineString",
        "coordinates": [
          [
            16.4206509,
            48.1960308
          ],
          [
            16.4204224,
            48.1958516
          ]
        ]
      },
      "id": "way/198025482"
    },
    {
      "type": "Feature",
      "properties": {
        "@id": "way/198032028",
        "bridge": "yes",
        "carriageway_ref": "23",
        "destination": "Gürtel;Landstr. Hptstr.;Hauptbahnhof",
        "destination:ref": "B221",
        "highway": "motorway_link",
        "lanes": "2",
        "layer": "2",
        "maxspeed": "80",
        "maxspeed:hgv:conditional": "60 @ (weight>7.5)",
        "maxspeed:variable": "peak_traffic",
        "oneway": "yes",
        "toll": "yes"
      },
      "geometry": {
        "type": "LineString",
        "coordinates": [
          [
            16.4035454,
            48.1820343
          ],
          [
            16.4034297,
            48.1818427
          ],
          [
            16.4032652,
            48.1816323
          ],
          [
            16.403064,
            48.1814249
          ],
          [
            16.4029179,
            48.1813078
          ],
          [
            16.4027802,
            48.1812153
          ],
          [
            16.4026094,
            48.1811272
          ],
          [
            16.4024167,
            48.1810493
          ],
          [
            16.402224,
            48.1809909
          ],
          [
            16.4019866,
            48.1809435
          ],
          [
            16.4017614,
            48.1809168
          ],
          [
            16.4015679,
            48.1809098
          ]
        ]
      },
      "id": "way/198032028"
    },
    {
      "type": "Feature",
      "properties": {
        "@id": "way/198032030",
        "bridge": "yes",
        "cycleway:both": "no",
        "destination": "Graz;Eisenstadt;Linz;St.Pölten;Favoriten",
        "destination:country": "I;SLO;D",
        "destination:ref": "A23;A2;A3;A21;A1;B16;B225",
        "hgv:lanes:conditional": "no|yes|yes @ (weight>7.5)",
        "highway": "motorway",
        "int_ref": "E 59",
        "lanes": "3",
        "layer": "2",
        "maxheight": "default",
        "maxspeed": "80",
        "maxspeed:hgv:conditional": "60 @ (weight>7.5)",
        "maxspeed:variable": "peak_traffic",
        "name": "Hochstraße St. Marx",
        "oneway": "yes",
        "ref": "A23",
        "toll": "yes"
      },
      "geometry": {
        "type": "LineString",
        "coordinates": [
          [
            16.4036871,
            48.1820777
          ],
          [
            16.4035965,
            48.1818896
          ],
          [
            16.4034889,
            48.1817182
          ],
          [
            16.4033993,
            48.181604
          ],
          [
            16.4032804,
            48.1814703
          ],
          [
            16.4031439,
            48.1813376
          ],
          [
            16.403022,
            48.1812337
          ],
          [
            16.4028334,
            48.1810952
          ],
          [
            16.4022705,
            48.1807351
          ],
          [
            16.4019652,
            48.1805351
          ],
          [
            16.4017411,
            48.1803705
          ],
          [
            16.4015354,
            48.18021
          ],
          [
            16.4012968,
            48.1799963
          ],
          [
            16.4011109,
            48.1798119
          ],
          [
            16.4009352,
            48.1796157
          ],
          [
            16.4007824,
            48.1794237
          ],
          [
            16.4006559,
            48.1792501
          ],
          [
            16.4005325,
            48.179058
          ],
          [
            16.4004276,
            48.1788664
          ],
          [
            16.4003411,
            48.1786885
          ],
          [
            16.400253,
            48.1784746
          ]
        ]
      },
      "id": "way/198032030"
    },
    {
      "type": "Feature",
      "properties": {
        "@id": "way/199202617",
        "highway": "motorway",
        "int_ref": "E 58",
        "lanes": "2",
        "lit": "yes",
        "maxspeed": "80",
        "maxspeed:variable": "yes",
        "name": "Ost Autobahn",
        "oneway": "yes",
        "ref": "A4",
        "toll": "yes",
        "turn:lanes": "none|through;slight_right"
      },
      "geometry": {
        "type": "LineString",
        "coordinates": [
          [
            16.4343135,
            48.1861426
          ],
          [
            16.4328811,
            48.1865612
          ]
        ]
      },
      "id": "way/199202617"
    },
    {
      "type": "Feature",
      "properties": {
        "@id": "way/199202619",
        "highway": "motorway",
        "int_ref": "E 58",
        "lanes": "2",
        "lit": "yes",
        "maxspeed": "80",
        "maxspeed:variable": "yes",
        "name": "Ost Autobahn",
        "oneway": "yes",
        "placement": "transition",
        "ref": "A4",
        "toll": "yes",
        "turn:lanes": "none|through;slight_right"
      },
      "geometry": {
        "type": "LineString",
        "coordinates": [
          [
            16.4328811,
            48.1865612
          ],
          [
            16.4321842,
            48.1867588
          ]
        ]
      },
      "id": "way/199202619"
    },
    {
      "type": "Feature",
      "properties": {
        "@id": "way/199202620",
        "change:lanes": "not_right|yes|yes",
        "destination:country:lanes": "none|I;SLO;D|CZ",
        "destination:lanes": "Zentrum;Erdberg|Zentrum;Erdberg;Graz;St.Pölten;St.Marx|Praha;Brno;Handelskai",
        "destination:ref:lanes": "B227|B227;A23;A2|A23;A22;A5;B14",
        "destination:symbol:lanes": "centre|none|none",
        "highway": "motorway",
        "int_ref": "E 58",
        "lanes": "3",
        "lit": "yes",
        "maxspeed": "80",
        "maxspeed:variable": "yes",
        "name": "Ost Autobahn",
        "oneway": "yes",
        "placement": "right_of:1",
        "ref": "A4",
        "toll": "yes",
        "turn:lanes": "none|through;slight_right|right"
      },
      "geometry": {
        "type": "LineString",
        "coordinates": [
          [
            16.4229597,
            48.1897941
          ],
          [
            16.4224793,
            48.190029
          ],
          [
            16.4219666,
            48.1902981
          ],
          [
            16.421344,
            48.1906416
          ],
          [
            16.420861,
            48.1909241
          ]
        ]
      },
      "id": "way/199202620"
    },
    {
      "type": "Feature",
      "properties": {
        "@id": "way/199202624",
        "cycleway:both": "no",
        "destination": "Zentrum;Erdberg",
        "destination:ref": "B227",
        "destination:symbol": "centre",
        "highway": "motorway",
        "int_ref": "E 58",
        "lanes": "2",
        "lit": "yes",
        "maxheight": "default",
        "maxspeed": "80",
        "maxspeed:variable": "yes",
        "name": "Ost Autobahn",
        "oneway": "yes",
        "ref": "A4",
        "toll": "yes"
      },
      "geometry": {
        "type": "LineString",
        "coordinates": [
          [
            16.4196598,
            48.1916261
          ],
          [
            16.4179815,
            48.1925886
          ],
          [
            16.4168174,
            48.1932772
          ]
        ]
      },
      "id": "way/199202624"
    },
    {
      "type": "Feature",
      "properties": {
        "@id": "way/199204966",
        "highway": "motorway_link",
        "int_ref": "E 58",
        "lanes": "2",
        "lit": "yes",
        "maxspeed": "50",
        "oneway": "yes",
        "placement": "transition",
        "source:maxspeed": "sign",
        "toll": "yes"
      },
      "geometry": {
        "type": "LineString",
        "coordinates": [
          [
            16.4101936,
            48.1984582
          ],
          [
            16.4101272,
            48.1985887
          ]
        ]
      },
      "id": "way/199204966"
    },
    {
      "type": "Feature",
      "properties": {
        "@id": "way/199204970",
        "cycleway:both": "no",
        "highway": "primary",
        "lanes": "1",
        "lit": "yes",
        "maxspeed": "50",
        "name": "Schüttelstraße",
        "oneway": "yes",
        "placement": "transition",
        "ref": "B227",
        "sidewalk": "right",
        "sidewalk:right:surface": "asphalt",
        "smoothness": "good",
        "surface": "asphalt"
      },
      "geometry": {
        "type": "LineString",
        "coordinates": [
          [
            16.4102282,
            48.1985176
          ],
          [
            16.4101272,
            48.1985887
          ]
        ]
      },
      "id": "way/199204970"
    },
    {
      "type": "Feature",
      "properties": {
        "@id": "way/199204972",
        "cycleway:both": "no",
        "highway": "primary",
        "lanes": "3",
        "lit": "yes",
        "maxspeed": "50",
        "name": "Schüttelstraße",
        "oneway": "yes",
        "parking:left": "no",
        "ref": "B227",
        "sidewalk": "right",
        "sidewalk:right:surface": "asphalt",
        "smoothness": "good",
        "surface": "asphalt"
      },
      "geometry": {
        "type": "LineString",
        "coordinates": [
          [
            16.4101272,
            48.1985887
          ],
          [
            16.4088892,
            48.2003065
          ],
          [
            16.4088132,
            48.2004019
          ],
          [
            16.4085522,
            48.2007105
          ],
          [
            16.4081121,
            48.2010787
          ],
          [
            16.4077229,
            48.2013521
          ],
          [
            16.4069451,
            48.201776
          ],
          [
            16.4062413,
            48.2020829
          ],
          [
            16.4054957,
            48.2023248
          ],
          [
            16.4052111,
            48.2024
          ],
          [
            16.404844,
            48.20249
          ],
          [
            16.4039671,
            48.2026787
          ],
          [
            16.4032507,
            48.2028013
          ],
          [
            16.4026618,
            48.2029053
          ],
          [
            16.4025456,
            48.2029253
          ],
          [
            16.4024917,
            48.2029337
          ],
          [
            16.4023871,
            48.2029511
          ],
          [
            16.4007809,
            48.2032202
          ],
          [
            16.4002899,
            48.203344
          ],
          [
            16.3999264,
            48.2035015
          ],
          [
            16.3995402,
            48.2037229
          ],
          [
            16.3991486,
            48.2040248
          ],
          [
            16.3991057,
            48.2040578
          ],
          [
            16.3990461,
            48.2041038
          ],
          [
            16.3987779,
            48.2043677
          ],
          [
            16.3984266,
            48.2048157
          ],
          [
            16.3982568,
            48.2050911
          ],
          [
            16.3982278,
            48.2051554
          ]
        ]
      },
      "id": "way/199204972"
    },
    {
      "type": "Feature",
      "properties": {
        "@id": "way/199204975",
        "carriageway_ref": "6",
        "highway": "motorway_link",
        "junction:ref": "0",
        "lanes": "1",
        "lit": "yes",
        "maxspeed": "80",
        "oneway": "yes",
        "placement": "transition",
        "toll": "yes"
      },
      "geometry": {
        "type": "LineString",
        "coordinates": [
          [
            16.4142406,
            48.1949067
          ],
          [
            16.4139085,
            48.1950162
          ]
        ]
      },
      "id": "way/199204975"
    },
    {
      "type": "Feature",
      "properties": {
        "@id": "way/203288834",
        "highway": "tertiary",
        "lane_markings": "no",
        "lit": "yes",
        "maxspeed": "50",
        "name": "Erdbergstraße",
        "sidewalk": "both",
        "sidewalk:both:surface": "paving_stones",
        "smoothness": "good",
        "source:maxspeed": "AT:urban",
        "source:width": "ARCore",
        "surface": "asphalt",
        "width": "10.4"
      },
      "geometry": {
        "type": "LineString",
        "coordinates": [
          [
            16.3996965,
            48.1989584
          ],
          [
            16.3997449,
            48.1989216
          ],
          [
            16.3997679,
            48.1989055
          ],
          [
            16.3998991,
            48.1988133
          ],
          [
            16.4004309,
            48.1984558
          ],
          [
            16.4010787,
            48.1980071
          ],
          [
            16.4011475,
            48.1979653
          ],
          [
            16.401239,
            48.1979278
          ],
          [
            16.4013827,
            48.1978737
          ],
          [
            16.4023655,
            48.1974731
          ],
          [
            16.4024495,
            48.1974411
          ]
        ]
      },
      "id": "way/203288834"
    },
    {
      "type": "Feature",
      "properties": {
        "@id": "way/214792843",
        "cycleway:right": "track",
        "cycleway:right:oneway": "no",
        "dual_carriageway": "yes",
        "highway": "primary",
        "lanes": "2",
        "lit": "yes",
        "maxspeed": "50",
        "name": "Landstraßer Gürtel",
        "oneway": "yes",
        "parking:left": "no",
        "ref": "B221",
        "surface": "asphalt"
      },
      "geometry": {
        "type": "LineString",
        "coordinates": [
          [
            16.3913337,
            48.1880136
          ],
          [
            16.3915851,
            48.1879809
          ],
          [
            16.3919915,
            48.1879167
          ]
        ]
      },
      "id": "way/214792843"
    },
    {
      "type": "Feature",
      "properties": {
        "@id": "way/214795936",
        "cycleway:left": "no",
        "cycleway:right": "lane",
        "cycleway:right:lane": "advisory",
        "dual_carriageway": "yes",
        "highway": "primary",
        "lanes": "1",
        "lit": "yes",
        "maxspeed": "50",
        "name": "Landstraßer Hauptstraße",
        "oneway": "yes",
        "parking:both": "no",
        "ref": "B221",
        "source:maxspeed": "AT:urban",
        "surface": "asphalt"
      },
      "geometry": {
        "type": "LineString",
        "coordinates": [
          [
            16.3995105,
            48.1887497
          ],
          [
            16.3993569,
            48.1885739
          ]
        ]
      },
      "id": "way/214795936"
    },
    {
      "type": "Feature",
      "properties": {
        "@id": "way/215070841",
        "cycleway:left": "no",
        "cycleway:right": "separate",
        "dual_carriageway": "yes",
        "highway": "primary",
        "lanes": "1",
        "lit": "yes",
        "maxspeed": "50",
        "name": "Landstraßer Gürtel",
        "oneway": "yes",
        "parking:left": "no",
        "ref": "B221",
        "surface": "asphalt"
      },
      "geometry": {
        "type": "LineString",
        "coordinates": [
          [
            16.3960752,
            48.1862028
          ],
          [
            16.3959144,
            48.1863225
          ],
          [
            16.3954932,
            48.1866582
          ],
          [
            16.3950536,
            48.186947
          ],
          [
            16.3944443,
            48.187292
          ],
          [
            16.394083,
            48.1874553
          ],
          [
            16.3934117,
            48.1876904
          ]
        ]
      },
      "id": "way/215070841"
    },
    {
      "type": "Feature",
      "properties": {
        "@id": "way/221968663",
        "embedded_rails": "tram",
        "highway": "tertiary",
        "lanes": "3",
        "lanes:backward": "1",
        "lanes:forward": "2",
        "lit": "yes",
        "maxspeed": "50",
        "name": "Erdbergstraße",
        "note": "sorry, aber imo sind die Gleise zum Straßenbahnmuseum railway=tram (railway=preserved sagt ja nicht aus, dass es Straßenbahngleise sind)... Kontakt: user \"darkweasel\"",
        "sidewalk:both": "separate",
        "sidewalk:both:surface": "asphalt",
        "smoothness": "good",
        "source:maxspeed": "AT:urban",
        "surface": "asphalt",
        "trolley_wire": "yes",
        "turn:lanes:forward": "left|through;right"
      },
      "geometry": {
        "type": "LineString",
        "coordinates": [
          [
            16.4078847,
            48.1953415
          ],
          [
            16.4079394,
            48.1953117
          ],
          [
            16.4079699,
            48.1952952
          ],
          [
            16.4079906,
            48.1952787
          ]
        ]
      },
      "id": "way/221968663"
    },
    {
      "type": "Feature",
      "properties": {
        "@id": "way/221974303",
        "cycleway:both": "no",
        "dual_carriageway": "yes",
        "highway": "primary",
        "lanes": "2",
        "lit": "yes",
        "maxspeed": "50",
        "name": "Landstraßer Hauptstraße",
        "oneway": "yes",
        "parking:both": "no",
        "ref": "B221",
        "smoothness": "good",
        "surface": "asphalt"
      },
      "geometry": {
        "type": "LineString",
        "coordinates": [
          [
            16.399751,
            48.1887861
          ],
          [
            16.399786,
            48.1888303
          ],
          [
            16.3997975,
            48.1888437
          ],
          [
            16.3997994,
            48.1888459
          ],
          [
            16.3998087,
            48.1888574
          ],
          [
            16.399822,
            48.1888738
          ],
          [
            16.3998726,
            48.1889364
          ]
        ]
      },
      "id": "way/221974303"
    },
    {
      "type": "Feature",
      "properties": {
        "@id": "way/228860517",
        "cycleway:right": "no",
        "dual_carriageway": "yes",
        "highway": "primary",
        "lanes": "2",
        "lit": "yes",
        "maxspeed": "50",
        "name": "Heinrich-Drimmel-Platz",
        "name:etymology:wikidata": "Q1597075",
        "name:etymology:wikipedia": "de:Heinrich Drimmel",
        "oneway": "yes",
        "parking:left": "no",
        "ref": "B221",
        "sidewalk": "separate",
        "surface": "asphalt"
      },
      "geometry": {
        "type": "LineString",
        "coordinates": [
          [
            16.3909178,
            48.1881689
          ],
          [
            16.3907443,
            48.1881715
          ],
          [
            16.3907046,
            48.1881725
          ],
          [
            16.3905024,
            48.1881739
          ]
        ]
      },
      "id": "way/228860517"
    },
    {
      "type": "Feature",
      "properties": {
        "@id": "way/231621454",
        "cycleway:left": "lane",
        "cycleway:left:lane": "advisory",
        "cycleway:right": "no",
        "embedded_rails": "tram",
        "highway": "tertiary",
        "lanes": "2",
        "lit": "yes",
        "maxspeed": "30",
        "name": "Leberstraße",
        "oneway": "no",
        "sidewalk": "left",
        "sidewalk:left:surface": "asphalt",
        "smoothness": "good",
        "source:maxspeed": "AT:zone:30",
        "surface": "asphalt"
      },
      "geometry": {
        "type": "LineString",
        "coordinates": [
          [
            16.4002542,
            48.1871924
          ],
          [
            16.3999316,
            48.1874161
          ],
          [
            16.3996572,
            48.1875816
          ]
        ]
      },
      "id": "way/231621454"
    },
    {
      "type": "Feature",
      "properties": {
        "@id": "way/231622324",
        "highway": "tertiary",
        "junction": "roundabout",
        "lane_markings": "no",
        "lit": "yes",
        "maxspeed": "30",
        "sidewalk": "right",
        "sidewalk:right:surface": "asphalt",
        "smoothness": "good",
        "source:maxspeed": "AT:zone:30",
        "surface": "asphalt"
      },
      "geometry": {
        "type": "LineString",
        "coordinates": [
          [
            16.4009722,
            48.1865851
          ],
          [
            16.4010005,
            48.1866026
          ],
          [
            16.4010187,
            48.1866253
          ],
          [
            16.4010248,
            48.1866507
          ],
          [
            16.4010181,
            48.186676
          ]
        ]
      },
      "id": "way/231622324"
    },
    {
      "type": "Feature",
      "properties": {
        "@id": "way/231622325",
        "cycleway:right": "no",
        "highway": "tertiary",
        "junction": "roundabout",
        "lane_markings": "no",
        "lit": "yes",
        "maxspeed": "30",
        "sidewalk": "right",
        "sidewalk:right:surface": "asphalt",
        "smoothness": "good",
        "source:maxspeed": "AT:zone:30",
        "surface": "asphalt"
      },
      "geometry": {
        "type": "LineString",
        "coordinates": [
          [
            16.4008305,
            48.1867081
          ],
          [
            16.4008108,
            48.1866929
          ],
          [
            16.4007976,
            48.1866749
          ],
          [
            16.4007918,
            48.1866553
          ],
          [
            16.4007964,
            48.1866278
          ],
          [
            16.4008152,
            48.1866032
          ],
          [
            16.4008456,
            48.1865845
          ]
        ]
      },
      "id": "way/231622325"
    },
    {
      "type": "Feature",
      "properties": {
        "@id": "way/231622326",
        "highway": "tertiary",
        "junction": "roundabout",
        "lane_markings": "no",
        "lit": "yes",
        "maxspeed": "30",
        "sidewalk": "right",
        "sidewalk:right:surface": "asphalt",
        "smoothness": "good",
        "source:maxspeed": "AT:zone:30",
        "surface": "asphalt"
      },
      "geometry": {
        "type": "LineString",
        "coordinates": [
          [
            16.4010181,
            48.186676
          ],
          [
            16.4009949,
            48.186702
          ],
          [
            16.4009586,
            48.1867202
          ],
          [
            16.4009416,
            48.1867231
          ],
          [
            16.4009146,
            48.1867277
          ],
          [
            16.4008834,
            48.1867248
          ],
          [
            16.4008696,
            48.1867235
          ],
          [
            16.4008305,
            48.1867081
          ]
        ]
      },
      "id": "way/231622326"
    },
    {
      "type": "Feature",
      "properties": {
        "@id": "way/231622327",
        "cycleway:right": "no",
        "highway": "tertiary",
        "junction": "roundabout",
        "lane_markings": "no",
        "lit": "yes",
        "maxspeed": "30",
        "sidewalk": "right",
        "sidewalk:right:surface": "asphalt",
        "smoothness": "good",
        "source:maxspeed": "AT:zone:30",
        "surface": "asphalt"
      },
      "geometry": {
        "type": "LineString",
        "coordinates": [
          [
            16.4008456,
            48.1865845
          ],
          [
            16.4009091,
            48.1865724
          ],
          [
            16.4009722,
            48.1865851
          ]
        ]
      },
      "id": "way/231622327"
    },
    {
      "type": "Feature",
      "properties": {
        "@id": "way/234113923",
        "cycleway:right": "no",
        "dual_carriageway": "yes",
        "highway": "secondary",
        "lanes": "1",
        "lit": "yes",
        "maxspeed": "50",
        "name": "Rennweg",
        "oneway": "yes",
        "parking:left": "no",
        "smoothness": "good",
        "surface": "asphalt",
        "turn:lanes": "through;right"
      },
      "geometry": {
        "type": "LineString",
        "coordinates": [
          [
            16.3982924,
            48.1898578
          ],
          [
            16.3991079,
            48.1893548
          ],
          [
            16.3991774,
            48.189297
          ]
        ]
      },
      "id": "way/234113923"
    },
    {
      "type": "Feature",
      "properties": {
        "@id": "way/234113924",
        "cycleway:left": "no",
        "cycleway:right": "separate",
        "dual_carriageway": "yes",
        "highway": "primary",
        "lanes": "2",
        "lit": "yes",
        "maxspeed": "50",
        "name": "Landstraßer Hauptstraße",
        "oneway": "yes",
        "parking:both": "no",
        "ref": "B221",
        "source:maxspeed": "AT:urban",
        "surface": "asphalt",
        "turn:lanes": "|through;right"
      },
      "geometry": {
        "type": "LineString",
        "coordinates": [
          [
            16.3989661,
            48.1879528
          ],
          [
            16.3990421,
            48.1879724
          ],
          [
            16.3991171,
            48.1879891
          ],
          [
            16.3991711,
            48.1880227
          ],
          [
            16.3992061,
            48.1880499
          ],
          [
            16.3992421,
            48.1880819
          ],
          [
            16.3993282,
            48.1881775
          ],
          [
            16.3994856,
            48.1883835
          ],
          [
            16.3996112,
            48.1885791
          ],
          [
            16.3996435,
            48.1886295
          ],
          [
            16.3996953,
            48.1887135
          ],
          [
            16.399751,
            48.1887861
          ]
        ]
      },
      "id": "way/234113924"
    },
    {
      "type": "Feature",
      "properties": {
        "@id": "way/234113925",
        "cycleway:both": "no",
        "dual_carriageway": "yes",
        "highway": "primary",
        "lanes": "2",
        "lit": "yes",
        "maxspeed": "50",
        "name": "Rennweg",
        "oneway": "yes",
        "parking:left": "no",
        "sidewalk:left": "no",
        "sidewalk:right": "separate",
        "surface": "asphalt"
      },
      "geometry": {
        "type": "LineString",
        "coordinates": [
          [
            16.4011755,
            48.1878167
          ],
          [
            16.4007944,
            48.1881562
          ],
          [
            16.4005181,
            48.1884023
          ]
        ]
      },
      "id": "way/234113925"
    },
    {
      "type": "Feature",
      "properties": {
        "@id": "way/235970586",
        "carriageway_ref": "2",
        "highway": "motorway_link",
        "junction:ref": "0",
        "lanes": "1",
        "lit": "yes",
        "maxheight": "default",
        "maxspeed": "80",
        "oneway": "yes",
        "toll": "yes"
      },
      "geometry": {
        "type": "LineString",
        "coordinates": [
          [
            16.4140397,
            48.1935221
          ],
          [
            16.4141167,
            48.1934394
          ],
          [
            16.4142084,
            48.1933902
          ],
          [
            16.414312,
            48.1933463
          ],
          [
            16.4144504,
            48.1932921
          ],
          [
            16.4146254,
            48.1932276
          ],
          [
            16.4147731,
            48.1931704
          ],
          [
            16.4149263,
            48.1931056
          ],
          [
            16.4151979,
            48.1929843
          ],
          [
            16.415456,
            48.192863
          ],
          [
            16.41609,
            48.1924867
          ],
          [
            16.4166573,
            48.1921703
          ],
          [
            16.417545,
            48.1916379
          ],
          [
            16.4181079,
            48.1913197
          ]
        ]
      },
      "id": "way/235970586"
    },
    {
      "type": "Feature",
      "properties": {
        "@id": "way/235970587",
        "bridge": "yes",
        "carriageway_ref": "34",
        "cycleway:both": "no",
        "destination:lanes": "Budapest;Bratislava;Flughafen;Alt Simmering|Graz;Linz;St.Marx",
        "destination:ref:lanes": "A4;A6;B228|A23;A2;A21;A1;B221",
        "highway": "motorway_link",
        "junction:ref": "105",
        "lanes": "2",
        "layer": "1",
        "maxspeed": "80",
        "oneway": "yes",
        "source:maxspeed": "sign",
        "toll": "yes",
        "turn:lanes": "slight_left|through"
      },
      "geometry": {
        "type": "LineString",
        "coordinates": [
          [
            16.4150289,
            48.1946051
          ],
          [
            16.4148419,
            48.1945412
          ],
          [
            16.414745,
            48.1945042
          ],
          [
            16.4146281,
            48.1944532
          ],
          [
            16.4144522,
            48.1943571
          ],
          [
            16.4142979,
            48.1942648
          ],
          [
            16.4141935,
            48.1942019
          ],
          [
            16.4141103,
            48.1941321
          ],
          [
            16.4140357,
            48.1940612
          ]
        ]
      },
      "id": "way/235970587"
    },
    {
      "type": "Feature",
      "properties": {
        "@id": "way/235970589",
        "carriageway_ref": "36",
        "cycleway:both": "no",
        "highway": "motorway_link",
        "junction:ref": "105",
        "lanes": "1",
        "maxspeed": "80",
        "oneway": "yes",
        "source:maxspeed": "sign",
        "toll": "yes"
      },
      "geometry": {
        "type": "LineString",
        "coordinates": [
          [
            16.4190662,
            48.1928661
          ],
          [
            16.4191057,
            48.1931486
          ],
          [
            16.4191204,
            48.1933405
          ],
          [
            16.419114,
            48.1935171
          ],
          [
            16.4191045,
            48.1939283
          ],
          [
            16.4191256,
            48.1942038
          ],
          [
            16.4191512,
            48.1943719
          ],
          [
            16.4192236,
            48.1945525
          ],
          [
            16.4193521,
            48.1947471
          ],
          [
            16.4194758,
            48.1948825
          ],
          [
            16.4196252,
            48.1950272
          ],
          [
            16.4201076,
            48.1953587
          ],
          [
            16.4203651,
            48.1955447
          ],
          [
            16.4204971,
            48.1957247
          ]
        ]
      },
      "id": "way/235970589"
    },
    {
      "type": "Feature",
      "properties": {
        "@id": "way/235970590",
        "bridge": "yes",
        "carriageway_ref": "5",
        "cycleway:both": "no",
        "destination": "Zentrum;Erdberg",
        "destination:ref": "B227",
        "destination:symbol": "centre",
        "highway": "motorway_link",
        "junction:ref": "0",
        "lanes": "1",
        "layer": "1",
        "maxspeed": "80",
        "oneway": "yes",
        "toll": "yes"
      },
      "geometry": {
        "type": "LineString",
        "coordinates": [
          [
            16.4184488,
            48.191854
          ],
          [
            16.4184978,
            48.1919351
          ],
          [
            16.4185277,
            48.1919766
          ],
          [
            16.4185891,
            48.192062
          ],
          [
            16.418631,
            48.1921532
          ],
          [
            16.418641,
            48.1922434
          ],
          [
            16.4186394,
            48.1923467
          ],
          [
            16.4186056,
            48.1924626
          ],
          [
            16.4185602,
            48.1925483
          ],
          [
            16.4184835,
            48.1926424
          ]
        ]
      },
      "id": "way/235970590"
    },
    {
      "type": "Feature",
      "properties": {
        "@id": "way/235970592",
        "carriageway_ref": "1",
        "destination:lanes": "Praha;Brno;Handelskai|Graz;Linz;St. Marx",
        "destination:ref:lanes": "A23;A22;A5;B14|A23;A2;A21;A1;B221",
        "highway": "motorway_link",
        "junction:ref": "0",
        "lanes": "2",
        "maxheight": "default",
        "maxspeed": "70",
        "oneway": "yes",
        "source:maxspeed": "sign",
        "toll": "yes",
        "turn:lanes": "slight_left|through"
      },
      "geometry": {
        "type": "LineString",
        "coordinates": [
          [
            16.4135435,
            48.1939392
          ],
          [
            16.4136423,
            48.193835
          ],
          [
            16.4137596,
            48.1936708
          ],
          [
            16.4138398,
            48.1935266
          ]
        ]
      },
      "id": "way/235970592"
    },
    {
      "type": "Feature",
      "properties": {
        "@id": "way/235970594",
        "carriageway_ref": "7",
        "cycleway:both": "no",
        "destination": "Graz;Linz;St. Marx",
        "destination:country": "I;SLO;D",
        "destination:int_ref": "E 59;E 60",
        "destination:ref": "A23;A2;A21;A1;B221",
        "highway": "motorway_link",
        "junction:ref": "0",
        "lanes": "1",
        "maxspeed": "70",
        "oneway": "yes",
        "toll": "yes"
      },
      "geometry": {
        "type": "LineString",
        "coordinates": [
          [
            16.4138398,
            48.1935266
          ],
          [
            16.4138321,
            48.193397
          ],
          [
            16.413842,
            48.1932406
          ],
          [
            16.4138391,
            48.1930682
          ],
          [
            16.4137972,
            48.1928477
          ],
          [
            16.4137497,
            48.1926214
          ],
          [
            16.4137308,
            48.1924727
          ],
          [
            16.4137281,
            48.1923444
          ]
        ]
      },
      "id": "way/235970594"
    },
    {
      "type": "Feature",
      "properties": {
        "@id": "way/235970595",
        "carriageway_ref": "34",
        "cycleway:both": "no",
        "destination": "Budapest;Bratislava;Flughafen;Alt Simmering",
        "destination:country": "H;SK",
        "destination:ref": "A4;A6;B228",
        "destination:symbol": "airport",
        "highway": "motorway_link",
        "junction:ref": "105",
        "lanes": "1",
        "maxspeed": "80",
        "oneway": "yes",
        "source:maxspeed": "sign",
        "toll": "yes"
      },
      "geometry": {
        "type": "LineString",
        "coordinates": [
          [
            16.4194367,
            48.1952234
          ],
          [
            16.4192789,
            48.1951398
          ],
          [
            16.4190091,
            48.1950204
          ],
          [
            16.4187245,
            48.1949336
          ],
          [
            16.4184902,
            48.1948771
          ],
          [
            16.41822,
            48.1948353
          ],
          [
            16.4179759,
            48.1948193
          ],
          [
            16.4176299,
            48.1948067
          ],
          [
            16.4172598,
            48.1947978
          ],
          [
            16.4168011,
            48.1947889
          ],
          [
            16.4160127,
            48.1947688
          ],
          [
            16.4156825,
            48.1947441
          ],
          [
            16.4156322,
            48.1947375
          ]
        ]
      },
      "id": "way/235970595"
    },
    {
      "type": "Feature",
      "properties": {
        "@id": "way/235970602",
        "carriageway_ref": "34",
        "check_date": "2020-11-28",
        "cycleway:both": "no",
        "highway": "motorway_link",
        "junction:ref": "105",
        "lanes": "1",
        "layer": "1",
        "maxspeed": "80",
        "oneway": "yes",
        "source:maxspeed": "sign",
        "toll": "yes"
      },
      "geometry": {
        "type": "LineString",
        "coordinates": [
          [
            16.4136269,
            48.1933202
          ],
          [
            16.4136149,
            48.1932492
          ],
          [
            16.4135975,
            48.1931249
          ],
          [
            16.4135964,
            48.1930232
          ],
          [
            16.4135954,
            48.1929027
          ],
          [
            16.4136161,
            48.1926762
          ],
          [
            16.4136303,
            48.1923756
          ]
        ]
      },
      "id": "way/235970602"
    },
    {
      "type": "Feature",
      "properties": {
        "@id": "way/237133165",
        "bicycle": "yes",
        "bus:lanes": "yes|designated",
        "busway": "lane",
        "cycleway:left": "no",
        "cycleway:right": "share_busway",
        "foot": "no",
        "highway": "tertiary",
        "lanes": "2",
        "lit": "yes",
        "maxspeed": "30",
        "name": "Meiereistraße",
        "oneway": "yes",
        "parking:both": "no",
        "shoulder": "no",
        "sidewalk": "none",
        "smoothness": "good",
        "source:maxspeed": "AT:zone:30",
        "surface": "asphalt",
        "taxi:lanes": "yes|designated"
      },
      "geometry": {
        "type": "LineString",
        "coordinates": [
          [
            16.416709,
            48.2046325
          ],
          [
            16.4165572,
            48.2044895
          ],
          [
            16.4164925,
            48.2043954
          ]
        ]
      },
      "id": "way/237133165"
    },
    {
      "type": "Feature",
      "properties": {
        "@id": "way/237133166",
        "bicycle": "yes",
        "bicycle:lanes": "yes|designated",
        "bus:lanes": "yes|designated",
        "busway": "lane",
        "cycleway:left": "no",
        "cycleway:right": "share_busway",
        "foot": "no",
        "highway": "tertiary",
        "lanes": "2",
        "lit": "yes",
        "maxspeed": "30",
        "name": "Meiereistraße",
        "oneway": "yes",
        "parking:both": "no",
        "shoulder": "no",
        "sidewalk": "none",
        "smoothness": "excellent",
        "source:maxspeed": "AT:zone:30",
        "surface": "asphalt",
        "taxi:lanes": "yes|designated"
      },
      "geometry": {
        "type": "LineString",
        "coordinates": [
          [
            16.4168545,
            48.2045463
          ],
          [
            16.4170235,
            48.2047465
          ],
          [
            16.4173803,
            48.2051719
          ],
          [
            16.4176324,
            48.2054615
          ],
          [
            16.4180293,
            48.2059388
          ]
        ]
      },
      "id": "way/237133166"
    },
    {
      "type": "Feature",
      "properties": {
        "@id": "way/237133167",
        "bus:lanes:backward": "yes|designated",
        "highway": "tertiary",
        "lanes": "3",
        "lanes:backward": "2",
        "lanes:forward": "1",
        "lit": "yes",
        "maxspeed": "30",
        "name": "Stadionallee",
        "parking:both": "no",
        "smoothness": "good",
        "source:maxspeed": "AT:zone:30",
        "surface": "asphalt",
        "taxi:lanes:backward": "yes|designated"
      },
      "geometry": {
        "type": "LineString",
        "coordinates": [
          [
            16.4161719,
            48.204105
          ],
          [
            16.4163369,
            48.204265
          ],
          [
            16.4164,
            48.2043178
          ],
          [
            16.4164925,
            48.2043954
          ]
        ]
      },
      "id": "way/237133167"
    },
    {
      "type": "Feature",
      "properties": {
        "@id": "way/242827669",
        "bridge": "yes",
        "carriageway_ref": "34",
        "check_date": "2022-11-28",
        "cycleway:both": "no",
        "destination": "Graz;Linz;St.Marx",
        "destination:country": "I;SLO;D",
        "destination:int_ref": "E 59;E 60",
        "destination:ref": "A23;A2;A21;A1;B221",
        "destination:symbol": "park_and_ride",
        "highway": "motorway_link",
        "junction:ref": "105",
        "lanes": "1",
        "layer": "1",
        "maxspeed": "80",
        "oneway": "yes",
        "source:maxspeed": "sign",
        "toll": "yes"
      },
      "geometry": {
        "type": "LineString",
        "coordinates": [
          [
            16.4140357,
            48.1940612
          ],
          [
            16.4139464,
            48.1939959
          ],
          [
            16.4138381,
            48.193863
          ],
          [
            16.4137598,
            48.1937289
          ],
          [
            16.4136712,
            48.1935433
          ],
          [
            16.4136269,
            48.1933202
          ]
        ]
      },
      "id": "way/242827669"
    },
    {
      "type": "Feature",
      "properties": {
        "@id": "way/242827670",
        "carriageway_ref": "1",
        "destination": "Praha;Brno;Handelskai",
        "destination:country": "CZ",
        "destination:int_ref": "E 49;E 59;E 461",
        "destination:ref": "A23;A22;A5;B14",
        "highway": "motorway_link",
        "junction:ref": "0",
        "lanes": "1",
        "lit": "yes",
        "maxheight": "default",
        "maxspeed": "70",
        "oneway": "yes",
        "source:maxspeed": "sign",
        "surface": "asphalt",
        "toll": "yes"
      },
      "geometry": {
        "type": "LineString",
        "coordinates": [
          [
            16.4138398,
            48.1935266
          ],
          [
            16.4139553,
            48.1934178
          ],
          [
            16.4140702,
            48.1933303
          ],
          [
            16.4142033,
            48.193265
          ],
          [
            16.4143597,
            48.1932105
          ],
          [
            16.4145185,
            48.193156
          ],
          [
            16.4149904,
            48.1930032
          ],
          [
            16.4152487,
            48.1929009
          ],
          [
            16.4154195,
            48.192826
          ],
          [
            16.4155492,
            48.1927585
          ],
          [
            16.4160431,
            48.1924643
          ],
          [
            16.4162328,
            48.1923444
          ],
          [
            16.4165166,
            48.1921565
          ],
          [
            16.4165916,
            48.1920887
          ],
          [
            16.4166528,
            48.1920234
          ],
          [
            16.4166968,
            48.1919592
          ],
          [
            16.4167208,
            48.191897
          ]
        ]
      },
      "id": "way/242827670"
    },
    {
      "type": "Feature",
      "properties": {
        "@id": "way/249965580",
        "cycleway:right": "no",
        "dual_carriageway": "yes",
        "highway": "secondary",
        "lane_markings": "no",
        "lit": "yes",
        "maxspeed": "50",
        "name": "Rennweg",
        "oneway": "yes",
        "parking:left": "no",
        "sidewalk:left": "no",
        "sidewalk:right": "separate",
        "smoothness": "excellent",
        "surface": "asphalt"
      },
      "geometry": {
        "type": "LineString",
        "coordinates": [
          [
            16.3941643,
            48.1922317
          ],
          [
            16.3944115,
            48.1921079
          ]
        ]
      },
      "id": "way/249965580"
    },
    {
      "type": "Feature",
      "properties": {
        "@id": "way/264984484",
        "cycleway:both": "lane",
        "cycleway:both:lane": "advisory",
        "highway": "secondary",
        "lanes": "4",
        "lanes:backward": "3",
        "lanes:forward": "1",
        "lit": "yes",
        "maxspeed": "50",
        "name": "Landstraßer Hauptstraße",
        "parking:left": "no",
        "parking:right": "lane",
        "parking:right:orientation": "diagonal",
        "sidewalk:both": "separate",
        "smoothness": "good",
        "surface": "asphalt",
        "turn:lanes:backward": "left|slight_left|right"
      },
      "geometry": {
        "type": "LineString",
        "coordinates": [
          [
            16.4010161,
            48.190523
          ],
          [
            16.4009503,
            48.1905546
          ],
          [
            16.4008986,
            48.1905894
          ],
          [
            16.4008559,
            48.1906182
          ],
          [
            16.4007724,
            48.1907045
          ],
          [
            16.4002638,
            48.1912443
          ]
        ]
      },
      "id": "way/264984484"
    },
    {
      "type": "Feature",
      "properties": {
        "@id": "way/266165607",
        "cycleway:both": "no",
        "highway": "primary",
        "lanes": "4",
        "lanes:backward": "2",
        "lanes:forward": "2",
        "lit": "yes",
        "maxspeed": "50",
        "name": "Handelskai",
        "ref": "B14",
        "sidewalk": "right",
        "source:maxspeed": "AT:urban",
        "surface": "asphalt"
      },
      "geometry": {
        "type": "LineString",
        "coordinates": [
          [
            16.4246756,
            48.2112189
          ],
          [
            16.42633,
            48.2100513
          ],
          [
            16.4275904,
            48.2091531
          ]
        ]
      },
      "id": "way/266165607"
    },
    {
      "type": "Feature",
      "properties": {
        "@id": "way/268591522",
        "destination": "Erdberg;Town Town",
        "destination:ref": "B221",
        "highway": "primary",
        "lanes": "1",
        "lit": "yes",
        "maxspeed": "50",
        "name": "Erdberger Lände",
        "oneway": "yes",
        "ref": "B227",
        "surface": "concrete"
      },
      "geometry": {
        "type": "LineString",
        "coordinates": [
          [
            16.4076597,
            48.1993448
          ],
          [
            16.4077513,
            48.1991429
          ],
          [
            16.4079755,
            48.19885
          ],
          [
            16.4081915,
            48.1985467
          ],
          [
            16.4082154,
            48.1985131
          ],
          [
            16.4082389,
            48.1984801
          ],
          [
            16.4082452,
            48.1984713
          ],
          [
            16.4082936,
            48.1984033
          ]
        ]
      },
      "id": "way/268591522"
    },
    {
      "type": "Feature",
      "properties": {
        "@id": "way/279444590",
        "cycleway:right": "no",
        "destination:lanes": "Budapest;Bratislava;Alt Simmering;Praha;Brno;Graz;Linz|Budapest;Bratislava;Alt Simmering;Praha;Brno;Graz;Linz|Erdberg",
        "destination:ref:lanes": "A4;B228;A22;A2;A1|A4;B228;A22;A2;A1|B221",
        "highway": "primary",
        "lanes": "3",
        "lit": "yes",
        "maxspeed": "50",
        "name": "Erdberger Lände",
        "oneway": "yes",
        "ref": "B227",
        "smoothness": "good",
        "surface": "concrete"
      },
      "geometry": {
        "type": "LineString",
        "coordinates": [
          [
            16.4061551,
            48.2008341
          ],
          [
            16.406462,
            48.2006374
          ],
          [
            16.4067848,
            48.2004054
          ],
          [
            16.4069013,
            48.2002959
          ],
          [
            16.4069898,
            48.2002128
          ],
          [
            16.4071209,
            48.2000613
          ]
        ]
      },
      "id": "way/279444590"
    },
    {
      "type": "Feature",
      "properties": {
        "@id": "way/279444591",
        "destination": "Budapest;Bratislava;Alt Simmering",
        "destination:country": "H;SK",
        "destination:int_ref": "E 58",
        "destination:ref": "A4;B228",
        "destination:symbol": "airport",
        "highway": "motorway",
        "int_ref": "E 58",
        "lanes": "3",
        "lit": "yes",
        "maxspeed": "70",
        "name": "Ost Autobahn",
        "official_ref": "A41",
        "oneway": "yes",
        "ref": "A4",
        "toll": "yes"
      },
      "geometry": {
        "type": "LineString",
        "coordinates": [
          [
            16.4133164,
            48.1942078
          ],
          [
            16.4137007,
            48.1939779
          ]
        ]
      },
      "id": "way/279444591"
    },
    {
      "type": "Feature",
      "properties": {
        "@id": "way/285491540",
        "destination:backward": "Klosterneuburg;Messezentrum;Prater;Trabrennbahn Krieau;Marina Wien",
        "destination:symbol:backward": "motorroad;stadium",
        "highway": "primary",
        "lanes": "5",
        "lanes:backward": "3",
        "lanes:forward": "2",
        "maxspeed": "50",
        "name": "Handelskai",
        "ref": "B14",
        "surface": "asphalt",
        "turn:lanes:backward": "left|through|"
      },
      "geometry": {
        "type": "LineString",
        "coordinates": [
          [
            16.4350599,
            48.2039167
          ],
          [
            16.4351244,
            48.2038765
          ]
        ]
      },
      "id": "way/285491540"
    },
    {
      "type": "Feature",
      "properties": {
        "@id": "way/295725475",
        "cycleway:both": "no",
        "dual_carriageway": "yes",
        "highway": "secondary",
        "lanes": "1",
        "lit": "yes",
        "maxspeed": "50",
        "name": "Rennweg",
        "oneway": "yes",
        "parking:left": "no",
        "sidewalk:left": "no",
        "sidewalk:right": "separate",
        "source:maxspeed": "AT:urban",
        "surface": "asphalt"
      },
      "geometry": {
        "type": "LineString",
        "coordinates": [
          [
            16.3932053,
            48.1927263
          ],
          [
            16.3920556,
            48.1931815
          ],
          [
            16.3915044,
            48.1933599
          ]
        ]
      },
      "id": "way/295725475"
    },
    {
      "type": "Feature",
      "properties": {
        "@id": "way/301978228",
        "cycleway:both": "no",
        "dual_carriageway": "yes",
        "highway": "secondary",
        "lanes": "1",
        "lit": "yes",
        "maxspeed": "50",
        "name": "Rennweg",
        "oneway": "yes",
        "sidewalk:left": "no",
        "sidewalk:right": "separate",
        "smoothness": "excellent",
        "source:maxspeed": "AT:urban",
        "surface": "asphalt"
      },
      "geometry": {
        "type": "LineString",
        "coordinates": [
          [
            16.3870975,
            48.1943319
          ],
          [
            16.3872291,
            48.1943157
          ],
          [
            16.3873451,
            48.1942992
          ],
          [
            16.3874272,
            48.1942851
          ],
          [
            16.3875723,
            48.1942589
          ],
          [
            16.3878996,
            48.1941785
          ],
          [
            16.388561,
            48.1940232
          ],
          [
            16.3896593,
            48.1937673
          ],
          [
            16.389756,
            48.1937347
          ]
        ]
      },
      "id": "way/301978228"
    },
    {
      "type": "Feature",
      "properties": {
        "@id": "way/305352440",
        "cycleway:both": "no",
        "embedded_rails": "tram",
        "highway": "primary",
        "lanes": "2",
        "lanes:backward": "1",
        "lanes:forward": "1",
        "lit": "yes",
        "maxspeed": "50",
        "name": "Schlachthausgasse",
        "ref": "B221",
        "sidewalk": "separate",
        "smoothness": "good",
        "source:maxspeed": "AT:urban",
        "surface": "asphalt",
        "trolley_wire": "yes"
      },
      "geometry": {
        "type": "LineString",
        "coordinates": [
          [
            16.4069065,
            48.19474
          ],
          [
            16.4066921,
            48.1946302
          ],
          [
            16.4065836,
            48.1945712
          ]
        ]
      },
      "id": "way/305352440"
    },
    {
      "type": "Feature",
      "properties": {
        "@id": "way/305352441",
        "cycleway:both": "no",
        "embedded_rails": "tram",
        "highway": "primary",
        "lanes": "3",
        "lanes:backward": "1",
        "lanes:forward": "2",
        "lit": "yes",
        "maxspeed": "50",
        "name": "Schlachthausgasse",
        "ref": "B221",
        "sidewalk": "both",
        "sidewalk:both:surface": "asphalt",
        "surface": "asphalt"
      },
      "geometry": {
        "type": "LineString",
        "coordinates": [
          [
            16.4029843,
            48.1919737
          ],
          [
            16.4018655,
            48.1911123
          ]
        ]
      },
      "id": "way/305352441"
    },
    {
      "type": "Feature",
      "properties": {
        "@id": "way/306166658",
        "cycleway:both": "no",
        "highway": "primary",
        "lanes": "4",
        "lanes:backward": "3",
        "lanes:forward": "1",
        "lit": "yes",
        "maxspeed": "50",
        "name": "Simmeringer Hauptstraße",
        "note": "S.H. beginns #Rinnböckstraße /al",
        "sidewalk": "both",
        "source:maxspeed": "AT:urban",
        "surface": "concrete",
        "todo": "don't know where Simmeringer Hptstr ends and B10 begins",
        "turn:lanes:backward": "slight_right|slight_right|right"
      },
      "geometry": {
        "type": "LineString",
        "coordinates": [
          [
            16.4050946,
            48.1843622
          ],
          [
            16.4052894,
            48.1841977
          ]
        ]
      },
      "id": "way/306166658"
    },
    {
      "type": "Feature",
      "properties": {
        "@id": "way/308023509",
        "cycleway:both": "separate",
        "highway": "tertiary",
        "lanes": "5",
        "lanes:backward": "2",
        "lanes:forward": "3",
        "lit": "yes",
        "maxspeed": "50",
        "name": "Modecenterstraße",
        "parking:both": "no",
        "smoothness": "excellent",
        "source:maxspeed": "AT:urban",
        "surface": "asphalt",
        "turn:lanes:forward": "left;through|right|right"
      },
      "geometry": {
        "type": "LineString",
        "coordinates": [
          [
            16.4152622,
            48.1855805
          ],
          [
            16.4152435,
            48.1855619
          ],
          [
            16.4151844,
            48.1855029
          ]
        ]
      },
      "id": "way/308023509"
    },
    {
      "type": "Feature",
      "properties": {
        "@id": "way/310144502",
        "cycleway:both": "no",
        "destination": "Gürtel",
        "dual_carriageway": "yes",
        "highway": "primary",
        "lanes": "2",
        "lanes:bus": "1",
        "lit": "yes",
        "maxspeed": "50",
        "name": "Landstraßer Hauptstraße",
        "oneway": "yes",
        "parking:both": "no",
        "ref": "B221",
        "sidewalk:left": "no",
        "sidewalk:right": "separate",
        "smoothness": "excellent",
        "surface": "asphalt"
      },
      "geometry": {
        "type": "LineString",
        "coordinates": [
          [
            16.4010161,
            48.190523
          ],
          [
            16.4008901,
            48.1904202
          ],
          [
            16.4007603,
            48.1903144
          ],
          [
            16.4006829,
            48.1902407
          ],
          [
            16.4005876,
            48.1901267
          ],
          [
            16.400581,
            48.1901189
          ],
          [
            16.4002607,
            48.1897141
          ],
          [
            16.4002007,
            48.1896389
          ]
        ]
      },
      "id": "way/310144502"
    },
    {
      "type": "Feature",
      "properties": {
        "@id": "way/310144504",
        "cycleway:both": "no",
        "dual_carriageway": "yes",
        "highway": "primary",
        "lanes": "3",
        "lanes:bus": "1",
        "lit": "yes",
        "maxspeed": "50",
        "name": "Landstraßer Hauptstraße",
        "oneway": "yes",
        "ref": "B221",
        "sidewalk:left": "no",
        "sidewalk:right": "separate",
        "smoothness": "excellent",
        "surface": "asphalt",
        "turn:lanes": "|left|"
      },
      "geometry": {
        "type": "LineString",
        "coordinates": [
          [
            16.4002452,
            48.1894452
          ],
          [
            16.4004437,
            48.1897183
          ],
          [
            16.4008137,
            48.190154
          ]
        ]
      },
      "id": "way/310144504"
    },
    {
      "type": "Feature",
      "properties": {
        "@id": "way/311974401",
        "cycleway:both": "no",
        "dual_carriageway": "yes",
        "highway": "primary",
        "lanes": "2",
        "lit": "yes",
        "maxspeed": "50",
        "name": "Landstraßer Hauptstraße",
        "oneway": "yes",
        "parking:both": "no",
        "ref": "B221",
        "smoothness": "good",
        "surface": "asphalt",
        "turn:lanes": "left|through"
      },
      "geometry": {
        "type": "LineString",
        "coordinates": [
          [
            16.3997305,
            48.1890489
          ],
          [
            16.3996857,
            48.1889623
          ],
          [
            16.3996758,
            48.1889488
          ],
          [
            16.3996644,
            48.1889333
          ],
          [
            16.3996534,
            48.1889182
          ],
          [
            16.3996385,
            48.1888979
          ]
        ]
      },
      "id": "way/311974401"
    },
    {
      "type": "Feature",
      "properties": {
        "@id": "way/311974402",
        "cycleway:both": "no",
        "destination": "Zentrum",
        "destination:symbol": "centre",
        "dual_carriageway": "yes",
        "highway": "secondary",
        "lanes": "2",
        "lit": "yes",
        "maxspeed": "50",
        "name": "Rennweg",
        "oneway": "yes",
        "parking:left": "no",
        "sidewalk:left": "no",
        "sidewalk:right": "separate",
        "surface": "asphalt",
        "turn:lanes": "merge_to_right|"
      },
      "geometry": {
        "type": "LineString",
        "coordinates": [
          [
            16.3997305,
            48.1890489
          ],
          [
            16.3996116,
            48.1891242
          ],
          [
            16.3995227,
            48.189184
          ]
        ]
      },
      "id": "way/311974402"
    },
    {
      "type": "Feature",
      "properties": {
        "@id": "way/313958937",
        "cycleway:both": "no",
        "highway": "tertiary",
        "junction": "roundabout",
        "lane_markings": "no",
        "lit": "yes",
        "maxspeed:type": "AT:urban",
        "sidewalk": "right",
        "smoothness": "good",
        "surface": "concrete"
      },
      "geometry": {
        "type": "LineString",
        "coordinates": [
          [
            16.4247099,
            48.1798858
          ],
          [
            16.4246989,
            48.1799055
          ],
          [
            16.4246796,
            48.1799221
          ],
          [
            16.4246537,
            48.179934
          ],
          [
            16.4246236,
            48.1799402
          ],
          [
            16.4245921,
            48.1799401
          ],
          [
            16.4245621,
            48.1799337
          ],
          [
            16.4245365,
            48.1799217
          ],
          [
            16.4245292,
            48.1799153
          ],
          [
            16.4245175,
            48.1799052
          ],
          [
            16.4245067,
            48.1798856
          ],
          [
            16.4245046,
            48.1798733
          ],
          [
            16.4245059,
            48.1798608
          ],
          [
            16.4245105,
            48.1798488
          ]
        ]
      },
      "id": "way/313958937"
    },
    {
      "type": "Feature",
      "properties": {
        "@id": "way/320047418",
        "cycleway:both": "no",
        "highway": "primary",
        "lanes": "5",
        "lanes:backward": "3",
        "lanes:forward": "2",
        "lit": "yes",
        "maxspeed": "50",
        "name": "Baumgasse",
        "ref": "B228",
        "sidewalk:both": "separate",
        "smoothness": "good",
        "source:maxspeed": "AT:urban",
        "surface": "asphalt",
        "turn:lanes:backward": "left|through|right"
      },
      "geometry": {
        "type": "LineString",
        "coordinates": [
          [
            16.4116986,
            48.18885
          ],
          [
            16.4118441,
            48.1887615
          ],
          [
            16.412013,
            48.1886587
          ]
        ]
      },
      "id": "way/320047418"
    },
    {
      "type": "Feature",
      "properties": {
        "@id": "way/320047419",
        "cycleway:both": "no",
        "highway": "secondary",
        "lanes": "3",
        "lanes:backward": "2",
        "lanes:forward": "1",
        "lit": "yes",
        "maxheight": "default",
        "maxspeed": "50",
        "name": "Litfaßstraße",
        "name:etymology:wikidata": "Q90732",
        "name:etymology:wikipedia": "de:Ernst Litfaß",
        "parking:both": "no",
        "smoothness": "excellent",
        "source:maxspeed": "AT:urban",
        "surface": "asphalt",
        "turn:lanes:backward": "left|through;right"
      },
      "geometry": {
        "type": "LineString",
        "coordinates": [
          [
            16.4086981,
            48.1864671
          ],
          [
            16.4087936,
            48.1865862
          ],
          [
            16.4089116,
            48.1867303
          ]
        ]
      },
      "id": "way/320047419"
    },
    {
      "type": "Feature",
      "properties": {
        "@id": "way/325052402",
        "cycleway:right": "no",
        "destination": "Erdberg;St. Marx",
        "dual_carriageway": "yes",
        "highway": "primary",
        "lane_markings": "no",
        "lit": "yes",
        "maxspeed": "50",
        "name": "Schlachthausgasse",
        "oneway": "yes",
        "parking:both": "no",
        "ref": "B221",
        "sidewalk:left": "no",
        "sidewalk:right": "separate",
        "smoothness": "good",
        "surface": "asphalt"
      },
      "geometry": {
        "type": "LineString",
        "coordinates": [
          [
            16.4011494,
            48.1904932
          ],
          [
            16.4012953,
            48.1905809
          ],
          [
            16.401407,
            48.190647
          ]
        ]
      },
      "id": "way/325052402"
    },
    {
      "type": "Feature",
      "properties": {
        "@id": "way/331966035",
        "bridge": "yes",
        "carriageway_ref": "2",
        "destination": "Budapest;Bratislava;Flughafen;Alt Simmering",
        "destination:country": "H;SK",
        "destination:int_ref": "E 58",
        "destination:ref": "A4;A6;B228",
        "destination:symbol": "airport",
        "highway": "motorway_link",
        "junction:ref": "0",
        "lanes": "1",
        "layer": "1",
        "maxspeed": "80",
        "oneway": "yes",
        "toll": "yes"
      },
      "geometry": {
        "type": "LineString",
        "coordinates": [
          [
            16.4140357,
            48.1940612
          ],
          [
            16.4139904,
            48.1939861
          ],
          [
            16.4139412,
            48.1939002
          ],
          [
            16.4139184,
            48.1938195
          ],
          [
            16.4139239,
            48.1937365
          ],
          [
            16.4139569,
            48.1936479
          ],
          [
            16.4139958,
            48.1935783
          ],
          [
            16.4140397,
            48.1935221
          ]
        ]
      },
      "id": "way/331966035"
    },
    {
      "type": "Feature",
      "properties": {
        "@id": "way/333408769",
        "carriageway_ref": "8",
        "cycleway:both": "no",
        "destination:ref": "A23;A22;A5;B14",
        "highway": "motorway_link",
        "junction:ref": "0",
        "lanes": "1",
        "lit": "yes",
        "maxspeed": "80",
        "oneway": "yes",
        "toll": "yes"
      },
      "geometry": {
        "type": "LineString",
        "coordinates": [
          [
            16.4189402,
            48.1938201
          ],
          [
            16.4189827,
            48.1940596
          ],
          [
            16.4190251,
            48.1942589
          ],
          [
            16.4190959,
            48.1944607
          ],
          [
            16.4191738,
            48.1946211
          ],
          [
            16.4193153,
            48.1948016
          ],
          [
            16.4194463,
            48.1949254
          ],
          [
            16.4195268,
            48.1949936
          ]
        ]
      },
      "id": "way/333408769"
    },
    {
      "type": "Feature",
      "properties": {
        "@id": "way/333531103",
        "carriageway_ref": "4",
        "cycleway:both": "no",
        "destination": "A23;A2",
        "highway": "motorway_link",
        "junction:ref": "0",
        "lanes": "1",
        "lit": "yes",
        "maxspeed": "80",
        "maxspeed:hgv:conditional": "60 @ (weight>7.5)",
        "oneway": "yes",
        "toll": "yes"
      },
      "geometry": {
        "type": "LineString",
        "coordinates": [
          [
            16.4162293,
            48.1937932
          ],
          [
            16.4161244,
            48.1938815
          ],
          [
            16.4160422,
            48.1939901
          ],
          [
            16.4159796,
            48.1940984
          ],
          [
            16.4159642,
            48.1942301
          ],
          [
            16.4159904,
            48.1943331
          ],
          [
            16.4160402,
            48.1944364
          ],
          [
            16.4161412,
            48.1945433
          ],
          [
            16.4162736,
            48.1946219
          ],
          [
            16.4164336,
            48.1946774
          ],
          [
            16.4166221,
            48.1947019
          ],
          [
            16.4168145,
            48.1947013
          ],
          [
            16.4169867,
            48.1946717
          ],
          [
            16.4171412,
            48.1946119
          ],
          [
            16.4172817,
            48.1945225
          ],
          [
            16.4173757,
            48.1944254
          ],
          [
            16.4174304,
            48.194313
          ],
          [
            16.4174438,
            48.1941988
          ],
          [
            16.417416,
            48.1940771
          ],
          [
            16.4173465,
            48.1939531
          ],
          [
            16.4173247,
            48.1939045
          ],
          [
            16.4170446,
            48.1935123
          ]
        ]
      },
      "id": "way/333531103"
    },
    {
      "type": "Feature",
      "properties": {
        "@id": "way/333762542",
        "bridge": "yes",
        "carriageway_ref": "36",
        "change:lanes": "slight_left|through",
        "destination:lanes": "Zentrum;Erdberg|Praha;Brno;Handelskai",
        "destination:ref:lanes": "B227|A23;A22;A5;B14",
        "highway": "motorway_link",
        "junction:ref": "105",
        "lanes": "2",
        "layer": "1",
        "maxspeed": "80",
        "oneway": "yes",
        "source:maxspeed": "sign",
        "toll": "yes"
      },
      "geometry": {
        "type": "LineString",
        "coordinates": [
          [
            16.4176117,
            48.1914121
          ],
          [
            16.417862,
            48.1914997
          ],
          [
            16.4180583,
            48.1915922
          ],
          [
            16.418238,
            48.191693
          ],
          [
            16.4182961,
            48.1917319
          ],
          [
            16.4184488,
            48.191854
          ]
        ]
      },
      "id": "way/333762542"
    },
    {
      "type": "Feature",
      "properties": {
        "@id": "way/334895473",
        "carriageway_ref": "5",
        "cycleway:both": "no",
        "highway": "motorway_link",
        "junction:ref": "0",
        "lanes": "1",
        "lit": "yes",
        "maxheight": "default",
        "maxspeed": "80",
        "oneway": "yes",
        "toll": "yes"
      },
      "geometry": {
        "type": "LineString",
        "coordinates": [
          [
            16.4184835,
            48.1926424
          ],
          [
            16.4184183,
            48.1927001
          ],
          [
            16.4183595,
            48.1927452
          ],
          [
            16.4182828,
            48.192789
          ],
          [
            16.4181688,
            48.1928348
          ],
          [
            16.4180636,
            48.1928686
          ],
          [
            16.4179658,
            48.1928909
          ],
          [
            16.4177645,
            48.1929349
          ],
          [
            16.4175767,
            48.192983
          ],
          [
            16.4174684,
            48.1930209
          ],
          [
            16.4173175,
            48.1930805
          ],
          [
            16.4171727,
            48.1931536
          ],
          [
            16.4160268,
            48.1938391
          ],
          [
            16.4154981,
            48.1941526
          ],
          [
            16.4149917,
            48.1944358
          ],
          [
            16.4148336,
            48.1944591
          ]
        ]
      },
      "id": "way/334895473"
    },
    {
      "type": "Feature",
      "properties": {
        "@id": "way/336452328",
        "carriageway_ref": "36",
        "highway": "motorway_link",
        "junction:ref": "105",
        "lanes": "1",
        "maxspeed": "80",
        "oneway": "yes",
        "source:maxspeed": "sign",
        "toll": "yes",
        "turn:lanes": "slight_left;through"
      },
      "geometry": {
        "type": "LineString",
        "coordinates": [
          [
            16.4158102,
            48.1912478
          ],
          [
            16.4163855,
            48.1912639
          ],
          [
            16.4166612,
            48.1912704
          ],
          [
            16.4168815,
            48.1912815
          ]
        ]
      },
      "id": "way/336452328"
    },
    {
      "type": "Feature",
      "properties": {
        "@id": "way/339441473",
        "cycleway:both": "no",
        "highway": "tertiary",
        "lanes": "2",
        "lit": "yes",
        "maxspeed": "50",
        "name": "Kleistgasse",
        "name:etymology:wikidata": "Q28494",
        "name:etymology:wikipedia": "de:Heinrich von Kleist",
        "sidewalk": "separate",
        "smoothness": "excellent",
        "surface": "asphalt"
      },
      "geometry": {
        "type": "LineString",
        "coordinates": [
          [
            16.3903192,
            48.1929453
          ],
          [
            16.3903007,
            48.192893
          ],
          [
            16.3903374,
            48.1927927
          ]
        ]
      },
      "id": "way/339441473"
    },
    {
      "type": "Feature",
      "properties": {
        "@id": "way/341757217",
        "cycleway:left": "lane",
        "cycleway:left:lane": "advisory",
        "cycleway:right": "no",
        "highway": "tertiary",
        "lanes": "6",
        "lanes:backward": "2",
        "lanes:forward": "4",
        "lcn": "yes",
        "lit": "yes",
        "maxspeed": "50",
        "name": "Ghegastraße",
        "name:etymology:wikidata": "Q699456",
        "name:etymology:wikipedia": "de:Carl von Ghega",
        "sidewalk:left": "yes",
        "sidewalk:left:surface": "sett",
        "sidewalk:right": "separate",
        "smoothness": "good",
        "surface": "asphalt",
        "turn:lanes:forward": "left|through|right|right"
      },
      "geometry": {
        "type": "LineString",
        "coordinates": [
          [
            16.3906741,
            48.1873914
          ],
          [
            16.3907214,
            48.1874968
          ],
          [
            16.3907922,
            48.1876544
          ],
          [
            16.3908557,
            48.1878105
          ],
          [
            16.3908698,
            48.1878453
          ],
          [
            16.3908789,
            48.1878808
          ],
          [
            16.3908855,
            48.1879303
          ],
          [
            16.3908894,
            48.1879568
          ],
          [
            16.3909012,
            48.1880502
          ]
        ]
      },
      "id": "way/341757217"
    },
    {
      "type": "Feature",
      "properties": {
        "@id": "way/341757220",
        "cycleway:both": "no",
        "destination:backward": "Auto im Reisezug;Heeresgeschichtliches Museum;Hauptbahnhof Ost 1",
        "destination:symbol:backward": "car_shuttle_train;covered_parking",
        "highway": "tertiary",
        "lanes": "4",
        "lanes:backward": "2",
        "lanes:forward": "2",
        "lit": "yes",
        "maxspeed": "50",
        "name": "Heinrich-Drimmel-Platz",
        "parking:both": "no",
        "sidewalk": "separate",
        "surface": "asphalt",
        "turn:lanes:backward": "left|through",
        "turn:lanes:forward": "left|through"
      },
      "geometry": {
        "type": "LineString",
        "coordinates": [
          [
            16.3909012,
            48.1880502
          ],
          [
            16.3909178,
            48.1881689
          ]
        ]
      },
      "id": "way/341757220"
    },
    {
      "type": "Feature",
      "properties": {
        "@id": "way/344169108",
        "cycleway": "separate",
        "highway": "tertiary",
        "lanes": "3",
        "lanes:backward": "2",
        "lanes:forward": "1",
        "lit": "yes",
        "maxspeed": "50",
        "name": "Modecenterstraße",
        "sidewalk": "separate",
        "smoothness": "excellent",
        "surface": "asphalt",
        "turn:lanes:backward": "left|right"
      },
      "geometry": {
        "type": "LineString",
        "coordinates": [
          [
            16.4181294,
            48.1885481
          ],
          [
            16.4181051,
            48.1885226
          ],
          [
            16.418074,
            48.18849
          ],
          [
            16.4179228,
            48.1883314
          ]
        ]
      },
      "id": "way/344169108"
    },
    {
      "type": "Feature",
      "properties": {
        "@id": "way/345715197",
        "cycleway:right": "no",
        "dual_carriageway": "yes",
        "highway": "secondary",
        "lanes": "2",
        "lit": "yes",
        "maxspeed": "50",
        "name": "Rennweg",
        "oneway": "yes",
        "parking:left": "no",
        "smoothness": "good",
        "surface": "asphalt",
        "turn:lanes": "through|through;right"
      },
      "geometry": {
        "type": "LineString",
        "coordinates": [
          [
            16.3995444,
            48.1889914
          ],
          [
            16.3996385,
            48.1888979
          ]
        ]
      },
      "id": "way/345715197"
    },
    {
      "type": "Feature",
      "properties": {
        "@id": "way/345715198",
        "cycleway:both": "no",
        "dual_carriageway": "yes",
        "highway": "secondary",
        "lanes": "2",
        "lit": "yes",
        "maxspeed": "50",
        "name": "Rennweg",
        "oneway": "yes",
        "parking:both": "no",
        "smoothness": "good",
        "surface": "asphalt"
      },
      "geometry": {
        "type": "LineString",
        "coordinates": [
          [
            16.3996883,
            48.1888484
          ],
          [
            16.399751,
            48.1887861
          ]
        ]
      },
      "id": "way/345715198"
    },
    {
      "type": "Feature",
      "properties": {
        "@id": "way/345715215",
        "cycleway:both": "no",
        "destination": "Schwechat;Neu Marx;St. Marxer Friedhof",
        "dual_carriageway": "yes",
        "highway": "secondary",
        "lanes": "2",
        "lit": "yes",
        "maxspeed": "50",
        "name": "Rennweg",
        "oneway": "yes",
        "parking:both": "no",
        "smoothness": "good",
        "surface": "concrete:plates"
      },
      "geometry": {
        "type": "LineString",
        "coordinates": [
          [
            16.3996385,
            48.1888979
          ],
          [
            16.3996561,
            48.1888804
          ],
          [
            16.3996612,
            48.1888753
          ],
          [
            16.3996883,
            48.1888484
          ]
        ]
      },
      "id": "way/345715215"
    },
    {
      "type": "Feature",
      "properties": {
        "@id": "way/346588534",
        "cycleway:both": "no",
        "dual_carriageway": "yes",
        "foot": "no",
        "highway": "primary",
        "lanes": "2",
        "lit": "yes",
        "maxspeed": "50",
        "name": "Schlachthausgasse",
        "oneway": "yes",
        "ref": "B221",
        "shoulder": "no",
        "sidewalk": "no",
        "smoothness": "excellent",
        "surface": "asphalt",
        "turn:lanes": "left|through;right"
      },
      "geometry": {
        "type": "LineString",
        "coordinates": [
          [
            16.4010694,
            48.1905558
          ],
          [
            16.4010161,
            48.190523
          ]
        ]
      },
      "id": "way/346588534"
    },
    {
      "type": "Feature",
      "properties": {
        "@id": "way/346588535",
        "cycleway:right": "no",
        "destination": "Anschlussstelle Erdberg;Anschlussstelle St. Marx",
        "destination:ref": "A4;A23",
        "destination:symbol": "motorway",
        "dual_carriageway": "yes",
        "highway": "primary",
        "lane_markings": "no",
        "lit": "yes",
        "maxspeed": "50",
        "name": "Schlachthausgasse",
        "oneway": "yes",
        "ref": "B221",
        "sidewalk": "right",
        "sidewalk:right:surface": "asphalt",
        "smoothness": "excellent",
        "surface": "asphalt"
      },
      "geometry": {
        "type": "LineString",
        "coordinates": [
          [
            16.401407,
            48.190647
          ],
          [
            16.401721,
            48.1909029
          ],
          [
            16.4018379,
            48.1910707
          ],
          [
            16.4018655,
            48.1911123
          ]
        ]
      },
      "id": "way/346588535"
    },
    {
      "type": "Feature",
      "properties": {
        "@id": "way/346588536",
        "cycleway:right": "no",
        "dual_carriageway": "yes",
        "highway": "primary",
        "lanes": "1",
        "lit": "yes",
        "maxspeed": "50",
        "name": "Schlachthausgasse",
        "oneway": "yes",
        "ref": "B221",
        "sidewalk": "right",
        "sidewalk:right:surface": "asphalt",
        "smoothness": "good",
        "surface": "asphalt"
      },
      "geometry": {
        "type": "LineString",
        "coordinates": [
          [
            16.4018655,
            48.1911123
          ],
          [
            16.4016594,
            48.1909745
          ]
        ]
      },
      "id": "way/346588536"
    },
    {
      "type": "Feature",
      "properties": {
        "@id": "way/352524921",
        "bicycle:lanes": "yes|designated",
        "bus:lanes": "yes|designated",
        "busway": "lane",
        "cycleway": "share_busway",
        "foot": "use_sidepath",
        "highway": "tertiary",
        "lanes": "2",
        "lit": "yes",
        "maxspeed": "30",
        "name": "Meiereistraße",
        "oneway": "yes",
        "sidewalk:left": "no",
        "sidewalk:right": "separate",
        "smoothness": "excellent",
        "source:maxspeed": "AT:zone:30",
        "surface": "asphalt",
        "taxi:lanes": "yes|designated"
      },
      "geometry": {
        "type": "LineString",
        "coordinates": [
          [
            16.4185854,
            48.2072808
          ],
          [
            16.4185898,
            48.2073402
          ],
          [
            16.4185147,
            48.2074975
          ],
          [
            16.4184611,
            48.2076173
          ],
          [
            16.4184352,
            48.2077071
          ],
          [
            16.4184168,
            48.2078062
          ],
          [
            16.4184209,
            48.2078943
          ],
          [
            16.4184691,
            48.2080516
          ],
          [
            16.4185979,
            48.2082322
          ],
          [
            16.4187484,
            48.2083674
          ],
          [
            16.4189001,
            48.2085038
          ],
          [
            16.4190282,
            48.208619
          ],
          [
            16.4191537,
            48.208729
          ],
          [
            16.4194168,
            48.2089392
          ],
          [
            16.419554,
            48.2090391
          ],
          [
            16.4196419,
            48.2091299
          ]
        ]
      },
      "id": "way/352524921"
    },
    {
      "type": "Feature",
      "properties": {
        "@id": "way/352524923",
        "bicycle:lanes:backward": "yes|designated",
        "bicycle:lanes:forward": "yes|designated",
        "bus:lanes:backward": "yes|designated",
        "bus:lanes:forward": "yes|designated",
        "busway": "lane",
        "cycleway": "share_busway",
        "highway": "tertiary",
        "lanes": "4",
        "lanes:backward": "2",
        "lanes:forward": "2",
        "lit": "yes",
        "maxspeed": "30",
        "name": "Meiereistraße",
        "parking:both": "no",
        "sidewalk:both": "separate",
        "smoothness": "good",
        "source:maxspeed": "AT:zone:30",
        "surface": "asphalt",
        "taxi:lanes:backward": "yes|designated",
        "taxi:lanes:forward": "yes|designated"
      },
      "geometry": {
        "type": "LineString",
        "coordinates": [
          [
            16.4185854,
            48.2072808
          ],
          [
            16.4186424,
            48.2070979
          ],
          [
            16.4186261,
            48.206883
          ],
          [
            16.4184721,
            48.2066157
          ],
          [
            16.4184002,
            48.2065117
          ],
          [
            16.4182451,
            48.2062974
          ],
          [
            16.4181967,
            48.2062289
          ]
        ]
      },
      "id": "way/352524923"
    },
    {
      "type": "Feature",
      "properties": {
        "@id": "way/352524929",
        "bicycle:lanes": "yes|designated",
        "bus:lanes": "yes|designated",
        "busway": "lane",
        "cycleway": "share_busway",
        "foot": "use_sidepath",
        "highway": "tertiary",
        "lanes": "2",
        "lit": "yes",
        "maxspeed": "30",
        "name": "Meiereistraße",
        "oneway": "yes",
        "smoothness": "excellent",
        "source:maxspeed": "AT:zone:30",
        "surface": "asphalt",
        "taxi:lanes": "yes|designated"
      },
      "geometry": {
        "type": "LineString",
        "coordinates": [
          [
            16.4197357,
            48.2092968
          ],
          [
            16.4196507,
            48.2092509
          ],
          [
            16.4195501,
            48.2091713
          ],
          [
            16.4195292,
            48.2091536
          ],
          [
            16.4195181,
            48.2091442
          ]
        ]
      },
      "id": "way/352524929"
    },
    {
      "type": "Feature",
      "properties": {
        "@id": "way/353000985",
        "highway": "primary",
        "lanes": "4",
        "lit": "yes",
        "maxspeed": "50",
        "name": "Schüttelstraße",
        "oneway": "yes",
        "ref": "B227",
        "shoulder": "no",
        "sidewalk": "separate",
        "smoothness": "good",
        "surface": "concrete",
        "turn:lanes": "left|none|none|none"
      },
      "geometry": {
        "type": "LineString",
        "coordinates": [
          [
            16.3980276,
            48.2059792
          ],
          [
            16.3980237,
            48.2060177
          ],
          [
            16.3980209,
            48.206045
          ],
          [
            16.3980181,
            48.206073
          ]
        ]
      },
      "id": "way/353000985"
    },
    {
      "type": "Feature",
      "properties": {
        "@id": "way/353000986",
        "cycleway:right": "track",
        "embedded_rails": "tram",
        "foot": "no",
        "highway": "tertiary",
        "lanes": "2",
        "lcn": "yes",
        "lit": "yes",
        "maxspeed": "50",
        "motor_vehicle": "yes",
        "name": "Rotundenbrücke",
        "oneway": "yes",
        "parking:both": "no",
        "smoothness": "excellent",
        "surface": "asphalt",
        "turn:lanes": "left|through",
        "wikidata": "Q2169109"
      },
      "geometry": {
        "type": "LineString",
        "coordinates": [
          [
            16.3976902,
            48.2059477
          ],
          [
            16.3977927,
            48.2059572
          ],
          [
            16.3978437,
            48.205962
          ],
          [
            16.3980276,
            48.2059792
          ]
        ]
      },
      "id": "way/353000986"
    },
    {
      "type": "Feature",
      "properties": {
        "@id": "way/358974042",
        "highway": "tertiary",
        "lane_markings": "no",
        "lit": "yes",
        "maxspeed": "50",
        "name": "Grasbergergasse",
        "parking:both": "no",
        "smoothness": "intermediate",
        "source:maxspeed": "AT:urban",
        "surface": "concrete"
      },
      "geometry": {
        "type": "LineString",
        "coordinates": [
          [
            16.4018999,
            48.1870539
          ],
          [
            16.4018845,
            48.1870464
          ],
          [
            16.4018659,
            48.1870374
          ],
          [
            16.4018271,
            48.1870222
          ]
        ]
      },
      "id": "way/358974042"
    },
    {
      "type": "Feature",
      "properties": {
        "@id": "way/358974050",
        "cycleway:both": "no",
        "dual_carriageway": "yes",
        "highway": "primary",
        "lanes": "2",
        "lit": "yes",
        "maxspeed": "50",
        "name": "Rennweg",
        "oneway": "yes",
        "parking:left": "no",
        "source:maxspeed": "AT:urban",
        "surface": "asphalt"
      },
      "geometry": {
        "type": "LineString",
        "coordinates": [
          [
            16.4019883,
            48.1870985
          ],
          [
            16.4017828,
            48.1872824
          ],
          [
            16.4015194,
            48.1875103
          ],
          [
            16.4011755,
            48.1878167
          ]
        ]
      },
      "id": "way/358974050"
    },
    {
      "type": "Feature",
      "properties": {
        "@id": "way/363153599",
        "cycleway:both": "no",
        "dual_carriageway": "yes",
        "foot": "yes",
        "highway": "primary",
        "lane_markings": "no",
        "lit": "yes",
        "maxspeed": "50",
        "name": "Haidestraße",
        "oneway": "yes",
        "ref": "B228",
        "sidewalk": "no",
        "surface": "asphalt"
      },
      "geometry": {
        "type": "LineString",
        "coordinates": [
          [
            16.4292279,
            48.178761
          ],
          [
            16.4291391,
            48.1788141
          ],
          [
            16.4288333,
            48.1789036
          ],
          [
            16.4287396,
            48.178945
          ],
          [
            16.4286724,
            48.1789679
          ],
          [
            16.4284631,
            48.1790283
          ]
        ]
      },
      "id": "way/363153599"
    },
    {
      "type": "Feature",
      "properties": {
        "@id": "way/363273685",
        "highway": "tertiary",
        "lanes": "1",
        "maxspeed": "50",
        "name": "Franz-Grill-Straße",
        "oneway": "yes",
        "source": "http://www.gpl.at/de/menu26/projekte172/;local knowledge",
        "surface": "asphalt"
      },
      "geometry": {
        "type": "LineString",
        "coordinates": [
          [
            16.3960015,
            48.1857264
          ],
          [
            16.3959034,
            48.1856736
          ],
          [
            16.3957385,
            48.1855824
          ],
          [
            16.3955833,
            48.1854696
          ],
          [
            16.3954861,
            48.1853927
          ],
          [
            16.395179,
            48.1851426
          ],
          [
            16.395017,
            48.1850109
          ],
          [
            16.3950106,
            48.1850045
          ],
          [
            16.3949852,
            48.1849808
          ],
          [
            16.3949617,
            48.184947
          ],
          [
            16.3949291,
            48.1848899
          ]
        ]
      },
      "id": "way/363273685"
    },
    {
      "type": "Feature",
      "properties": {
        "@id": "way/396368160",
        "cycleway:both": "no",
        "highway": "tertiary",
        "junction": "roundabout",
        "lane_markings": "no",
        "lit": "yes",
        "maxspeed:type": "AT:urban",
        "sidewalk": "right",
        "smoothness": "good",
        "surface": "concrete"
      },
      "geometry": {
        "type": "LineString",
        "coordinates": [
          [
            16.4245105,
            48.1798488
          ],
          [
            16.424524,
            48.1798316
          ],
          [
            16.4245441,
            48.1798175
          ],
          [
            16.4245692,
            48.1798077
          ],
          [
            16.4245974,
            48.179803
          ],
          [
            16.4246265,
            48.1798037
          ],
          [
            16.4246577,
            48.179811
          ],
          [
            16.4246839,
            48.1798244
          ],
          [
            16.4247024,
            48.1798426
          ],
          [
            16.4247114,
            48.1798638
          ],
          [
            16.4247099,
            48.1798858
          ]
        ]
      },
      "id": "way/396368160"
    },
    {
      "type": "Feature",
      "properties": {
        "@id": "way/397206451",
        "cycleway:both": "no",
        "highway": "tertiary",
        "lane_markings": "no",
        "lit": "yes",
        "maxspeed": "50",
        "name": "Erdbergstraße",
        "sidewalk": "both",
        "sidewalk:both:surface": "paving_stones",
        "smoothness": "good",
        "source:maxspeed": "AT:urban",
        "surface": "asphalt"
      },
      "geometry": {
        "type": "LineString",
        "coordinates": [
          [
            16.3961982,
            48.2018126
          ],
          [
            16.3962769,
            48.2017678
          ],
          [
            16.3967104,
            48.201521
          ],
          [
            16.396919,
            48.2013719
          ],
          [
            16.397218,
            48.2011382
          ],
          [
            16.3973038,
            48.2010712
          ],
          [
            16.3977258,
            48.2007756
          ]
        ]
      },
      "id": "way/397206451"
    },
    {
      "type": "Feature",
      "properties": {
        "@id": "way/397811960",
        "cycleway:both": "no",
        "highway": "secondary",
        "lanes": "3",
        "lanes:backward": "2",
        "lanes:forward": "1",
        "lit": "yes",
        "maxspeed": "30",
        "name": "Landstraßer Hauptstraße",
        "parking:both": "no",
        "sidewalk": "separate",
        "smoothness": "good",
        "surface": "concrete:plates",
        "turn:lanes:backward": "left|slight_left"
      },
      "geometry": {
        "type": "LineString",
        "coordinates": [
          [
            16.4011494,
            48.1904932
          ],
          [
            16.4010937,
            48.1905011
          ],
          [
            16.4010541,
            48.1905106
          ],
          [
            16.4010161,
            48.190523
          ]
        ]
      },
      "id": "way/397811960"
    },
    {
      "type": "Feature",
      "properties": {
        "@id": "way/403108883",
        "cycleway:both": "no",
        "highway": "primary",
        "lanes": "5",
        "lanes:backward": "3",
        "lanes:forward": "2",
        "lit": "yes",
        "maxspeed": "50",
        "name": "Handelskai",
        "ref": "B14",
        "source:maxspeed": "AT:urban",
        "surface": "asphalt",
        "turn:lanes:backward": "left|through|through"
      },
      "geometry": {
        "type": "LineString",
        "coordinates": [
          [
            16.4290851,
            48.2081054
          ],
          [
            16.4297787,
            48.2076071
          ]
        ]
      },
      "id": "way/403108883"
    },
    {
      "type": "Feature",
      "properties": {
        "@id": "way/403108884",
        "cycleway:both": "no",
        "foot": "use_sidepath",
        "highway": "primary",
        "lanes": "5",
        "lanes:backward": "2",
        "lanes:forward": "3",
        "lit": "yes",
        "maxspeed": "50",
        "name": "Handelskai",
        "ref": "B14",
        "sidewalk": "right",
        "source:maxspeed": "AT:urban",
        "surface": "asphalt",
        "turn:lanes:forward": "none|none|right"
      },
      "geometry": {
        "type": "LineString",
        "coordinates": [
          [
            16.4312255,
            48.206584
          ],
          [
            16.4320025,
            48.2060408
          ]
        ]
      },
      "id": "way/403108884"
    },
    {
      "type": "Feature",
      "properties": {
        "@id": "way/411156826",
        "highway": "tertiary",
        "lanes": "1",
        "lit": "yes",
        "maxspeed": "50",
        "name": "Franz-Grill-Straße",
        "oneway": "yes",
        "source:maxspeed": "AT:urban",
        "surface": "asphalt"
      },
      "geometry": {
        "type": "LineString",
        "coordinates": [
          [
            16.3950636,
            48.1848595
          ],
          [
            16.395068,
            48.1848759
          ],
          [
            16.3950756,
            48.1848888
          ],
          [
            16.3951018,
            48.1849175
          ],
          [
            16.3952024,
            48.1850051
          ],
          [
            16.3952883,
            48.185087
          ]
        ]
      },
      "id": "way/411156826"
    },
    {
      "type": "Feature",
      "properties": {
        "@id": "way/411669249",
        "cycleway:right": "no",
        "destination:lanes": "Budapest;Bratislava;Alt Simmering;Praha;Brno;Graz;Linz|Budapest;Bratislava;Alt Simmering;Praha;Brno;Graz;Linz|Erdberg",
        "destination:ref:lanes": "A4;B228;A22;A2;A1|A4;B228;A22;A2;A1|B221",
        "highway": "primary",
        "lanes": "3",
        "lit": "yes",
        "maxspeed": "50",
        "name": "Erdberger Lände",
        "oneway": "yes",
        "ref": "B227",
        "sidewalk": "right",
        "sidewalk:right:surface": "asphalt",
        "smoothness": "good",
        "surface": "asphalt",
        "turn:lanes": "through|through|right"
      },
      "geometry": {
        "type": "LineString",
        "coordinates": [
          [
            16.407383,
            48.1997318
          ],
          [
            16.4075253,
            48.1995355
          ],
          [
            16.4076597,
            48.1993448
          ]
        ]
      },
      "id": "way/411669249"
    },
    {
      "type": "Feature",
      "properties": {
        "@id": "way/415365229",
        "cycleway:both": "no",
        "embedded_rails": "tram",
        "highway": "primary",
        "lanes": "2",
        "lanes:backward": "1",
        "lanes:forward": "1",
        "lit": "yes",
        "maxspeed": "50",
        "name": "Schlachthausgasse",
        "ref": "B221",
        "sidewalk": "separate",
        "smoothness": "good",
        "source:maxspeed": "AT:urban",
        "surface": "asphalt",
        "trolley_wire": "yes"
      },
      "geometry": {
        "type": "LineString",
        "coordinates": [
          [
            16.4071551,
            48.1948675
          ],
          [
            16.4069065,
            48.19474
          ]
        ]
      },
      "id": "way/415365229"
    },
    {
      "type": "Feature",
      "properties": {
        "@id": "way/416894283",
        "highway": "motorway_link",
        "int_ref": "E 58",
        "lanes": "2",
        "maxspeed": "70",
        "oneway": "yes",
        "source:maxspeed": "sign",
        "toll": "yes"
      },
      "geometry": {
        "type": "LineString",
        "coordinates": [
          [
            16.4083645,
            48.1985229
          ],
          [
            16.4085131,
            48.1983383
          ],
          [
            16.4085397,
            48.1983052
          ],
          [
            16.4089093,
            48.1978739
          ],
          [
            16.4091673,
            48.1975892
          ],
          [
            16.4094214,
            48.1973203
          ]
        ]
      },
      "id": "way/416894283"
    },
    {
      "type": "Feature",
      "properties": {
        "@id": "way/425550220",
        "highway": "tertiary",
        "lanes": "3",
        "lanes:backward": "2",
        "lanes:forward": "1",
        "lcn": "yes",
        "lit": "yes",
        "maxspeed": "30",
        "name": "Neulinggasse",
        "sidewalk": "separate",
        "smoothness": "excellent",
        "source": "Bing",
        "source:maxspeed": "AT:zone:30",
        "surface": "asphalt"
      },
      "geometry": {
        "type": "LineString",
        "coordinates": [
          [
            16.3934846,
            48.199426
          ],
          [
            16.3935793,
            48.1994539
          ]
        ]
      },
      "id": "way/425550220"
    },
    {
      "type": "Feature",
      "properties": {
        "@id": "way/425550221",
        "highway": "tertiary",
        "lanes": "2",
        "lcn": "yes",
        "lit": "yes",
        "maxheight": "4",
        "maxspeed": "30",
        "name": "Neulinggasse",
        "shoulder": "no",
        "sidewalk:both": "separate",
        "smoothness": "excellent",
        "source": "Bing",
        "source:maxspeed": "AT:zone:30",
        "surface": "asphalt",
        "tunnel": "building_passage"
      },
      "geometry": {
        "type": "LineString",
        "coordinates": [
          [
            16.3933453,
            48.1993859
          ],
          [
            16.3934846,
            48.199426
          ]
        ]
      },
      "id": "way/425550221"
    },
    {
      "type": "Feature",
      "properties": {
        "@id": "way/426872013",
        "cycleway:both": "separate",
        "dual_carriageway": "yes",
        "highway": "primary",
        "lanes": "2",
        "lit": "yes",
        "maxspeed": "50",
        "name": "Haidestraße",
        "oneway": "yes",
        "ref": "B228",
        "sidewalk:left": "no",
        "sidewalk:right": "separate",
        "surface": "asphalt",
        "turn:lanes": "left|"
      },
      "geometry": {
        "type": "LineString",
        "coordinates": [
          [
            16.4277072,
            48.1791214
          ],
          [
            16.4278332,
            48.1790938
          ]
        ]
      },
      "id": "way/426872013"
    },
    {
      "type": "Feature",
      "properties": {
        "@id": "way/427217404",
        "cycleway:left": "lane",
        "cycleway:left:lane": "advisory",
        "cycleway:right": "no",
        "highway": "tertiary",
        "lanes": "2",
        "lit": "yes",
        "maxspeed": "50",
        "name": "Kopalgasse",
        "sidewalk:both": "separate",
        "surface": "asphalt"
      },
      "geometry": {
        "type": "LineString",
        "coordinates": [
          [
            16.4242292,
            48.179843
          ],
          [
            16.4243496,
            48.179861
          ],
          [
            16.4244355,
            48.1798614
          ],
          [
            16.4245105,
            48.1798488
          ]
        ]
      },
      "id": "way/427217404"
    },
    {
      "type": "Feature",
      "properties": {
        "@id": "way/456655677",
        "cycleway:both": "no",
        "destination:backward": "Klosterneuburg;Messezentrum;Prater;Trabrennbahn Krieau;Marina Wien",
        "destination:symbol:backward": "motorroad;stadium",
        "foot": "use_sidepath",
        "highway": "primary",
        "lanes": "5",
        "lanes:backward": "3",
        "lanes:forward": "2",
        "lit": "yes",
        "maxspeed": "50",
        "name": "Handelskai",
        "ref": "B14",
        "sidewalk": "right",
        "sidewalk:right:surface": "asphalt",
        "smoothness": "excellent",
        "source:maxspeed": "AT:urban",
        "surface": "concrete",
        "turn:lanes:backward": "left|none|none"
      },
      "geometry": {
        "type": "LineString",
        "coordinates": [
          [
            16.4320025,
            48.2060408
          ],
          [
            16.4320777,
            48.2059907
          ]
        ]
      },
      "id": "way/456655677"
    },
    {
      "type": "Feature",
      "properties": {
        "@id": "way/456655678",
        "cycleway:both": "no",
        "dual_carriageway": "yes",
        "highway": "primary",
        "lanes": "3",
        "lit": "yes",
        "maxspeed": "50",
        "name": "Handelskai",
        "oneway": "yes",
        "ref": "B14",
        "source:maxspeed": "AT:urban",
        "surface": "asphalt",
        "turn:lanes": "none|through|right"
      },
      "geometry": {
        "type": "LineString",
        "coordinates": [
          [
            16.4341314,
            48.2045077
          ],
          [
            16.4346722,
            48.2041341
          ]
        ]
      },
      "id": "way/456655678"
    },
    {
      "type": "Feature",
      "properties": {
        "@id": "way/456655680",
        "dual_carriageway": "yes",
        "highway": "primary",
        "lanes": "2",
        "lit": "yes",
        "maxspeed": "50",
        "name": "Handelskai",
        "oneway": "yes",
        "ref": "B14",
        "source:maxspeed": "AT:urban",
        "surface": "asphalt"
      },
      "geometry": {
        "type": "LineString",
        "coordinates": [
          [
            16.4346722,
            48.2041341
          ],
          [
            16.4348009,
            48.2040496
          ],
          [
            16.4348988,
            48.203996
          ],
          [
            16.4350599,
            48.2039167
          ]
        ]
      },
      "id": "way/456655680"
    },
    {
      "type": "Feature",
      "properties": {
        "@id": "way/456655681",
        "cycleway:both": "no",
        "dual_carriageway": "yes",
        "highway": "primary",
        "lanes": "2",
        "lit": "yes",
        "maxheight": "default",
        "maxspeed": "50",
        "name": "Handelskai",
        "oneway": "yes",
        "ref": "B14",
        "sidewalk": "right",
        "sidewalk:right:surface": "asphalt",
        "smoothness": "excellent",
        "source:maxspeed": "AT:urban",
        "surface": "asphalt"
      },
      "geometry": {
        "type": "LineString",
        "coordinates": [
          [
            16.4328664,
            48.2054388
          ],
          [
            16.4329536,
            48.2053311
          ],
          [
            16.4330327,
            48.2052668
          ],
          [
            16.4333852,
            48.2050232
          ],
          [
            16.4334129,
            48.2050041
          ],
          [
            16.4334992,
            48.2049445
          ],
          [
            16.4341314,
            48.2045077
          ]
        ]
      },
      "id": "way/456655681"
    },
    {
      "type": "Feature",
      "properties": {
        "@id": "way/456655682",
        "cycleway:both": "no",
        "dual_carriageway": "yes",
        "foot": "no",
        "highway": "primary",
        "lanes": "2",
        "lit": "yes",
        "maxheight": "default",
        "maxspeed": "50",
        "name": "Handelskai",
        "oneway": "yes",
        "ref": "B14",
        "sidewalk": "no",
        "smoothness": "excellent",
        "source:maxspeed": "AT:urban",
        "surface": "asphalt"
      },
      "geometry": {
        "type": "LineString",
        "coordinates": [
          [
            16.4350599,
            48.2039167
          ],
          [
            16.4349672,
            48.2040376
          ],
          [
            16.4349015,
            48.2040937
          ],
          [
            16.4331185,
            48.2053218
          ],
          [
            16.4330313,
            48.2053709
          ],
          [
            16.4328664,
            48.2054388
          ]
        ]
      },
      "id": "way/456655682"
    },
    {
      "type": "Feature",
      "properties": {
        "@id": "way/460251822",
        "cycleway:both": "separate",
        "highway": "primary",
        "lanes": "2",
        "lit": "yes",
        "maxspeed": "50",
        "name": "1. Haidequerstraße",
        "ref": "B228",
        "sidewalk:left": "no",
        "sidewalk:right": "separate",
        "surface": "asphalt"
      },
      "geometry": {
        "type": "LineString",
        "coordinates": [
          [
            16.4311573,
            48.1857071
          ],
          [
            16.4311893,
            48.185651
          ],
          [
            16.4311909,
            48.1855903
          ],
          [
            16.4311336,
            48.1854808
          ]
        ]
      },
      "id": "way/460251822"
    },
    {
      "type": "Feature",
      "properties": {
        "@id": "way/492439023",
        "covered": "yes",
        "highway": "motorway",
        "int_ref": "E 58",
        "lanes": "2",
        "layer": "1",
        "lit": "yes",
        "maxheight": "default",
        "maxspeed": "80",
        "maxspeed:variable": "yes",
        "name": "Ost Autobahn",
        "oneway": "yes",
        "ref": "A4",
        "toll": "yes"
      },
      "geometry": {
        "type": "LineString",
        "coordinates": [
          [
            16.4332947,
            48.1852917
          ],
          [
            16.4333468,
            48.1852767
          ]
        ]
      },
      "id": "way/492439023"
    },
    {
      "type": "Feature",
      "properties": {
        "@id": "way/492439024",
        "highway": "motorway",
        "int_ref": "E 58",
        "lanes": "2",
        "lit": "yes",
        "maxspeed": "80",
        "maxspeed:variable": "yes",
        "name": "Ost Autobahn",
        "oneway": "yes",
        "ref": "A4",
        "toll": "yes"
      },
      "geometry": {
        "type": "LineString",
        "coordinates": [
          [
            16.4333468,
            48.1852767
          ],
          [
            16.4423355,
            48.1826832
          ]
        ]
      },
      "id": "way/492439024"
    },
    {
      "type": "Feature",
      "properties": {
        "@id": "way/492442953",
        "covered": "yes",
        "cycleway:both": "no",
        "highway": "tertiary",
        "lanes": "3",
        "lanes:backward": "2",
        "lanes:forward": "1",
        "lit": "yes",
        "maxheight": "default",
        "maxspeed": "50",
        "name": "Kleistgasse",
        "name:etymology:wikidata": "Q28494",
        "name:etymology:wikipedia": "de:Heinrich von Kleist",
        "sidewalk": "separate",
        "smoothness": "good",
        "surface": "asphalt",
        "turn:lanes:backward": "left|right"
      },
      "geometry": {
        "type": "LineString",
        "coordinates": [
          [
            16.3905178,
            48.1933435
          ],
          [
            16.3905087,
            48.1933261
          ]
        ]
      },
      "id": "way/492442953"
    },
    {
      "type": "Feature",
      "properties": {
        "@id": "way/492442954",
        "cycleway:both": "no",
        "highway": "tertiary",
        "lanes": "3",
        "lanes:backward": "2",
        "lanes:forward": "1",
        "lit": "yes",
        "maxspeed": "50",
        "name": "Kleistgasse",
        "name:etymology:wikidata": "Q28494",
        "name:etymology:wikipedia": "de:Heinrich von Kleist",
        "sidewalk:both": "separate",
        "smoothness": "good",
        "surface": "asphalt",
        "turn:lanes:backward": "left|right"
      },
      "geometry": {
        "type": "LineString",
        "coordinates": [
          [
            16.3905087,
            48.1933261
          ],
          [
            16.3903374,
            48.192997
          ],
          [
            16.3903192,
            48.1929453
          ]
        ]
      },
      "id": "way/492442954"
    },
    {
      "type": "Feature",
      "properties": {
        "@id": "way/494604235",
        "busway:right": "lane",
        "cycleway:right": "share_busway",
        "destination": "P3 Stadion;P3 Stadion Center",
        "destination:symbol": "covered_parking",
        "foot": "yes",
        "highway": "tertiary",
        "lane_markings": "no",
        "lit": "yes",
        "maxspeed": "30",
        "name": "Olympiaplatz",
        "oneway": "yes",
        "sidewalk": "none",
        "source": "survey",
        "source:maxspeed": "AT:zone:30",
        "surface": "asphalt"
      },
      "geometry": {
        "type": "LineString",
        "coordinates": [
          [
            16.421103,
            48.2105975
          ],
          [
            16.4212946,
            48.2107123
          ]
        ]
      },
      "id": "way/494604235"
    },
    {
      "type": "Feature",
      "properties": {
        "@id": "way/495511493",
        "highway": "primary_link",
        "lanes": "3",
        "lit": "yes",
        "maxspeed": "50",
        "name": "Landstraßer Hauptstraße",
        "oneway": "yes",
        "parking:both": "no",
        "ref": "B221",
        "source:maxspeed": "AT:urban",
        "surface": "concrete",
        "turn:lanes": "left|left|through"
      },
      "geometry": {
        "type": "LineString",
        "coordinates": [
          [
            16.3965365,
            48.1862533
          ],
          [
            16.3963871,
            48.1861242
          ],
          [
            16.3963404,
            48.1860822
          ],
          [
            16.3962788,
            48.1860336
          ],
          [
            16.3961734,
            48.1859721
          ],
          [
            16.3960649,
            48.1858683
          ]
        ]
      },
      "id": "way/495511493"
    },
    {
      "type": "Feature",
      "properties": {
        "@id": "way/495511496",
        "cycleway:both": "no",
        "hgv:lanes:conditional": "no|yes|yes @ (weight>7.5)",
        "highway": "motorway",
        "int_ref": "E 59",
        "lanes": "3",
        "lit": "yes",
        "maxspeed": "80",
        "maxspeed:hgv:conditional": "60 @ (weight>7.5)",
        "maxspeed:variable": "peak_traffic",
        "name": "Südosttangente",
        "oneway": "yes",
        "ref": "A23",
        "toll": "yes"
      },
      "geometry": {
        "type": "LineString",
        "coordinates": [
          [
            16.4146959,
            48.1917449
          ],
          [
            16.4157081,
            48.1924294
          ]
        ]
      },
      "id": "way/495511496"
    },
    {
      "type": "Feature",
      "properties": {
        "@id": "way/495511497",
        "bridge": "yes",
        "change:lanes": "yes|yes|not_right|no",
        "cycleway:both": "no",
        "hgv:lanes:conditional": "no|yes|yes|yes @ (weight>7.5)",
        "highway": "motorway",
        "int_ref": "E 59",
        "lanes": "4",
        "layer": "1",
        "lit": "yes",
        "maxspeed": "80",
        "maxspeed:hgv:conditional": "60 @ (weight>7.5)",
        "maxspeed:variable": "peak_traffic",
        "name": "Erdberger Brücke",
        "oneway": "yes",
        "placement": "middle_of:2",
        "ref": "A23",
        "toll": "yes",
        "wikidata": "Q1348995"
      },
      "geometry": {
        "type": "LineString",
        "coordinates": [
          [
            16.4157081,
            48.1924294
          ],
          [
            16.4160427,
            48.1926561
          ]
        ]
      },
      "id": "way/495511497"
    },
    {
      "type": "Feature",
      "properties": {
        "@id": "way/495511498",
        "cycleway:both": "no",
        "hgv:lanes:conditional": "no|yes|yes|yes @ (weight>7.5)",
        "highway": "motorway",
        "int_ref": "E 59",
        "lanes": "4",
        "lit": "yes",
        "maxspeed": "80",
        "maxspeed:hgv:conditional": "60 @ (weight>7.5)",
        "maxspeed:variable": "peak_traffic",
        "name": "Südosttangente",
        "oneway": "yes",
        "placement": "middle_of:2",
        "ref": "A23",
        "toll": "yes",
        "turn:lanes": "none|none|none|merge_to_left"
      },
      "geometry": {
        "type": "LineString",
        "coordinates": [
          [
            16.4171752,
            48.1934309
          ],
          [
            16.4177774,
            48.1938524
          ]
        ]
      },
      "id": "way/495511498"
    },
    {
      "type": "Feature",
      "properties": {
        "@id": "way/497905157",
        "highway": "primary_link",
        "lanes": "1",
        "lit": "yes",
        "maxspeed": "50",
        "oneway": "yes",
        "parking:both": "no",
        "sidewalk": "separate",
        "source:maxspeed": "AT:urban",
        "surface": "concrete"
      },
      "geometry": {
        "type": "LineString",
        "coordinates": [
          [
            16.3960649,
            48.1858683
          ],
          [
            16.3960973,
            48.1859921
          ],
          [
            16.3960991,
            48.1860753
          ],
          [
            16.3961005,
            48.1861189
          ],
          [
            16.3960884,
            48.1861609
          ],
          [
            16.3960752,
            48.1862028
          ]
        ]
      },
      "id": "way/497905157"
    },
    {
      "type": "Feature",
      "properties": {
        "@id": "way/502767563",
        "highway": "tertiary",
        "lanes": "4",
        "lit": "yes",
        "maxspeed": "50",
        "name": "Franz-Grill-Straße",
        "oneway": "yes",
        "source:maxspeed": "AT:urban",
        "surface": "concrete",
        "turn:lanes": "left|through|right|right"
      },
      "geometry": {
        "type": "LineString",
        "coordinates": [
          [
            16.3957722,
            48.1855071
          ],
          [
            16.3958158,
            48.1855382
          ],
          [
            16.3959527,
            48.1856604
          ],
          [
            16.3960015,
            48.1857264
          ]
        ]
      },
      "id": "way/502767563"
    },
    {
      "type": "Feature",
      "properties": {
        "@id": "way/502906882",
        "cycleway:right": "separate",
        "dual_carriageway": "yes",
        "highway": "primary",
        "lanes": "1",
        "lit": "yes",
        "maxspeed": "50",
        "name": "Landstraßer Gürtel",
        "oneway": "yes",
        "parking:left": "no",
        "ref": "B221",
        "sidewalk": "separate",
        "surface": "concrete"
      },
      "geometry": {
        "type": "LineString",
        "coordinates": [
          [
            16.3959043,
            48.1859472
          ],
          [
            16.3959546,
            48.1859205
          ],
          [
            16.3960649,
            48.1858683
          ]
        ]
      },
      "id": "way/502906882"
    },
    {
      "type": "Feature",
      "properties": {
        "@id": "way/502906883",
        "cycleway:right": "separate",
        "dual_carriageway": "yes",
        "highway": "primary",
        "lanes": "2",
        "lit": "yes",
        "maxspeed": "50",
        "name": "Landstraßer Gürtel",
        "oneway": "yes",
        "parking:left": "no",
        "ref": "B221",
        "sidewalk": "separate",
        "surface": "concrete",
        "turn:lanes": "left|right"
      },
      "geometry": {
        "type": "LineString",
        "coordinates": [
          [
            16.3953862,
            48.186362
          ],
          [
            16.3956073,
            48.1861854
          ],
          [
            16.3958067,
            48.1860238
          ],
          [
            16.3958427,
            48.1859946
          ],
          [
            16.3959043,
            48.1859472
          ]
        ]
      },
      "id": "way/502906883"
    },
    {
      "type": "Feature",
      "properties": {
        "@id": "way/502906884",
        "carriageway_ref": "121",
        "highway": "motorway_link",
        "lanes": "2",
        "lit": "yes",
        "maxspeed": "50",
        "oneway": "yes",
        "surface": "asphalt",
        "toll": "yes"
      },
      "geometry": {
        "type": "LineString",
        "coordinates": [
          [
            16.3960015,
            48.1857264
          ],
          [
            16.3960365,
            48.1856589
          ],
          [
            16.3960854,
            48.1855726
          ],
          [
            16.396127,
            48.1855056
          ],
          [
            16.3961585,
            48.1854583
          ],
          [
            16.3961834,
            48.1854062
          ]
        ]
      },
      "id": "way/502906884"
    },
    {
      "type": "Feature",
      "properties": {
        "@id": "way/502906885",
        "carriageway_ref": "121",
        "highway": "motorway_link",
        "lanes": "1",
        "maxspeed": "50",
        "oneway": "yes",
        "toll": "yes"
      },
      "geometry": {
        "type": "LineString",
        "coordinates": [
          [
            16.3973428,
            48.1843573
          ],
          [
            16.3984962,
            48.1833898
          ]
        ]
      },
      "id": "way/502906885"
    },
    {
      "type": "Feature",
      "properties": {
        "@id": "way/502906886",
        "highway": "tertiary",
        "lanes": "3",
        "lit": "yes",
        "maxspeed": "50",
        "name": "Franz-Grill-Straße",
        "oneway": "yes",
        "source:maxspeed": "AT:urban",
        "surface": "asphalt",
        "turn:lanes": "left|through;right|right"
      },
      "geometry": {
        "type": "LineString",
        "coordinates": [
          [
            16.3952883,
            48.185087
          ],
          [
            16.395462,
            48.1852497
          ],
          [
            16.3957418,
            48.1854846
          ],
          [
            16.3957722,
            48.1855071
          ]
        ]
      },
      "id": "way/502906886"
    },
    {
      "type": "Feature",
      "properties": {
        "@id": "way/504315947",
        "cycleway:both": "no",
        "dual_carriageway": "yes",
        "highway": "primary",
        "lanes": "2",
        "lit": "yes",
        "maxspeed": "50",
        "name": "Haidestraße",
        "oneway": "yes",
        "ref": "B228",
        "sidewalk:left": "no",
        "sidewalk:right": "separate",
        "surface": "asphalt",
        "turn:lanes": "left|through;right"
      },
      "geometry": {
        "type": "LineString",
        "coordinates": [
          [
            16.4276806,
            48.1792378
          ],
          [
            16.4274101,
            48.1793101
          ],
          [
            16.427319,
            48.1793351
          ],
          [
            16.4271675,
            48.1793665
          ]
        ]
      },
      "id": "way/504315947"
    },
    {
      "type": "Feature",
      "properties": {
        "@id": "way/511824929",
        "cycleway:right": "no",
        "dual_carriageway": "yes",
        "highway": "primary",
        "lanes": "4",
        "lit": "yes",
        "maxspeed": "50",
        "name": "Franzosengraben",
        "oneway": "yes",
        "parking:both": "no",
        "sidewalk:left": "no",
        "sidewalk:right": "separate",
        "smoothness": "good",
        "surface": "asphalt",
        "turn:lanes": "left|left;through|right|right"
      },
      "geometry": {
        "type": "LineString",
        "coordinates": [
          [
            16.4132132,
            48.1866873
          ],
          [
            16.4130921,
            48.1864849
          ],
          [
            16.4128676,
            48.1861021
          ],
          [
            16.412849,
            48.1860704
          ],
          [
            16.4128531,
            48.1859299
          ]
        ]
      },
      "id": "way/511824929"
    },
    {
      "type": "Feature",
      "properties": {
        "@id": "way/515537557",
        "cycleway:right": "separate",
        "dual_carriageway": "yes",
        "highway": "primary",
        "lanes": "2",
        "lit": "yes",
        "maxspeed": "50",
        "name": "Heinrich-Drimmel-Platz",
        "name:etymology:wikidata": "Q1597075",
        "name:etymology:wikipedia": "de:Heinrich Drimmel",
        "oneway": "yes",
        "parking:left": "no",
        "ref": "B221",
        "sidewalk": "separate",
        "surface": "asphalt"
      },
      "geometry": {
        "type": "LineString",
        "coordinates": [
          [
            16.3909012,
            48.1880502
          ],
          [
            16.391106,
            48.1880354
          ],
          [
            16.3913337,
            48.1880136
          ]
        ]
      },
      "id": "way/515537557"
    },
    {
      "type": "Feature",
      "properties": {
        "@id": "way/515537559",
        "cycleway:right": "separate",
        "dual_carriageway": "yes",
        "highway": "primary",
        "lanes": "5",
        "lit": "yes",
        "maxspeed": "50",
        "name": "Landstraßer Gürtel",
        "oneway": "yes",
        "parking:left": "no",
        "ref": "B221",
        "sidewalk:left": "no",
        "sidewalk:right": "separate",
        "surface": "asphalt",
        "turn:lanes": "left|left|through|through|right"
      },
      "geometry": {
        "type": "LineString",
        "coordinates": [
          [
            16.3925795,
            48.1879491
          ],
          [
            16.3923797,
            48.1879935
          ],
          [
            16.3922241,
            48.1880214
          ],
          [
            16.3919674,
            48.1880654
          ],
          [
            16.3917567,
            48.1881005
          ],
          [
            16.3915309,
            48.1881298
          ],
          [
            16.3912963,
            48.1881501
          ]
        ]
      },
      "id": "way/515537559"
    },
    {
      "type": "Feature",
      "properties": {
        "@id": "way/515537560",
        "cycleway:left": "no",
        "cycleway:right": "separate",
        "highway": "tertiary",
        "lanes": "4",
        "lanes:backward": "1",
        "lanes:forward": "3",
        "lit": "yes",
        "maxheight": "default",
        "maxspeed": "50",
        "name": "Adolf-Blamauer-Gasse",
        "name:etymology:wikidata": "Q360989",
        "name:etymology:wikipedia": "de:Adolf Blamauer",
        "sidewalk:left": "separate",
        "sidewalk:right": "yes",
        "surface": "asphalt",
        "turn:lanes:forward": "left|through|right"
      },
      "geometry": {
        "type": "LineString",
        "coordinates": [
          [
            16.3914186,
            48.189086
          ],
          [
            16.3910152,
            48.1884344
          ],
          [
            16.3909833,
            48.1883771
          ],
          [
            16.3909595,
            48.1883197
          ],
          [
            16.3909565,
            48.1883103
          ],
          [
            16.3909469,
            48.1882805
          ],
          [
            16.3909387,
            48.1882504
          ],
          [
            16.3909178,
            48.1881689
          ]
        ]
      },
      "id": "way/515537560"
    },
    {
      "type": "Feature",
      "properties": {
        "@id": "way/515537561",
        "cycleway:both": "no",
        "destination:lanes": "Praha;Brno;Gänserndorf;Graz;Budapest;Bratislava|Praha;Brno;Gänserndorf;Graz;Budapest;Bratislava|Landstraßer Hauptstraße",
        "destination:ref:lanes": "A23;A22;S1;A5;B8;A4;A2|A23;A22;S1;A5;B8;A4;A2|B221",
        "dual_carriageway": "yes",
        "highway": "primary",
        "lanes": "3",
        "lit": "yes",
        "maxspeed": "50",
        "name": "Landstraßer Gürtel",
        "oneway": "yes",
        "parking:left": "no",
        "ref": "B221",
        "sidewalk": "separate",
        "surface": "asphalt"
      },
      "geometry": {
        "type": "LineString",
        "coordinates": [
          [
            16.3919915,
            48.1879167
          ],
          [
            16.3923303,
            48.187847
          ],
          [
            16.3926832,
            48.1877569
          ],
          [
            16.3928952,
            48.1876948
          ],
          [
            16.39303,
            48.1876553
          ],
          [
            16.393342,
            48.18754
          ]
        ]
      },
      "id": "way/515537561"
    },
    {
      "type": "Feature",
      "properties": {
        "@id": "way/516597402",
        "carriageway_ref": "3",
        "highway": "motorway_link",
        "junction:ref": "0",
        "lanes": "1",
        "lit": "yes",
        "maxspeed": "80",
        "oneway": "yes",
        "toll": "yes"
      },
      "geometry": {
        "type": "LineString",
        "coordinates": [
          [
            16.4158138,
            48.191139
          ],
          [
            16.416625,
            48.1911761
          ],
          [
            16.4175406,
            48.1911912
          ],
          [
            16.4177899,
            48.1911826
          ],
          [
            16.4180167,
            48.191153
          ],
          [
            16.4182327,
            48.1911039
          ],
          [
            16.4185276,
            48.1910085
          ],
          [
            16.4187778,
            48.190906
          ],
          [
            16.4190271,
            48.1907735
          ],
          [
            16.4191209,
            48.1907725
          ]
        ]
      },
      "id": "way/516597402"
    },
    {
      "type": "Feature",
      "properties": {
        "@id": "way/516598129",
        "bridge": "yes",
        "carriageway_ref": "36",
        "cycleway:both": "no",
        "highway": "motorway_link",
        "junction:ref": "105",
        "lanes": "1",
        "layer": "1",
        "maxspeed": "80",
        "oneway": "yes",
        "source:maxspeed": "sign",
        "toll": "yes"
      },
      "geometry": {
        "type": "LineString",
        "coordinates": [
          [
            16.4187768,
            48.1922038
          ],
          [
            16.4189368,
            48.1925014
          ],
          [
            16.4189971,
            48.1926457
          ],
          [
            16.4190662,
            48.1928661
          ]
        ]
      },
      "id": "way/516598129"
    },
    {
      "type": "Feature",
      "properties": {
        "@id": "way/516598130",
        "bridge": "yes",
        "carriageway_ref": "36",
        "cycleway:both": "no",
        "destination": "Praha;Brno;Handelskai",
        "destination:country": "CZ",
        "destination:int_ref": "E 49;E 59;E 461",
        "destination:ref": "A23;A22;A5;B14",
        "highway": "motorway_link",
        "junction:ref": "105",
        "lanes": "1",
        "layer": "1",
        "lit": "yes",
        "maxspeed": "80",
        "oneway": "yes",
        "source:maxspeed": "sign",
        "toll": "yes"
      },
      "geometry": {
        "type": "LineString",
        "coordinates": [
          [
            16.4184488,
            48.191854
          ],
          [
            16.4185235,
            48.1918987
          ],
          [
            16.4186142,
            48.1919949
          ],
          [
            16.4187309,
            48.1921414
          ],
          [
            16.4187768,
            48.1922038
          ]
        ]
      },
      "id": "way/516598130"
    },
    {
      "type": "Feature",
      "properties": {
        "@id": "way/516601332",
        "carriageway_ref": "4",
        "cycleway:both": "no",
        "destination": "Graz;St.Pölten;St.Marx",
        "destination:country": "I;SLO;D",
        "destination:ref": "A23;A2",
        "highway": "motorway_link",
        "junction:ref": "0",
        "lanes": "1",
        "maxheight": "default",
        "maxspeed": "80",
        "oneway": "yes",
        "toll": "yes"
      },
      "geometry": {
        "type": "LineString",
        "coordinates": [
          [
            16.4188488,
            48.1923147
          ],
          [
            16.4187253,
            48.1924747
          ],
          [
            16.4186605,
            48.19257
          ],
          [
            16.4186259,
            48.1926247
          ],
          [
            16.418567,
            48.192701
          ],
          [
            16.4184814,
            48.1927752
          ],
          [
            16.418369,
            48.1928405
          ],
          [
            16.418187,
            48.192909
          ],
          [
            16.4180306,
            48.1929528
          ],
          [
            16.4177607,
            48.1930197
          ],
          [
            16.4175174,
            48.1930883
          ],
          [
            16.4172503,
            48.193181
          ],
          [
            16.4170914,
            48.1932557
          ],
          [
            16.4164068,
            48.1936646
          ],
          [
            16.4162293,
            48.1937932
          ]
        ]
      },
      "id": "way/516601332"
    },
    {
      "type": "Feature",
      "properties": {
        "@id": "way/517035450",
        "dual_carriageway": "yes",
        "highway": "secondary",
        "lanes": "1",
        "lit": "yes",
        "maxspeed": "50",
        "name": "Rennweg",
        "oneway": "yes",
        "parking:left": "no",
        "sidewalk:left": "no",
        "sidewalk:right": "separate",
        "smoothness": "good",
        "surface": "asphalt"
      },
      "geometry": {
        "type": "LineString",
        "coordinates": [
          [
            16.395793,
            48.1913789
          ],
          [
            16.3963425,
            48.1910709
          ],
          [
            16.3982924,
            48.1898578
          ]
        ]
      },
      "id": "way/517035450"
    },
    {
      "type": "Feature",
      "properties": {
        "@id": "way/517035459",
        "cycleway:right": "no",
        "dual_carriageway": "yes",
        "highway": "secondary",
        "lane_markings": "no",
        "lit": "yes",
        "maxspeed": "50",
        "name": "Rennweg",
        "oneway": "yes",
        "parking:left": "no",
        "sidewalk:left": "no",
        "sidewalk:right": "separate",
        "surface": "asphalt"
      },
      "geometry": {
        "type": "LineString",
        "coordinates": [
          [
            16.3943108,
            48.1922725
          ],
          [
            16.3932053,
            48.1927263
          ]
        ]
      },
      "id": "way/517035459"
    },
    {
      "type": "Feature",
      "properties": {
        "@id": "way/517035462",
        "cycleway:right": "no",
        "dual_carriageway": "yes",
        "highway": "secondary",
        "lane_markings": "no",
        "lit": "yes",
        "maxspeed": "50",
        "name": "Rennweg",
        "oneway": "yes",
        "parking:left": "no",
        "sidewalk:left": "no",
        "sidewalk:right": "separate",
        "smoothness": "excellent",
        "surface": "asphalt"
      },
      "geometry": {
        "type": "LineString",
        "coordinates": [
          [
            16.3931735,
            48.1926411
          ],
          [
            16.3941643,
            48.1922317
          ]
        ]
      },
      "id": "way/517035462"
    },
    {
      "type": "Feature",
      "properties": {
        "@id": "way/517169039",
        "bridge": "yes",
        "carriageway_ref": "34",
        "check_date": "2022-11-28",
        "cycleway:both": "no",
        "highway": "motorway_link",
        "junction:ref": "105",
        "lanes": "1",
        "layer": "1",
        "maxspeed": "80",
        "oneway": "yes",
        "source:maxspeed": "sign",
        "toll": "yes"
      },
      "geometry": {
        "type": "LineString",
        "coordinates": [
          [
            16.4136303,
            48.1923756
          ],
          [
            16.4136744,
            48.1919816
          ]
        ]
      },
      "id": "way/517169039"
    },
    {
      "type": "Feature",
      "properties": {
        "@id": "way/517169042",
        "bridge": "yes",
        "carriageway_ref": "7",
        "cycleway:both": "no",
        "highway": "motorway_link",
        "junction:ref": "0",
        "lanes": "1",
        "layer": "1",
        "oneway": "yes",
        "toll": "yes"
      },
      "geometry": {
        "type": "LineString",
        "coordinates": [
          [
            16.4137281,
            48.1923444
          ],
          [
            16.4136744,
            48.1919816
          ]
        ]
      },
      "id": "way/517169042"
    },
    {
      "type": "Feature",
      "properties": {
        "@id": "way/517232914",
        "bridge": "yes",
        "carriageway_ref": "36",
        "cycleway:both": "no",
        "destination": "Zentrum;Erdberg",
        "destination:ref": "A23;B227",
        "destination:symbol": "centre",
        "highway": "motorway_link",
        "junction:ref": "105",
        "lanes": "1",
        "layer": "1",
        "maxspeed": "80",
        "oneway": "yes",
        "placement": "transition",
        "source:maxspeed": "sign",
        "toll": "yes"
      },
      "geometry": {
        "type": "LineString",
        "coordinates": [
          [
            16.4131768,
            48.1906918
          ],
          [
            16.4133373,
            48.1907473
          ]
        ]
      },
      "id": "way/517232914"
    },
    {
      "type": "Feature",
      "properties": {
        "@id": "way/517232915",
        "bridge": "yes",
        "carriageway_ref": "36",
        "cycleway:both": "no",
        "highway": "motorway_link",
        "junction:ref": "105",
        "lanes": "1",
        "layer": "1",
        "maxspeed": "80",
        "oneway": "yes",
        "source:maxspeed": "sign",
        "toll": "yes"
      },
      "geometry": {
        "type": "LineString",
        "coordinates": [
          [
            16.4133373,
            48.1907473
          ],
          [
            16.413601,
            48.1909211
          ],
          [
            16.4137675,
            48.1910069
          ],
          [
            16.4139374,
            48.191076
          ],
          [
            16.4141055,
            48.191124
          ],
          [
            16.4142713,
            48.1911603
          ]
        ]
      },
      "id": "way/517232915"
    },
    {
      "type": "Feature",
      "properties": {
        "@id": "way/523838558",
        "carriageway_ref": "36",
        "destination:lanes": "Zentrum;Erdberg|Praha;Brno;Handelskai",
        "destination:ref:lanes": "B227|A23;A22;A5;B14",
        "highway": "motorway_link",
        "junction:ref": "105",
        "lanes": "2",
        "maxspeed": "80",
        "oneway": "yes",
        "source:maxspeed": "sign",
        "toll": "yes",
        "turn:lanes": "slight_left|through"
      },
      "geometry": {
        "type": "LineString",
        "coordinates": [
          [
            16.4168815,
            48.1912815
          ],
          [
            16.4170886,
            48.1913047
          ],
          [
            16.4173479,
            48.1913469
          ],
          [
            16.4174798,
            48.19137
          ],
          [
            16.4176117,
            48.1914121
          ]
        ]
      },
      "id": "way/523838558"
    },
    {
      "type": "Feature",
      "properties": {
        "@id": "way/532680644",
        "highway": "motorway",
        "int_ref": "E 58",
        "lanes": "2",
        "lit": "yes",
        "maxheight": "default",
        "maxspeed": "70",
        "name": "Ost Autobahn",
        "oneway": "yes",
        "ref": "A4",
        "toll": "yes",
        "turn:lanes": "none|merge_to_left"
      },
      "geometry": {
        "type": "LineString",
        "coordinates": [
          [
            16.4159319,
            48.1926698
          ],
          [
            16.4181483,
            48.1913532
          ]
        ]
      },
      "id": "way/532680644"
    },
    {
      "type": "Feature",
      "properties": {
        "@id": "way/535008720",
        "cycleway:both": "no",
        "highway": "primary",
        "lanes": "4",
        "lit": "yes",
        "maxspeed": "50",
        "name": "Schüttelstraße",
        "oneway": "yes",
        "ref": "B227",
        "surface": "concrete",
        "turn:lanes": "left|through|through|through;right"
      },
      "geometry": {
        "type": "LineString",
        "coordinates": [
          [
            16.3980814,
            48.2055642
          ],
          [
            16.3980561,
            48.2057432
          ],
          [
            16.3980377,
            48.2058955
          ],
          [
            16.3980339,
            48.205927
          ],
          [
            16.3980302,
            48.2059578
          ],
          [
            16.3980276,
            48.2059792
          ]
        ]
      },
      "id": "way/535008720"
    },
    {
      "type": "Feature",
      "properties": {
        "@id": "way/538373519",
        "cycleway:both": "no",
        "destination": "Town Town;Media Quarter",
        "destination:symbol": "covered_parking",
        "dual_carriageway": "yes",
        "highway": "primary",
        "lanes": "2",
        "lit": "yes",
        "maxspeed": "50",
        "name": "Landstraßer Hauptstraße",
        "oneway": "yes",
        "parking:both": "no",
        "ref": "B221",
        "sidewalk:left": "no",
        "sidewalk:right": "separate",
        "smoothness": "good",
        "surface": "asphalt",
        "turn:lanes": "left|through"
      },
      "geometry": {
        "type": "LineString",
        "coordinates": [
          [
            16.3998726,
            48.1889364
          ],
          [
            16.3999539,
            48.1890369
          ],
          [
            16.4000331,
            48.1891351
          ],
          [
            16.4000969,
            48.189216
          ],
          [
            16.4001343,
            48.1892928
          ],
          [
            16.4002452,
            48.1894452
          ]
        ]
      },
      "id": "way/538373519"
    },
    {
      "type": "Feature",
      "properties": {
        "@id": "way/539014528",
        "cycleway:both": "no",
        "highway": "primary",
        "lanes": "3",
        "lit": "yes",
        "maxspeed": "50",
        "name": "Erdberger Lände",
        "oneway": "yes",
        "ref": "B227",
        "sidewalk:both": "separate",
        "smoothness": "good",
        "surface": "concrete"
      },
      "geometry": {
        "type": "LineString",
        "coordinates": [
          [
            16.3963893,
            48.2057438
          ],
          [
            16.3964132,
            48.2055918
          ],
          [
            16.39647,
            48.2053078
          ],
          [
            16.3965818,
            48.2048137
          ],
          [
            16.3966629,
            48.2046464
          ],
          [
            16.3967737,
            48.2044228
          ],
          [
            16.3969285,
            48.2042001
          ],
          [
            16.3969972,
            48.2041114
          ],
          [
            16.397122,
            48.2039538
          ],
          [
            16.3973289,
            48.2037434
          ],
          [
            16.3976365,
            48.2034457
          ],
          [
            16.3977246,
            48.2033728
          ],
          [
            16.3977706,
            48.2033322
          ],
          [
            16.3978276,
            48.2032862
          ],
          [
            16.3984306,
            48.2028957
          ],
          [
            16.3989823,
            48.2026288
          ],
          [
            16.3992774,
            48.2025044
          ],
          [
            16.3997354,
            48.2023543
          ],
          [
            16.3998316,
            48.2023313
          ],
          [
            16.4005352,
            48.2021912
          ],
          [
            16.4018395,
            48.2019506
          ],
          [
            16.4019228,
            48.2019365
          ],
          [
            16.4031933,
            48.2016805
          ],
          [
            16.4042374,
            48.2014603
          ],
          [
            16.4050778,
            48.2012664
          ],
          [
            16.4055605,
            48.2011066
          ],
          [
            16.4058098,
            48.2010051
          ],
          [
            16.4060415,
            48.2008904
          ],
          [
            16.4061551,
            48.2008341
          ]
        ]
      },
      "id": "way/539014528"
    },
    {
      "type": "Feature",
      "properties": {
        "@id": "way/540016641",
        "cycleway:both": "no",
        "dual_carriageway": "yes",
        "highway": "secondary",
        "lane_markings": "no",
        "lit": "yes",
        "maxspeed": "50",
        "name": "Rennweg",
        "oneway": "yes",
        "sidewalk:left": "no",
        "sidewalk:right": "separate",
        "source:maxspeed": "AT:urban",
        "surface": "asphalt"
      },
      "geometry": {
        "type": "LineString",
        "coordinates": [
          [
            16.3906733,
            48.1936238
          ],
          [
            16.39054,
            48.1936638
          ],
          [
            16.3903391,
            48.1937122
          ],
          [
            16.3901322,
            48.19376
          ],
          [
            16.3897851,
            48.1938236
          ],
          [
            16.3885876,
            48.1941053
          ],
          [
            16.3878508,
            48.1942758
          ],
          [
            16.3873723,
            48.1943865
          ]
        ]
      },
      "id": "way/540016641"
    },
    {
      "type": "Feature",
      "properties": {
        "@id": "way/540016642",
        "cycleway:both": "no",
        "dual_carriageway": "yes",
        "highway": "secondary",
        "lanes": "1",
        "lit": "yes",
        "maxspeed": "50",
        "name": "Rennweg",
        "oneway": "yes",
        "parking:both": "no",
        "sidewalk:left": "no",
        "sidewalk:right": "separate",
        "smoothness": "excellent",
        "surface": "asphalt"
      },
      "geometry": {
        "type": "LineString",
        "coordinates": [
          [
            16.3906052,
            48.1935084
          ],
          [
            16.3907201,
            48.1934822
          ]
        ]
      },
      "id": "way/540016642"
    },
    {
      "type": "Feature",
      "properties": {
        "@id": "way/540016643",
        "cycleway:both": "no",
        "dual_carriageway": "yes",
        "highway": "secondary",
        "lanes": "2",
        "maxspeed": "50",
        "name": "Rennweg",
        "oneway": "yes",
        "sidewalk:left": "no",
        "sidewalk:right": "separate",
        "surface": "asphalt",
        "turn:lanes": "through|right"
      },
      "geometry": {
        "type": "LineString",
        "coordinates": [
          [
            16.389756,
            48.1937347
          ],
          [
            16.3899615,
            48.1936654
          ],
          [
            16.3902213,
            48.1935966
          ],
          [
            16.3904782,
            48.1935347
          ],
          [
            16.3906052,
            48.1935084
          ]
        ]
      },
      "id": "way/540016643"
    },
    {
      "type": "Feature",
      "properties": {
        "@id": "way/540016644",
        "cycleway:right": "no",
        "dual_carriageway": "yes",
        "highway": "secondary",
        "lanes": "1",
        "lit": "yes",
        "maxspeed": "50",
        "name": "Rennweg",
        "oneway": "yes",
        "parking:left": "no",
        "sidewalk:left": "no",
        "sidewalk:right": "separate",
        "surface": "asphalt"
      },
      "geometry": {
        "type": "LineString",
        "coordinates": [
          [
            16.3983777,
            48.1899136
          ],
          [
            16.397576,
            48.1904105
          ],
          [
            16.3964349,
            48.1911327
          ],
          [
            16.3957054,
            48.1915588
          ],
          [
            16.3956124,
            48.1916243
          ],
          [
            16.3955292,
            48.1916829
          ]
        ]
      },
      "id": "way/540016644"
    },
    {
      "type": "Feature",
      "properties": {
        "@id": "way/540016646",
        "cycleway:right": "no",
        "dual_carriageway": "yes",
        "highway": "secondary",
        "lanes": "1",
        "lit": "yes",
        "maxspeed": "50",
        "name": "Rennweg",
        "oneway": "yes",
        "parking:left": "no",
        "sidewalk:left": "no",
        "sidewalk:right": "separate",
        "smoothness": "excellent",
        "surface": "asphalt"
      },
      "geometry": {
        "type": "LineString",
        "coordinates": [
          [
            16.3948199,
            48.1918856
          ],
          [
            16.394944,
            48.1918175
          ],
          [
            16.3952489,
            48.1916503
          ],
          [
            16.3954161,
            48.1915588
          ],
          [
            16.3954799,
            48.1915283
          ],
          [
            16.395793,
            48.1913789
          ]
        ]
      },
      "id": "way/540016646"
    },
    {
      "type": "Feature",
      "properties": {
        "@id": "way/542501389",
        "carriageway_ref": "45",
        "highway": "motorway_link",
        "lanes": "2",
        "lit": "yes",
        "maxspeed": "50",
        "oneway": "yes",
        "toll": "yes",
        "turn:lanes": "left|right"
      },
      "geometry": {
        "type": "LineString",
        "coordinates": [
          [
            16.4293117,
            48.1863309
          ],
          [
            16.4298376,
            48.1861757
          ],
          [
            16.429916,
            48.1861167
          ],
          [
            16.4299342,
            48.1860073
          ]
        ]
      },
      "id": "way/542501389"
    },
    {
      "type": "Feature",
      "properties": {
        "@id": "way/542721998",
        "carriageway_ref": "2",
        "highway": "motorway_link",
        "junction:ref": "0",
        "lanes": "1",
        "lit": "yes",
        "maxspeed": "80",
        "oneway": "yes",
        "toll": "yes"
      },
      "geometry": {
        "type": "LineString",
        "coordinates": [
          [
            16.4181079,
            48.1913197
          ],
          [
            16.4190255,
            48.1908078
          ],
          [
            16.4191209,
            48.1907725
          ]
        ]
      },
      "id": "way/542721998"
    },
    {
      "type": "Feature",
      "properties": {
        "@id": "way/542721999",
        "highway": "motorway",
        "int_ref": "E 58",
        "lanes": "1",
        "lit": "yes",
        "maxspeed": "80",
        "name": "Ost Autobahn",
        "oneway": "yes",
        "placement": "right_of:1",
        "ref": "A4",
        "toll": "yes"
      },
      "geometry": {
        "type": "LineString",
        "coordinates": [
          [
            16.418765,
            48.1909832
          ],
          [
            16.418864,
            48.1909246
          ],
          [
            16.4189899,
            48.1908501
          ],
          [
            16.4191209,
            48.1907725
          ]
        ]
      },
      "id": "way/542721999"
    },
    {
      "type": "Feature",
      "properties": {
        "@id": "way/545291130",
        "cycleway:both": "lane",
        "cycleway:both:lane": "advisory",
        "highway": "secondary",
        "lanes": "2",
        "lit": "yes",
        "maxspeed": "50",
        "name": "Landstraßer Hauptstraße",
        "sidewalk": "separate",
        "smoothness": "excellent",
        "surface": "asphalt"
      },
      "geometry": {
        "type": "LineString",
        "coordinates": [
          [
            16.39351,
            48.1999658
          ],
          [
            16.3931951,
            48.2002712
          ],
          [
            16.3928943,
            48.2005439
          ],
          [
            16.3928125,
            48.2006205
          ],
          [
            16.3926247,
            48.2007975
          ],
          [
            16.3921094,
            48.2012948
          ]
        ]
      },
      "id": "way/545291130"
    },
    {
      "type": "Feature",
      "properties": {
        "@id": "way/545291471",
        "cycleway:both": "lane",
        "cycleway:both:lane": "advisory",
        "highway": "secondary",
        "lanes": "2",
        "lit": "yes",
        "maxspeed": "50",
        "name": "Landstraßer Hauptstraße",
        "sidewalk": "separate",
        "smoothness": "excellent",
        "surface": "asphalt"
      },
      "geometry": {
        "type": "LineString",
        "coordinates": [
          [
            16.3942952,
            48.1990788
          ],
          [
            16.3942421,
            48.1991481
          ]
        ]
      },
      "id": "way/545291471"
    },
    {
      "type": "Feature",
      "properties": {
        "@id": "way/545293416",
        "cycleway:both": "lane",
        "cycleway:both:lane": "advisory",
        "highway": "secondary",
        "lanes": "2",
        "lit": "yes",
        "maxspeed": "50",
        "name": "Landstraßer Hauptstraße",
        "sidewalk:both": "separate",
        "smoothness": "excellent",
        "surface": "asphalt"
      },
      "geometry": {
        "type": "LineString",
        "coordinates": [
          [
            16.3946819,
            48.1985083
          ],
          [
            16.3942952,
            48.1990788
          ]
        ]
      },
      "id": "way/545293416"
    },
    {
      "type": "Feature",
      "properties": {
        "@id": "way/545293418",
        "cycleway:both": "lane",
        "cycleway:both:lane": "advisory",
        "highway": "secondary",
        "lanes": "3",
        "lanes:backward": "2",
        "lanes:forward": "1",
        "lit": "yes",
        "maxspeed": "50",
        "name": "Landstraßer Hauptstraße",
        "sidewalk": "separate",
        "smoothness": "good",
        "surface": "asphalt",
        "turn:lanes:backward": "left|through;right"
      },
      "geometry": {
        "type": "LineString",
        "coordinates": [
          [
            16.3950931,
            48.1979139
          ],
          [
            16.3949855,
            48.1980698
          ],
          [
            16.3948096,
            48.1983236
          ],
          [
            16.3947903,
            48.198349
          ],
          [
            16.3947367,
            48.1984266
          ]
        ]
      },
      "id": "way/545293418"
    },
    {
      "type": "Feature",
      "properties": {
        "@id": "way/545293420",
        "cycleway:both": "lane",
        "cycleway:both:lane": "advisory",
        "highway": "secondary",
        "lanes": "2",
        "lanes:backward": "1",
        "lanes:forward": "1",
        "lit": "yes",
        "maxspeed": "50",
        "name": "Landstraßer Hauptstraße",
        "sidewalk": "separate",
        "smoothness": "excellent",
        "surface": "asphalt",
        "turn:lanes:backward": "through;right",
        "turn:lanes:forward": "through;right"
      },
      "geometry": {
        "type": "LineString",
        "coordinates": [
          [
            16.3951523,
            48.197827
          ],
          [
            16.3951059,
            48.1978951
          ],
          [
            16.3950931,
            48.1979139
          ]
        ]
      },
      "id": "way/545293420"
    },
    {
      "type": "Feature",
      "properties": {
        "@id": "way/545294840",
        "cycleway:both": "lane",
        "cycleway:both:lane": "advisory",
        "highway": "secondary",
        "lanes": "3",
        "lanes:backward": "1",
        "lanes:forward": "2",
        "lit": "yes",
        "maxspeed": "50",
        "name": "Landstraßer Hauptstraße",
        "sidewalk": "separate",
        "smoothness": "excellent",
        "surface": "asphalt",
        "turn:lanes:forward": "left|through;right"
      },
      "geometry": {
        "type": "LineString",
        "coordinates": [
          [
            16.3952688,
            48.1976579
          ],
          [
            16.3951523,
            48.197827
          ]
        ]
      },
      "id": "way/545294840"
    },
    {
      "type": "Feature",
      "properties": {
        "@id": "way/545294841",
        "cycleway:both": "lane",
        "cycleway:both:lane": "advisory",
        "highway": "secondary",
        "lanes": "2",
        "lit": "yes",
        "maxspeed": "50",
        "name": "Landstraßer Hauptstraße",
        "sidewalk": "separate",
        "smoothness": "excellent",
        "surface": "asphalt"
      },
      "geometry": {
        "type": "LineString",
        "coordinates": [
          [
            16.3955792,
            48.1972066
          ],
          [
            16.3952688,
            48.1976579
          ]
        ]
      },
      "id": "way/545294841"
    },
    {
      "type": "Feature",
      "properties": {
        "@id": "way/545297694",
        "cycleway:both": "lane",
        "cycleway:both:lane": "advisory",
        "highway": "secondary",
        "lanes": "3",
        "lanes:backward": "2",
        "lanes:forward": "1",
        "lit": "yes",
        "maxspeed": "50",
        "name": "Landstraßer Hauptstraße",
        "sidewalk:both": "separate",
        "smoothness": "good",
        "surface": "asphalt",
        "turn:lanes:backward": "left|through"
      },
      "geometry": {
        "type": "LineString",
        "coordinates": [
          [
            16.39587,
            48.1967838
          ],
          [
            16.3958135,
            48.1968659
          ],
          [
            16.395754,
            48.1969524
          ],
          [
            16.3955792,
            48.1972066
          ]
        ]
      },
      "id": "way/545297694"
    },
    {
      "type": "Feature",
      "properties": {
        "@id": "way/545297703",
        "cycleway:both": "no",
        "highway": "secondary",
        "lanes": "3",
        "lanes:backward": "1",
        "lanes:forward": "2",
        "lit": "yes",
        "maxspeed": "50",
        "name": "Landstraßer Hauptstraße",
        "sidewalk": "separate",
        "smoothness": "excellent",
        "surface": "asphalt",
        "turn:lanes:forward": "through|right"
      },
      "geometry": {
        "type": "LineString",
        "coordinates": [
          [
            16.3959441,
            48.1966315
          ],
          [
            16.3959091,
            48.1967035
          ],
          [
            16.39587,
            48.1967838
          ]
        ]
      },
      "id": "way/545297703"
    },
    {
      "type": "Feature",
      "properties": {
        "@id": "way/545297705",
        "cycleway:both": "no",
        "highway": "secondary",
        "lanes": "3",
        "lanes:backward": "1",
        "lanes:forward": "2",
        "lit": "yes",
        "maxspeed": "50",
        "name": "Landstraßer Hauptstraße",
        "sidewalk": "separate",
        "smoothness": "excellent",
        "surface": "asphalt",
        "turn:lanes:forward": "left|through;right"
      },
      "geometry": {
        "type": "LineString",
        "coordinates": [
          [
            16.3961128,
            48.1963392
          ],
          [
            16.3960556,
            48.1964399
          ]
        ]
      },
      "id": "way/545297705"
    },
    {
      "type": "Feature",
      "properties": {
        "@id": "way/553186943",
        "bridge": "yes",
        "cycleway": "track",
        "embedded_rails": "tram",
        "foot": "no",
        "highway": "tertiary",
        "lanes": "2",
        "layer": "1",
        "lcn": "yes",
        "lit": "yes",
        "maxspeed": "50",
        "maxweight:signed": "no",
        "motor_vehicle": "yes",
        "name": "Rotundenbrücke",
        "oneway": "yes",
        "parking:both": "no",
        "shoulder": "no",
        "sidewalk": "no",
        "surface": "asphalt",
        "turn:lanes": "left|through",
        "wikidata": "Q2169109"
      },
      "geometry": {
        "type": "LineString",
        "coordinates": [
          [
            16.3973878,
            48.2059222
          ],
          [
            16.3976902,
            48.2059477
          ]
        ]
      },
      "id": "way/553186943"
    },
    {
      "type": "Feature",
      "properties": {
        "@id": "way/553186944",
        "carriageway_ref": "2",
        "highway": "motorway_link",
        "junction:ref": "0",
        "lanes": "3",
        "maxspeed": "80",
        "oneway": "yes",
        "toll": "yes",
        "turn:lanes": "left|left;through|through;right"
      },
      "geometry": {
        "type": "LineString",
        "coordinates": [
          [
            16.4117889,
            48.1965661
          ],
          [
            16.4115017,
            48.196852
          ],
          [
            16.4114525,
            48.1969069
          ],
          [
            16.4113665,
            48.1970029
          ]
        ]
      },
      "id": "way/553186944"
    },
    {
      "type": "Feature",
      "properties": {
        "@id": "way/553186945",
        "bridge": "yes",
        "cycleway:both": "separate",
        "highway": "primary",
        "lanes": "6",
        "lanes:backward": "3",
        "lanes:forward": "3",
        "layer": "1",
        "lit": "yes",
        "maxspeed": "50",
        "maxweight:signed": "no",
        "name": "Stadionbrücke",
        "ref": "B221",
        "shoulder": "no",
        "smoothness": "excellent",
        "surface": "asphalt",
        "turn:lanes:backward": "left|through|through",
        "turn:lanes:forward": "left|left|through",
        "wikidata": "Q2326160"
      },
      "geometry": {
        "type": "LineString",
        "coordinates": [
          [
            16.4104433,
            48.1965322
          ],
          [
            16.4106941,
            48.1966592
          ],
          [
            16.4109627,
            48.1967953
          ],
          [
            16.4112025,
            48.1969161
          ]
        ]
      },
      "id": "way/553186945"
    },
    {
      "type": "Feature",
      "properties": {
        "@id": "way/553186946",
        "highway": "primary",
        "lanes": "2",
        "lit": "yes",
        "maxspeed": "30",
        "name": "Erdberger Lände",
        "oneway": "yes",
        "ref": "B227",
        "smoothness": "good",
        "source:maxspeed": "AT:zone:30",
        "surface": "asphalt",
        "turn:lanes": "left;through|right"
      },
      "geometry": {
        "type": "LineString",
        "coordinates": [
          [
            16.4095763,
            48.1967083
          ],
          [
            16.4096895,
            48.1965693
          ],
          [
            16.4098504,
            48.1964379
          ],
          [
            16.4098988,
            48.1963983
          ],
          [
            16.4100393,
            48.1963394
          ]
        ]
      },
      "id": "way/553186946"
    },
    {
      "type": "Feature",
      "properties": {
        "@id": "way/560089528",
        "highway": "motorway",
        "int_ref": "E 58",
        "lanes": "3",
        "lit": "yes",
        "maxheight": "default",
        "maxspeed": "70",
        "name": "Ost Autobahn",
        "official_ref": "A41",
        "oneway": "yes",
        "ref": "A4",
        "toll": "yes",
        "turn:lanes": "none|none|merge_to_left"
      },
      "geometry": {
        "type": "LineString",
        "coordinates": [
          [
            16.4137007,
            48.1939779
          ],
          [
            16.4146008,
            48.1934394
          ]
        ]
      },
      "id": "way/560089528"
    },
    {
      "type": "Feature",
      "properties": {
        "@id": "way/560089529",
        "highway": "motorway",
        "int_ref": "E 58",
        "lanes": "2",
        "lit": "yes",
        "maxspeed": "70",
        "name": "Ost Autobahn",
        "official_ref": "A41",
        "oneway": "yes",
        "placement": "transition",
        "ref": "A4",
        "toll": "yes"
      },
      "geometry": {
        "type": "LineString",
        "coordinates": [
          [
            16.4146008,
            48.1934394
          ],
          [
            16.4151309,
            48.1931455
          ]
        ]
      },
      "id": "way/560089529"
    },
    {
      "type": "Feature",
      "properties": {
        "@id": "way/561002581",
        "cycleway:right": "no",
        "destination:lanes": "Budapest;Bratislava;Alt Simmering;Praha;Brno;Graz;Linz|Budapest;Bratislava;Alt Simmering;Praha;Brno;Graz;Linz|Erdberg",
        "destination:ref:lanes": "A4;B228;A22;A2;A1|A4;B228;A22;A2;A1|B221",
        "highway": "primary",
        "lanes": "3",
        "lit": "yes",
        "maxspeed": "50",
        "name": "Erdberger Lände",
        "oneway": "yes",
        "ref": "B227",
        "sidewalk": "right",
        "sidewalk:right:surface": "asphalt",
        "smoothness": "good",
        "surface": "concrete",
        "turn:lanes": "none|none|none"
      },
      "geometry": {
        "type": "LineString",
        "coordinates": [
          [
            16.4071209,
            48.2000613
          ],
          [
            16.4071617,
            48.2000149
          ],
          [
            16.4072515,
            48.1999105
          ]
        ]
      },
      "id": "way/561002581"
    },
    {
      "type": "Feature",
      "properties": {
        "@id": "way/561002582",
        "cycleway:right": "no",
        "destination:lanes": "Budapest;Bratislava;Alt Simmering;Praha;Brno;Graz;Linz|Budapest;Bratislava;Alt Simmering;Praha;Brno;Graz;Linz|Erdberg",
        "destination:ref:lanes": "A4;B228;A22;A2;A1|A4;B228;A22;A2;A1|B221",
        "highway": "primary",
        "lanes": "3",
        "lit": "yes",
        "maxspeed": "50",
        "name": "Erdberger Lände",
        "oneway": "yes",
        "ref": "B227",
        "sidewalk": "right",
        "sidewalk:right:surface": "asphalt",
        "smoothness": "good",
        "surface": "concrete"
      },
      "geometry": {
        "type": "LineString",
        "coordinates": [
          [
            16.4072515,
            48.1999105
          ],
          [
            16.407383,
            48.1997318
          ]
        ]
      },
      "id": "way/561002582"
    },
    {
      "type": "Feature",
      "properties": {
        "@id": "way/562310424",
        "cycleway:both": "no",
        "highway": "motorway",
        "int_ref": "E 58",
        "lanes": "2",
        "lit": "yes",
        "maxheight": "default",
        "maxspeed": "80",
        "maxspeed:variable": "yes",
        "name": "Ost Autobahn",
        "official_ref": "A41",
        "oneway": "yes",
        "ref": "A4",
        "toll": "yes"
      },
      "geometry": {
        "type": "LineString",
        "coordinates": [
          [
            16.4148336,
            48.1944591
          ],
          [
            16.4139085,
            48.1950162
          ]
        ]
      },
      "id": "way/562310424"
    },
    {
      "type": "Feature",
      "properties": {
        "@id": "way/567207458",
        "bridge": "yes",
        "carriageway_ref": "20",
        "highway": "motorway_link",
        "lanes": "2",
        "layer": "3",
        "maxspeed": "80",
        "oneway": "yes",
        "toll": "yes"
      },
      "geometry": {
        "type": "LineString",
        "coordinates": [
          [
            16.4007624,
            48.1784139
          ],
          [
            16.4009536,
            48.1786642
          ],
          [
            16.4011686,
            48.1789152
          ],
          [
            16.401558,
            48.1793398
          ],
          [
            16.4016903,
            48.1795048
          ]
        ]
      },
      "id": "way/567207458"
    },
    {
      "type": "Feature",
      "properties": {
        "@id": "way/570056292",
        "bridge": "yes",
        "carriageway_ref": "36",
        "cycleway:both": "no",
        "highway": "motorway_link",
        "junction:ref": "105",
        "lanes": "1",
        "layer": "1",
        "maxspeed": "80",
        "oneway": "yes",
        "source:maxspeed": "sign",
        "toll": "yes",
        "turn:lanes": "slight_left;through"
      },
      "geometry": {
        "type": "LineString",
        "coordinates": [
          [
            16.4147101,
            48.1912157
          ],
          [
            16.4147506,
            48.1912197
          ],
          [
            16.4150007,
            48.1912316
          ],
          [
            16.4153351,
            48.1912388
          ],
          [
            16.4156365,
            48.1912457
          ],
          [
            16.4158102,
            48.1912478
          ]
        ]
      },
      "id": "way/570056292"
    },
    {
      "type": "Feature",
      "properties": {
        "@id": "way/570439299",
        "bridge": "yes",
        "cycleway:both": "no",
        "hgv:lanes:conditional": "no|yes|yes|yes @ (weight>7.5)",
        "highway": "motorway",
        "int_ref": "E 59",
        "lanes": "4",
        "layer": "1",
        "lit": "yes",
        "maxspeed": "80",
        "maxspeed:hgv:conditional": "60 @ (weight>7.5)",
        "maxspeed:variable": "peak_traffic",
        "name": "Erdberger Brücke",
        "oneway": "yes",
        "placement": "middle_of:2",
        "ref": "A23",
        "toll": "yes",
        "turn:lanes": "none|none|none|merge_to_left",
        "wikidata": "Q1348995"
      },
      "geometry": {
        "type": "LineString",
        "coordinates": [
          [
            16.4160427,
            48.1926561
          ],
          [
            16.4171752,
            48.1934309
          ]
        ]
      },
      "id": "way/570439299"
    },
    {
      "type": "Feature",
      "properties": {
        "@id": "way/570439305",
        "cycleway:both": "no",
        "hgv:lanes:conditional": "no|yes|yes @ (weight>7.5)",
        "highway": "motorway",
        "int_ref": "E 59",
        "lanes": "3",
        "lit": "yes",
        "maxspeed": "80",
        "maxspeed:hgv:conditional": "60 @ (weight>7.5)",
        "maxspeed:variable": "peak_traffic",
        "name": "Südosttangente",
        "oneway": "yes",
        "placement": "transition",
        "ref": "A23",
        "toll": "yes"
      },
      "geometry": {
        "type": "LineString",
        "coordinates": [
          [
            16.4177774,
            48.1938524
          ],
          [
            16.4184512,
            48.194314
          ]
        ]
      },
      "id": "way/570439305"
    },
    {
      "type": "Feature",
      "properties": {
        "@id": "way/587964667",
        "alt_name": "LSG Triiiple",
        "change:lanes": "yes|yes|not_left|yes",
        "destination:lanes": "Budapest;Bratislava;Alt Simmering|Budapest;Bratislava;Alt Simmering|Budapest;Bratislava;Alt Simmering;Praha;Brno;Handelskai|Graz;Linz;St. Marx",
        "destination:ref:lanes": "A4;B228|A4;B228|A4;B228;A23;A22;A5;B14|A23;A2;A21;A1;B221",
        "highway": "motorway",
        "int_ref": "E 58",
        "lanes": "4",
        "lit": "yes",
        "maxheight": "default",
        "maxspeed": "70",
        "name": "Lärmschutzgalerie Triiiple",
        "official_ref": "A41",
        "oneway": "yes",
        "placement": "middle_of:2",
        "ref": "A4",
        "source:maxspeed": "sign",
        "toll": "yes",
        "tunnel": "building_passage"
      },
      "geometry": {
        "type": "LineString",
        "coordinates": [
          [
            16.4118442,
            48.1951456
          ],
          [
            16.4120977,
            48.194961
          ],
          [
            16.4123256,
            48.1948126
          ],
          [
            16.4125523,
            48.1946682
          ],
          [
            16.4128322,
            48.1944996
          ]
        ]
      },
      "id": "way/587964667"
    },
    {
      "type": "Feature",
      "properties": {
        "@id": "way/587964668",
        "carriageway_ref": "1",
        "highway": "motorway_link",
        "junction:ref": "0",
        "lanes": "1",
        "maxheight": "default",
        "maxspeed": "70",
        "name": "Erdberger Lände",
        "oneway": "yes",
        "source:maxspeed": "sign",
        "toll": "yes",
        "tunnel": "building_passage",
        "tunnel:name": "LSG Triiiple"
      },
      "geometry": {
        "type": "LineString",
        "coordinates": [
          [
            16.4112875,
            48.1955037
          ],
          [
            16.4116795,
            48.1952801
          ]
        ]
      },
      "id": "way/587964668"
    },
    {
      "type": "Feature",
      "properties": {
        "@id": "way/587964669",
        "alt_name": "LSG Triiiple",
        "highway": "motorway",
        "int_ref": "E 58",
        "lanes": "2",
        "lit": "yes",
        "maxheight": "default",
        "maxspeed": "70",
        "name": "Lärmschutzgalerie Triiiple",
        "official_ref": "A41",
        "oneway": "yes",
        "ref": "A4",
        "source:maxspeed": "sign",
        "toll": "yes",
        "tunnel": "building_passage",
        "turn:lanes": "through|through;right"
      },
      "geometry": {
        "type": "LineString",
        "coordinates": [
          [
            16.4113723,
            48.1955516
          ],
          [
            16.4116795,
            48.1952801
          ]
        ]
      },
      "id": "way/587964669"
    },
    {
      "type": "Feature",
      "properties": {
        "@id": "way/602191454",
        "carriageway_ref": "34",
        "cycleway:both": "no",
        "destination:lanes": "Budapest;Bratislava;Flughafen;Alt Simmering|Graz;Linz;St.Marx",
        "destination:ref:lanes": "A4;A6;B228|A23;A2;A21;A1;B221",
        "highway": "motorway_link",
        "junction:ref": "105",
        "lanes": "2",
        "maxspeed": "80",
        "oneway": "yes",
        "source:maxspeed": "sign",
        "toll": "yes",
        "turn:lanes": "slight_left|through"
      },
      "geometry": {
        "type": "LineString",
        "coordinates": [
          [
            16.4156322,
            48.1947375
          ],
          [
            16.4154298,
            48.1947107
          ],
          [
            16.415249,
            48.1946761
          ],
          [
            16.4150289,
            48.1946051
          ]
        ]
      },
      "id": "way/602191454"
    },
    {
      "type": "Feature",
      "properties": {
        "@id": "way/603995735",
        "cycleway:both": "no",
        "destination": "Graz;Eisenstadt;Linz;St.Pölten",
        "destination:country": "I;SLO;D",
        "destination:ref": "A23;A2;A3;A21;A1",
        "fixme": "placement=transition, hgv:lanes:conditional",
        "hgv:lanes:conditional": "no|yes|yes @ (weight>7.5)",
        "highway": "motorway",
        "int_ref": "E 59",
        "lanes": "3",
        "lit": "yes",
        "maxspeed": "80",
        "maxspeed:hgv:conditional": "60 @ (weight>7.5)",
        "maxspeed:variable": "peak_traffic",
        "name": "Südosttangente",
        "oneway": "yes",
        "ref": "A23",
        "toll": "yes"
      },
      "geometry": {
        "type": "LineString",
        "coordinates": [
          [
            16.4198357,
            48.1954348
          ],
          [
            16.4170446,
            48.1935123
          ]
        ]
      },
      "id": "way/603995735"
    },
    {
      "type": "Feature",
      "properties": {
        "@id": "way/603995736",
        "carriageway_ref": "34",
        "cycleway:both": "no",
        "destination": "Budapest;Bratislava;Flughafen;Alt Simmering;St.Marx",
        "destination:country": "H;SK",
        "destination:ref": "A4;A6;B228;B221",
        "destination:symbol": "airport;park_and_ride",
        "highway": "motorway_link",
        "junction:ref": "105",
        "lanes": "1",
        "maxspeed": "80",
        "oneway": "yes",
        "placement": "transition",
        "source:maxspeed": "sign",
        "toll": "yes"
      },
      "geometry": {
        "type": "LineString",
        "coordinates": [
          [
            16.4198357,
            48.1954348
          ],
          [
            16.4194367,
            48.1952234
          ]
        ]
      },
      "id": "way/603995736"
    },
    {
      "type": "Feature",
      "properties": {
        "@id": "way/603995737",
        "carriageway_ref": "34",
        "cycleway:both": "no",
        "destination": "Zentrum;Erdberg",
        "destination:ref": "B227",
        "destination:symbol": "centre",
        "highway": "motorway_link",
        "junction:ref": "105",
        "lanes": "1",
        "lit": "yes",
        "maxspeed": "80",
        "oneway": "yes",
        "placement": "transition",
        "toll": "yes"
      },
      "geometry": {
        "type": "LineString",
        "coordinates": [
          [
            16.4198357,
            48.1954348
          ],
          [
            16.4193756,
            48.1952617
          ]
        ]
      },
      "id": "way/603995737"
    },
    {
      "type": "Feature",
      "properties": {
        "@id": "way/604044924",
        "change:lanes": "yes|not_right|not_left|yes",
        "destination:lanes": "Budapest;Bratislava;Alt Simmering|Budapest;Bratislava;Alt Simmering|Budapest;Bratislava;Alt Simmering;Praha;Brno;Handelskai|Graz;Linz;St. Marx",
        "destination:ref:lanes": "A4;B228|A4;B228|A4;B228;A23;A22;A5;B14|A23;A2;A21;A1;B221",
        "highway": "motorway",
        "int_ref": "E 58",
        "lanes": "4",
        "lit": "yes",
        "maxspeed": "70",
        "name": "Ost Autobahn",
        "official_ref": "A41",
        "oneway": "yes",
        "placement": "middle_of:2",
        "ref": "A4",
        "source:maxspeed": "sign",
        "toll": "yes",
        "turn:lanes": "none|through|through;slight_right|slight_right"
      },
      "geometry": {
        "type": "LineString",
        "coordinates": [
          [
            16.4130329,
            48.1943786
          ],
          [
            16.4133164,
            48.1942078
          ]
        ]
      },
      "id": "way/604044924"
    },
    {
      "type": "Feature",
      "properties": {
        "@id": "way/604044925",
        "carriageway_ref": "1",
        "destination": "Praha;Graz;Brno;Linz",
        "destination:lanes": "Praha;Brno;Handelskai|Graz;Linz;St. Marx",
        "destination:ref:lanes": "A23;A22;A5;B14|A23;A2;A21;A1;B221",
        "highway": "motorway_link",
        "junction:ref": "0",
        "lanes": "2",
        "layer": "1",
        "maxspeed": "70",
        "oneway": "yes",
        "placement": "transition",
        "source:maxspeed": "sign",
        "toll": "yes",
        "turn:lanes": "slight_left|through"
      },
      "geometry": {
        "type": "LineString",
        "coordinates": [
          [
            16.4133164,
            48.1942078
          ],
          [
            16.4133851,
            48.1940786
          ],
          [
            16.4134668,
            48.1940099
          ],
          [
            16.4135435,
            48.1939392
          ]
        ]
      },
      "id": "way/604044925"
    },
    {
      "type": "Feature",
      "properties": {
        "@id": "way/604044926",
        "alt_name": "LSG Triiiple",
        "change:lanes": "yes|not_right|not_left|yes",
        "destination:lanes": "Budapest;Bratislava;Alt Simmering|Budapest;Bratislava;Alt Simmering|Budapest;Bratislava;Alt Simmering;Praha;Brno;Handelskai|Graz;Linz;St. Marx",
        "destination:ref:lanes": "A4;B228|A4;B228|A4;B228;A23;A22;A5;B14|A23;A2;A21;A1;B221",
        "highway": "motorway",
        "int_ref": "E 58",
        "lanes": "4",
        "lit": "yes",
        "maxheight": "default",
        "maxspeed": "70",
        "name": "Lärmschutzgalerie Triiiple",
        "official_ref": "A41",
        "oneway": "yes",
        "placement": "middle_of:2",
        "ref": "A4",
        "source:maxspeed": "sign",
        "toll": "yes",
        "tunnel": "building_passage"
      },
      "geometry": {
        "type": "LineString",
        "coordinates": [
          [
            16.4116795,
            48.1952801
          ],
          [
            16.4118442,
            48.1951456
          ]
        ]
      },
      "id": "way/604044926"
    },
    {
      "type": "Feature",
      "properties": {
        "@id": "way/604044927",
        "change:lanes": "yes|yes|not_left|yes",
        "destination:lanes": "Budapest;Bratislava;Alt Simmering|Budapest;Bratislava;Alt Simmering|Budapest;Bratislava;Alt Simmering;Praha;Brno;Handelskai|Graz;Linz;St. Marx",
        "destination:ref:lanes": "A4;B228|A4;B228|A4;B228;A23;A22;A5;B14|A23;A2;A21;A1;B221",
        "highway": "motorway",
        "int_ref": "E 58",
        "lanes": "4",
        "lit": "yes",
        "maxspeed": "70",
        "name": "Ost Autobahn",
        "official_ref": "A41",
        "oneway": "yes",
        "placement": "middle_of:2",
        "ref": "A4",
        "source:maxspeed": "sign",
        "toll": "yes",
        "turn:lanes": "none|through|through;slight_right|slight_right"
      },
      "geometry": {
        "type": "LineString",
        "coordinates": [
          [
            16.4128322,
            48.1944996
          ],
          [
            16.4130329,
            48.1943786
          ]
        ]
      },
      "id": "way/604044927"
    },
    {
      "type": "Feature",
      "properties": {
        "@id": "way/607765930",
        "cycleway:both": "no",
        "fixme": "hgv:lanes:conditional",
        "hgv:lanes:conditional": "no|yes|yes @ (weight>7.5)",
        "highway": "motorway",
        "int_ref": "E 59",
        "lanes": "3",
        "lit": "yes",
        "maxspeed": "80",
        "maxspeed:hgv:conditional": "60 @ (weight>7.5)",
        "maxspeed:variable": "peak_traffic",
        "name": "Südosttangente",
        "oneway": "yes",
        "ref": "A23",
        "toll": "yes"
      },
      "geometry": {
        "type": "LineString",
        "coordinates": [
          [
            16.4149264,
            48.1920612
          ],
          [
            16.41458,
            48.1918198
          ]
        ]
      },
      "id": "way/607765930"
    },
    {
      "type": "Feature",
      "properties": {
        "@id": "way/608982499",
        "bridge": "yes",
        "change:lanes": "yes|yes|yes|not_left|yes",
        "cycleway:both": "no",
        "fixme": "hgv:lanes:conditional",
        "hgv:lanes:conditional": "no|yes|yes|yes @ (weight>7.5)",
        "highway": "motorway",
        "int_ref": "E 59",
        "lanes": "5",
        "layer": "2",
        "lit": "yes",
        "maxspeed": "80",
        "maxspeed:hgv:conditional": "60 @ (weight>7.5)",
        "maxspeed:variable": "peak_traffic",
        "name": "Hochstraße St. Marx",
        "oneway": "yes",
        "placement": "middle_of:2",
        "ref": "A23",
        "toll": "yes",
        "turn:lanes": "none|none|none|through|slight_right"
      },
      "geometry": {
        "type": "LineString",
        "coordinates": [
          [
            16.4130367,
            48.1907872
          ],
          [
            16.4127226,
            48.190572
          ],
          [
            16.4123162,
            48.1902936
          ],
          [
            16.4113645,
            48.1896417
          ]
        ]
      },
      "id": "way/608982499"
    },
    {
      "type": "Feature",
      "properties": {
        "@id": "way/608982502",
        "bridge": "yes",
        "cycleway:both": "no",
        "fixme": "hgv:lanes:conditional",
        "hgv:lanes:conditional": "no|yes|yes|yes @ (weight>7.5)",
        "highway": "motorway",
        "int_ref": "E 59",
        "lanes": "4",
        "layer": "2",
        "lit": "yes",
        "maxspeed": "80",
        "maxspeed:hgv:conditional": "60 @ (weight>7.5)",
        "maxspeed:variable": "peak_traffic",
        "name": "Hochstraße St. Marx",
        "oneway": "yes",
        "placement": "middle_of:2",
        "ref": "A23",
        "toll": "yes"
      },
      "geometry": {
        "type": "LineString",
        "coordinates": [
          [
            16.4113645,
            48.1896417
          ],
          [
            16.410468,
            48.1890275
          ]
        ]
      },
      "id": "way/608982502"
    },
    {
      "type": "Feature",
      "properties": {
        "@id": "way/608982507",
        "bridge": "yes",
        "cycleway:both": "no",
        "fixme": "hgv:lanes:conditional",
        "hgv:lanes:conditional": "no|yes|yes @ (weight>7.5)",
        "highway": "motorway",
        "int_ref": "E 59",
        "lanes": "3",
        "layer": "1",
        "lit": "yes",
        "maxspeed": "80",
        "maxspeed:hgv:conditional": "60 @ (weight>7.5)",
        "maxspeed:variable": "peak_traffic",
        "name": "Hochstraße St. Marx",
        "oneway": "yes",
        "ref": "A23",
        "toll": "yes"
      },
      "geometry": {
        "type": "LineString",
        "coordinates": [
          [
            16.4141588,
            48.1915367
          ],
          [
            16.4131564,
            48.1908692
          ]
        ]
      },
      "id": "way/608982507"
    },
    {
      "type": "Feature",
      "properties": {
        "@id": "way/608982515",
        "bridge": "yes",
        "carriageway_ref": "34",
        "cycleway:both": "no",
        "highway": "motorway_link",
        "junction:ref": "105",
        "lanes": "2",
        "layer": "1",
        "lit": "yes",
        "maxspeed": "80",
        "oneway": "yes",
        "source:maxspeed": "sign",
        "toll": "yes"
      },
      "geometry": {
        "type": "LineString",
        "coordinates": [
          [
            16.4136744,
            48.1919816
          ],
          [
            16.4136737,
            48.1918578
          ],
          [
            16.4136509,
            48.1917404
          ],
          [
            16.413637,
            48.191667
          ],
          [
            16.4136163,
            48.1915853
          ],
          [
            16.4135797,
            48.1914879
          ],
          [
            16.4135335,
            48.1914028
          ],
          [
            16.4135015,
            48.1913324
          ]
        ]
      },
      "id": "way/608982515"
    },
    {
      "type": "Feature",
      "properties": {
        "@id": "way/613033868",
        "highway": "motorway",
        "int_ref": "E 58",
        "lanes": "3",
        "lit": "yes",
        "maxspeed": "80",
        "maxspeed:variable": "peak_traffic",
        "name": "Ost Autobahn",
        "oneway": "yes",
        "placement": "right_of:1",
        "ref": "A4",
        "toll": "yes",
        "turn:lanes": "none|none|merge_to_left"
      },
      "geometry": {
        "type": "LineString",
        "coordinates": [
          [
            16.4235241,
            48.1883826
          ],
          [
            16.4236609,
            48.188323
          ],
          [
            16.4244219,
            48.1880105
          ]
        ]
      },
      "id": "way/613033868"
    },
    {
      "type": "Feature",
      "properties": {
        "@id": "way/625724740",
        "cycleway:both": "no",
        "highway": "tertiary",
        "lanes": "3",
        "lanes:backward": "2",
        "lanes:forward": "1",
        "lit": "yes",
        "maxspeed": "50",
        "name": "Kleistgasse",
        "name:etymology:wikidata": "Q28494",
        "name:etymology:wikipedia": "de:Heinrich von Kleist",
        "sidewalk": "separate",
        "smoothness": "good",
        "surface": "asphalt",
        "turn:lanes:backward": "left|right"
      },
      "geometry": {
        "type": "LineString",
        "coordinates": [
          [
            16.3906052,
            48.1935084
          ],
          [
            16.3905743,
            48.1934521
          ],
          [
            16.3905178,
            48.1933435
          ]
        ]
      },
      "id": "way/625724740"
    },
    {
      "type": "Feature",
      "properties": {
        "@id": "way/631286370",
        "destination:country:lanes": "none|I;SLO;D|CZ",
        "destination:lanes": "Zentrum;Erdberg|Zentrum;Erdberg;Graz;St.Pölten;St.Marx|Praha;Brno;Handelskai",
        "destination:ref:lanes": "B227|B227;A23;A2|A23;A22;A5;B14",
        "destination:symbol:lanes": "centre|none|none",
        "highway": "motorway",
        "int_ref": "E 58",
        "lanes": "3",
        "lit": "yes",
        "maxspeed": "80",
        "maxspeed:variable": "yes",
        "name": "Ost Autobahn",
        "oneway": "yes",
        "placement": "right_of:1",
        "ref": "A4",
        "toll": "yes",
        "turn:lanes": "none|through;slight_right|right"
      },
      "geometry": {
        "type": "LineString",
        "coordinates": [
          [
            16.4234584,
            48.1895653
          ],
          [
            16.4229597,
            48.1897941
          ]
        ]
      },
      "id": "way/631286370"
    },
    {
      "type": "Feature",
      "properties": {
        "@id": "way/631286371",
        "change:lanes": "no|yes|not_right|no",
        "destination:country:lanes": "none|none|I;SLO;D|CZ",
        "destination:lanes": "Zentrum;Erdberg|Zentrum;Erdberg|Graz;St.Pölten;St.Marx|Praha;Brno;Handelskai",
        "destination:ref:lanes": "B227|B227|A23;A2|A23;A22;A5;B14",
        "destination:symbol:lanes": "centre|none|none|none",
        "highway": "motorway",
        "int_ref": "E 58",
        "lanes": "4",
        "lit": "yes",
        "maxspeed": "80",
        "maxspeed:variable": "yes",
        "name": "Ost Autobahn",
        "oneway": "yes",
        "placement": "right_of:1",
        "ref": "A4",
        "toll": "yes",
        "turn:lanes": "|through|slight_right|right"
      },
      "geometry": {
        "type": "LineString",
        "coordinates": [
          [
            16.4199253,
            48.1914745
          ],
          [
            16.4197721,
            48.1915611
          ]
        ]
      },
      "id": "way/631286371"
    },
    {
      "type": "Feature",
      "properties": {
        "@id": "way/631286372",
        "carriageway_ref": "4",
        "change:lanes": "no|no",
        "cycleway:both": "no",
        "destination:country:lanes": "I;SLO;D|CZ",
        "destination:lanes": "Graz;St.Pölten;St.Marx|Praha;Brno;Handelskai",
        "destination:ref:lanes": "A23;A2|A23;A22;A5;B14",
        "highway": "motorway_link",
        "junction:ref": "0",
        "lanes": "2",
        "maxspeed": "80",
        "oneway": "yes",
        "toll": "yes",
        "turn:lanes": "through|right"
      },
      "geometry": {
        "type": "LineString",
        "coordinates": [
          [
            16.4197306,
            48.1916719
          ],
          [
            16.4194442,
            48.191857
          ],
          [
            16.4191391,
            48.1920403
          ],
          [
            16.4190681,
            48.1920899
          ],
          [
            16.419003,
            48.1921426
          ],
          [
            16.4189373,
            48.1922101
          ],
          [
            16.4188488,
            48.1923147
          ]
        ]
      },
      "id": "way/631286372"
    },
    {
      "type": "Feature",
      "properties": {
        "@id": "way/631286373",
        "carriageway_ref": "8",
        "cycleway:both": "no",
        "destination": "Praha;Brno;Handelskai",
        "destination:country": "CZ",
        "destination:ref": "A23;A22;A5;B14",
        "highway": "motorway_link",
        "junction:ref": "0",
        "lanes": "1",
        "lit": "yes",
        "maxspeed": "80",
        "oneway": "yes",
        "toll": "yes"
      },
      "geometry": {
        "type": "LineString",
        "coordinates": [
          [
            16.4188488,
            48.1923147
          ],
          [
            16.4188289,
            48.1924355
          ],
          [
            16.4188053,
            48.1925095
          ],
          [
            16.4187847,
            48.1925842
          ],
          [
            16.4187765,
            48.1926802
          ],
          [
            16.4187846,
            48.1927918
          ],
          [
            16.4188147,
            48.1929735
          ],
          [
            16.4188627,
            48.193297
          ],
          [
            16.4189402,
            48.1938201
          ]
        ]
      },
      "id": "way/631286373"
    },
    {
      "type": "Feature",
      "properties": {
        "@id": "way/648428112",
        "bridge": "yes",
        "carriageway_ref": "21",
        "highway": "motorway_link",
        "lanes": "1",
        "layer": "2",
        "oneway": "yes",
        "toll": "yes"
      },
      "geometry": {
        "type": "LineString",
        "coordinates": [
          [
            16.4036268,
            48.1815849
          ],
          [
            16.4037166,
            48.1817307
          ],
          [
            16.4038016,
            48.1818869
          ],
          [
            16.4038704,
            48.1820375
          ],
          [
            16.4039176,
            48.1821599
          ]
        ]
      },
      "id": "way/648428112"
    },
    {
      "type": "Feature",
      "properties": {
        "@id": "way/648428116",
        "bridge": "yes",
        "cycleway:both": "no",
        "hgv:lanes:conditional": "no|yes|yes @ (weight>7.5)",
        "highway": "motorway",
        "int_ref": "E 59",
        "lanes": "3",
        "layer": "2",
        "maxspeed": "80",
        "maxspeed:hgv:conditional": "60 @ (weight>7.5)",
        "maxspeed:variable": "peak_traffic",
        "name": "Hochstraße St. Marx",
        "oneway": "yes",
        "ref": "A23",
        "toll": "yes"
      },
      "geometry": {
        "type": "LineString",
        "coordinates": [
          [
            16.4038224,
            48.1815382
          ],
          [
            16.403904,
            48.1817137
          ],
          [
            16.4039536,
            48.1818417
          ],
          [
            16.4039945,
            48.1820033
          ],
          [
            16.4040447,
            48.1822573
          ]
        ]
      },
      "id": "way/648428116"
    },
    {
      "type": "Feature",
      "properties": {
        "@id": "way/648428118",
        "bridge": "yes",
        "change:lanes": "no|not_left|yes|yes|yes",
        "cycleway:both": "no",
        "hgv:lanes:conditional": "yes|no|yes|yes|yes @ (weight>7.5)",
        "highway": "motorway",
        "int_ref": "E 59",
        "lanes": "5",
        "layer": "1",
        "maxspeed": "80",
        "maxspeed:hgv:conditional": "60 @ (weight>7.5)",
        "maxspeed:variable": "peak_traffic",
        "name": "Hochstraße St. Marx",
        "oneway": "yes",
        "ref": "A23",
        "toll": "yes",
        "turn:lanes": "through|none|none|through;slight_right|slight_right"
      },
      "geometry": {
        "type": "LineString",
        "coordinates": [
          [
            16.4042438,
            48.1829285
          ],
          [
            16.4043796,
            48.1832727
          ],
          [
            16.4045217,
            48.1835945
          ],
          [
            16.4046775,
            48.1839187
          ],
          [
            16.4048271,
            48.1841937
          ]
        ]
      },
      "id": "way/648428118"
    },
    {
      "type": "Feature",
      "properties": {
        "@id": "way/648428120",
        "bridge": "yes",
        "cycleway:both": "no",
        "destination:country:lanes": "IT;SI;DE|IT;SI;DE|IT;SI;DE|none|none",
        "hgv:lanes:conditional": "no|yes|yes|yes|yes @ (weight>7.5)",
        "highway": "motorway",
        "int_ref": "E 59",
        "lanes": "5",
        "layer": "2",
        "maxspeed": "80",
        "maxspeed:hgv:conditional": "60 @ (weight>7.5)",
        "maxspeed:variable": "peak_traffic",
        "name": "Hochstraße St. Marx",
        "oneway": "yes",
        "ref": "A23",
        "toll": "yes",
        "turn:lanes": "none|none|through|slight_right|slight_right"
      },
      "geometry": {
        "type": "LineString",
        "coordinates": [
          [
            16.404014,
            48.18297
          ],
          [
            16.4039318,
            48.1827516
          ],
          [
            16.4037387,
            48.1822127
          ]
        ]
      },
      "id": "way/648428120"
    },
    {
      "type": "Feature",
      "properties": {
        "@id": "way/648428121",
        "bridge": "yes",
        "carriageway_ref": "33",
        "highway": "motorway_link",
        "lanes": "1",
        "layer": "1",
        "maxspeed": "80",
        "oneway": "yes",
        "toll": "yes"
      },
      "geometry": {
        "type": "LineString",
        "coordinates": [
          [
            16.4057351,
            48.1859324
          ],
          [
            16.4056154,
            48.1858189
          ],
          [
            16.4054709,
            48.1856771
          ],
          [
            16.4053204,
            48.1855003
          ],
          [
            16.4051202,
            48.1852409
          ],
          [
            16.4049352,
            48.1849631
          ]
        ]
      },
      "id": "way/648428121"
    },
    {
      "type": "Feature",
      "properties": {
        "@id": "way/648428122",
        "bridge": "yes",
        "cycleway:both": "no",
        "destination:country:lanes": "IT;SI;DE|IT;SI;DE|IT;SI;DE|none",
        "hgv:lanes:conditional": "no|yes|yes|yes @ (weight>7.5)",
        "highway": "motorway",
        "int_ref": "E 59",
        "lanes": "4",
        "layer": "1",
        "lit": "yes",
        "maxspeed": "80",
        "maxspeed:hgv:conditional": "60 @ (weight>7.5)",
        "maxspeed:variable": "peak_traffic",
        "name": "Hochstraße St. Marx",
        "oneway": "yes",
        "placement": "middle_of:2",
        "ref": "A23",
        "toll": "yes"
      },
      "geometry": {
        "type": "LineString",
        "coordinates": [
          [
            16.4059028,
            48.1858447
          ],
          [
            16.405774,
            48.1857299
          ],
          [
            16.4055829,
            48.1855506
          ],
          [
            16.4054062,
            48.1853637
          ],
          [
            16.4052633,
            48.1851953
          ],
          [
            16.4051119,
            48.1850012
          ],
          [
            16.4049989,
            48.1848371
          ]
        ]
      },
      "id": "way/648428122"
    },
    {
      "type": "Feature",
      "properties": {
        "@id": "way/648428124",
        "bridge": "yes",
        "carriageway_ref": "31",
        "highway": "motorway_link",
        "lanes": "1",
        "layer": "1",
        "maxspeed": "80",
        "oneway": "yes",
        "toll": "yes"
      },
      "geometry": {
        "type": "LineString",
        "coordinates": [
          [
            16.4054993,
            48.1850534
          ],
          [
            16.4058419,
            48.1853833
          ],
          [
            16.4061029,
            48.1856164
          ],
          [
            16.4061963,
            48.1856931
          ]
        ]
      },
      "id": "way/648428124"
    },
    {
      "type": "Feature",
      "properties": {
        "@id": "way/648428125",
        "bridge": "yes",
        "carriageway_ref": "32",
        "cycleway:both": "no",
        "highway": "motorway_link",
        "lanes": "1",
        "layer": "2",
        "lit": "yes",
        "maxspeed": "80",
        "maxspeed:hgv:conditional": "60 @ (weight>7.5)",
        "oneway": "yes",
        "toll": "yes"
      },
      "geometry": {
        "type": "LineString",
        "coordinates": [
          [
            16.4107076,
            48.1888769
          ],
          [
            16.4112986,
            48.1892876
          ]
        ]
      },
      "id": "way/648428125"
    },
    {
      "type": "Feature",
      "properties": {
        "@id": "way/648428135",
        "bridge": "yes",
        "cycleway:both": "no",
        "destination:lanes": "Praha;Brno;Gänserndorf;Handelskai;Austria Center;Vienna Int. Centre|Praha;Brno;Gänserndorf;Handelskai;Austria Center;Vienna Int. Centre|Praha;Brno;Gänserndorf;Handelskai;Austria Center;Vienna Int. Centre|Zentrum;Erdberg|Budapest;Bratislava;Alt Simmering",
        "destination:ref:lanes": "A23;A22;S1;A5;B8;B14|A23;A22;S1;A5;B8;B14|A23;A22;S1;A5;B8;B14|A23;B227|A4;B228",
        "destination:symbol:lanes": "none|none|none|centre|airport",
        "hgv:lanes:conditional": "no|yes|yes|yes|yes @ (weight>7.5)",
        "highway": "motorway",
        "int_ref": "E 59",
        "lanes": "5",
        "layer": "1",
        "lit": "yes",
        "maxspeed": "80",
        "maxspeed:hgv:conditional": "60 @ (weight>7.5)",
        "maxspeed:variable": "peak_traffic",
        "name": "Hochstraße St. Marx",
        "oneway": "yes",
        "ref": "A23",
        "toll": "yes",
        "turn:lanes": "none|none|through|slight_right|right"
      },
      "geometry": {
        "type": "LineString",
        "coordinates": [
          [
            16.4128675,
            48.1904795
          ],
          [
            16.4131768,
            48.1906918
          ]
        ]
      },
      "id": "way/648428135"
    },
    {
      "type": "Feature",
      "properties": {
        "@id": "way/648428136",
        "bridge": "yes",
        "carriageway_ref": "34",
        "cycleway:both": "no",
        "highway": "motorway_link",
        "junction:ref": "105",
        "lanes": "2",
        "layer": "1",
        "lit": "yes",
        "maxspeed": "80",
        "oneway": "yes",
        "source:maxspeed": "sign",
        "toll": "yes"
      },
      "geometry": {
        "type": "LineString",
        "coordinates": [
          [
            16.4135015,
            48.1913324
          ],
          [
            16.4134263,
            48.1912165
          ],
          [
            16.4133249,
            48.1910924
          ],
          [
            16.4131564,
            48.1908692
          ]
        ]
      },
      "id": "way/648428136"
    },
    {
      "type": "Feature",
      "properties": {
        "@id": "way/648428137",
        "bridge": "yes",
        "carriageway_ref": "3",
        "cycleway:both": "no",
        "highway": "motorway_link",
        "junction:ref": "0",
        "lanes": "1",
        "layer": "1",
        "lit": "yes",
        "maxspeed": "80",
        "oneway": "yes",
        "toll": "yes"
      },
      "geometry": {
        "type": "LineString",
        "coordinates": [
          [
            16.4133827,
            48.1907179
          ],
          [
            16.4136103,
            48.1908387
          ],
          [
            16.4138052,
            48.1909291
          ],
          [
            16.4140017,
            48.1910073
          ]
        ]
      },
      "id": "way/648428137"
    },
    {
      "type": "Feature",
      "properties": {
        "@id": "way/648428138",
        "bridge": "yes",
        "carriageway_ref": "36",
        "cycleway:both": "no",
        "highway": "motorway_link",
        "junction:ref": "105",
        "lanes": "1",
        "layer": "1",
        "maxspeed": "80",
        "oneway": "yes",
        "source:maxspeed": "sign",
        "toll": "yes"
      },
      "geometry": {
        "type": "LineString",
        "coordinates": [
          [
            16.4142713,
            48.1911603
          ],
          [
            16.4143375,
            48.1911717
          ],
          [
            16.4145286,
            48.191198
          ],
          [
            16.4147101,
            48.1912157
          ]
        ]
      },
      "id": "way/648428138"
    },
    {
      "type": "Feature",
      "properties": {
        "@id": "way/661035324",
        "cycleway:both": "lane",
        "cycleway:both:lane": "advisory",
        "highway": "tertiary",
        "lanes": "2",
        "lit": "yes",
        "maxheight": "default",
        "maxspeed": "50",
        "name": "Erdbergstraße",
        "sidewalk": "separate",
        "smoothness": "good",
        "source:maxspeed": "AT:urban",
        "surface": "asphalt"
      },
      "geometry": {
        "type": "LineString",
        "coordinates": [
          [
            16.4128447,
            48.191922
          ],
          [
            16.4129354,
            48.1918668
          ],
          [
            16.4129626,
            48.1918503
          ],
          [
            16.4131055,
            48.1917634
          ],
          [
            16.413215,
            48.1916964
          ],
          [
            16.4133833,
            48.1915915
          ],
          [
            16.4135318,
            48.191499
          ],
          [
            16.4137385,
            48.1913703
          ],
          [
            16.4138275,
            48.1913166
          ]
        ]
      },
      "id": "way/661035324"
    },
    {
      "type": "Feature",
      "properties": {
        "@id": "way/661035325",
        "check_date:cycleway": "2022-10-06",
        "cycleway": "lane",
        "cycleway:both": "lane",
        "cycleway:both:lane": "advisory",
        "highway": "primary",
        "lanes": "4",
        "lanes:backward": "2",
        "lanes:forward": "2",
        "lit": "yes",
        "maxheight": "default",
        "maxspeed": "50",
        "name": "Baumgasse",
        "ref": "B228",
        "sidewalk": "both",
        "sidewalk:both:surface": "asphalt",
        "smoothness": "good",
        "source:maxspeed": "AT:urban",
        "surface": "asphalt",
        "turn:lanes:backward": "left|through;right"
      },
      "geometry": {
        "type": "LineString",
        "coordinates": [
          [
            16.4100228,
            48.1899367
          ],
          [
            16.4103311,
            48.1897432
          ]
        ]
      },
      "id": "way/661035325"
    },
    {
      "type": "Feature",
      "properties": {
        "@id": "way/671326877",
        "cycleway": "lane",
        "cycleway:lane": "advisory",
        "highway": "tertiary",
        "lanes": "2",
        "lit": "yes",
        "maxheight": "default",
        "maxspeed": "50",
        "name": "Erdbergstraße",
        "sidewalk:both": "separate",
        "smoothness": "intermediate",
        "source:maxspeed": "AT:urban",
        "surface": "asphalt"
      },
      "geometry": {
        "type": "LineString",
        "coordinates": [
          [
            16.4138275,
            48.1913166
          ],
          [
            16.4142164,
            48.1910621
          ],
          [
            16.4142591,
            48.1910345
          ],
          [
            16.4143506,
            48.190982
          ]
        ]
      },
      "id": "way/671326877"
    },
    {
      "type": "Feature",
      "properties": {
        "@id": "way/671666567",
        "cycleway": "lane",
        "cycleway:lane": "advisory",
        "highway": "tertiary",
        "lanes": "2",
        "lit": "yes",
        "maxheight": "default",
        "maxspeed": "50",
        "name": "Erdbergstraße",
        "sidewalk:both": "separate",
        "smoothness": "good",
        "source:maxspeed": "AT:urban",
        "surface": "asphalt"
      },
      "geometry": {
        "type": "LineString",
        "coordinates": [
          [
            16.4143506,
            48.190982
          ],
          [
            16.4145501,
            48.1908676
          ]
        ]
      },
      "id": "way/671666567"
    },
    {
      "type": "Feature",
      "properties": {
        "@id": "way/674746084",
        "cycleway:right": "track",
        "cycleway:right:oneway": "no",
        "highway": "tertiary",
        "lanes": "2",
        "lit": "yes",
        "maxspeed": "30",
        "name": "Wassergasse",
        "oneway": "yes",
        "oneway:bicycle": "no",
        "sidewalk:left": "yes",
        "sidewalk:left:surface": "paving_stones",
        "sidewalk:right": "separate",
        "smoothness": "good",
        "source:maxspeed": "AT:zone:30",
        "surface": "asphalt",
        "turn:lanes": "left|slight_right;right"
      },
      "geometry": {
        "type": "LineString",
        "coordinates": [
          [
            16.3943152,
            48.1998828
          ],
          [
            16.3941046,
            48.1996658
          ],
          [
            16.3940187,
            48.1996168
          ],
          [
            16.3939161,
            48.1995719
          ]
        ]
      },
      "id": "way/674746084"
    },
    {
      "type": "Feature",
      "properties": {
        "@id": "way/674746085",
        "cycleway:both": "no",
        "highway": "tertiary",
        "lanes": "2",
        "lcn": "yes",
        "lit": "yes",
        "maxspeed": "30",
        "name": "Neulinggasse",
        "sidewalk": "separate",
        "source": "Bing",
        "source:maxspeed": "AT:zone:30",
        "surface": "asphalt"
      },
      "geometry": {
        "type": "LineString",
        "coordinates": [
          [
            16.3879789,
            48.1990672
          ],
          [
            16.3881607,
            48.199068
          ],
          [
            16.3891279,
            48.1990842
          ],
          [
            16.3893934,
            48.1990901
          ],
          [
            16.3895691,
            48.1990916
          ],
          [
            16.3898245,
            48.1990959
          ],
          [
            16.3900182,
            48.1991091
          ],
          [
            16.3915666,
            48.1991888
          ],
          [
            16.391647,
            48.1991933
          ],
          [
            16.3917961,
            48.1992016
          ],
          [
            16.3919836,
            48.1992114
          ],
          [
            16.3920308,
            48.1992139
          ],
          [
            16.3927394,
            48.1992518
          ],
          [
            16.3929546,
            48.1992855
          ],
          [
            16.39296,
            48.1992863
          ],
          [
            16.3931782,
            48.1993376
          ],
          [
            16.3933453,
            48.1993859
          ]
        ]
      },
      "id": "way/674746085"
    },
    {
      "type": "Feature",
      "properties": {
        "@id": "way/681156375",
        "cycleway:left": "no",
        "cycleway:right": "lane",
        "cycleway:right:lane": "advisory",
        "highway": "primary",
        "lanes": "4",
        "lanes:backward": "2",
        "lanes:forward": "2",
        "lcn": "yes",
        "lit": "yes",
        "maxspeed": "50",
        "name": "Schlachthausgasse",
        "ref": "B221",
        "sidewalk:both": "separate",
        "smoothness": "good",
        "source:maxspeed": "AT:urban",
        "surface": "asphalt",
        "turn:lanes:backward": "through|through;right"
      },
      "geometry": {
        "type": "LineString",
        "coordinates": [
          [
            16.4099404,
            48.196293
          ],
          [
            16.4098997,
            48.1962737
          ],
          [
            16.4096852,
            48.1961595
          ]
        ]
      },
      "id": "way/681156375"
    },
    {
      "type": "Feature",
      "properties": {
        "@id": "way/681156377",
        "cycleway:both": "no",
        "highway": "primary",
        "lanes": "4",
        "lanes:backward": "3",
        "lanes:forward": "1",
        "lit": "yes",
        "maxspeed": "50",
        "name": "Schlachthausgasse",
        "ref": "B221",
        "sidewalk:both": "separate",
        "smoothness": "good",
        "source:maxspeed": "AT:urban",
        "surface": "asphalt",
        "turn:lanes:backward": "left|through|through;right"
      },
      "geometry": {
        "type": "LineString",
        "coordinates": [
          [
            16.4096852,
            48.1961595
          ],
          [
            16.4095891,
            48.1961028
          ]
        ]
      },
      "id": "way/681156377"
    },
    {
      "type": "Feature",
      "properties": {
        "@id": "way/684175193",
        "carriageway_ref": "21",
        "highway": "motorway_link",
        "lanes": "3",
        "maxspeed": "50",
        "oneway": "yes",
        "toll": "yes"
      },
      "geometry": {
        "type": "LineString",
        "coordinates": [
          [
            16.3938409,
            48.1874958
          ],
          [
            16.3934117,
            48.1876904
          ]
        ]
      },
      "id": "way/684175193"
    },
    {
      "type": "Feature",
      "properties": {
        "@id": "way/688172642",
        "cycleway:right": "no",
        "destination": "Landstraßer Hauptstraße",
        "destination:ref": "B221",
        "dual_carriageway": "yes",
        "highway": "primary",
        "lanes": "1",
        "lit": "yes",
        "maxspeed": "50",
        "name": "Landstraßer Gürtel",
        "oneway": "yes",
        "parking:left": "no",
        "ref": "B221",
        "sidewalk": "separate",
        "surface": "asphalt"
      },
      "geometry": {
        "type": "LineString",
        "coordinates": [
          [
            16.393342,
            48.18754
          ],
          [
            16.393687,
            48.1873734
          ],
          [
            16.3939327,
            48.1872559
          ]
        ]
      },
      "id": "way/688172642"
    },
    {
      "type": "Feature",
      "properties": {
        "@id": "way/688174734",
        "cycleway:both": "no",
        "dual_carriageway": "yes",
        "foot": "no",
        "highway": "primary",
        "lanes": "2",
        "lit": "yes",
        "maxspeed": "50",
        "name": "Landstraßer Hauptstraße",
        "oneway": "yes",
        "parking:left": "no",
        "ref": "B221",
        "shoulder": "no",
        "sidewalk": "none",
        "source:maxspeed": "AT:urban",
        "surface": "asphalt"
      },
      "geometry": {
        "type": "LineString",
        "coordinates": [
          [
            16.3960649,
            48.1858683
          ],
          [
            16.3963284,
            48.1859915
          ],
          [
            16.3963906,
            48.1860276
          ],
          [
            16.3966253,
            48.18621
          ],
          [
            16.3968547,
            48.1863902
          ],
          [
            16.3978247,
            48.18717
          ],
          [
            16.3982492,
            48.1875139
          ]
        ]
      },
      "id": "way/688174734"
    },
    {
      "type": "Feature",
      "properties": {
        "@id": "way/689493201",
        "bicycle:lanes": "yes|designated",
        "bus:lanes": "yes|designated",
        "busway": "lane",
        "cycleway": "share_busway",
        "foot": "use_sidepath",
        "highway": "tertiary",
        "lanes": "2",
        "lit": "yes",
        "maxspeed": "30",
        "name": "Meiereistraße",
        "oneway": "yes",
        "sidewalk:left": "no",
        "sidewalk:right": "separate",
        "smoothness": "good",
        "source:maxspeed": "AT:zone:30",
        "surface": "asphalt",
        "taxi:lanes": "yes|designated"
      },
      "geometry": {
        "type": "LineString",
        "coordinates": [
          [
            16.4195181,
            48.2091442
          ],
          [
            16.4193225,
            48.2089866
          ],
          [
            16.419049,
            48.2087682
          ],
          [
            16.4187949,
            48.2085451
          ],
          [
            16.4186399,
            48.2084209
          ],
          [
            16.4185001,
            48.2082817
          ],
          [
            16.4183781,
            48.2081419
          ],
          [
            16.4183196,
            48.2080087
          ],
          [
            16.4182925,
            48.2078473
          ],
          [
            16.4183005,
            48.2077985
          ],
          [
            16.4183169,
            48.2076979
          ],
          [
            16.418346,
            48.2076111
          ],
          [
            16.4184949,
            48.2073643
          ],
          [
            16.4185854,
            48.2072808
          ]
        ]
      },
      "id": "way/689493201"
    },
    {
      "type": "Feature",
      "properties": {
        "@id": "way/689493203",
        "bicycle:lanes": "yes|designated",
        "bus:lanes": "yes|designated",
        "busway": "lane",
        "cycleway": "share_busway",
        "foot": "use_sidepath",
        "highway": "tertiary",
        "lanes": "2",
        "lit": "yes",
        "maxspeed": "30",
        "name": "Meiereistraße",
        "oneway": "yes",
        "smoothness": "excellent",
        "source:maxspeed": "AT:zone:30",
        "surface": "asphalt",
        "taxi:lanes": "yes|designated"
      },
      "geometry": {
        "type": "LineString",
        "coordinates": [
          [
            16.4196419,
            48.2091299
          ],
          [
            16.4196854,
            48.2091749
          ],
          [
            16.4197357,
            48.2092968
          ]
        ]
      },
      "id": "way/689493203"
    },
    {
      "type": "Feature",
      "properties": {
        "@id": "way/689626973",
        "embedded_rails": "tram",
        "highway": "tertiary",
        "lanes": "4",
        "lanes:backward": "1",
        "lanes:forward": "3",
        "lit": "yes",
        "maxspeed": "30",
        "name": "Leberstraße",
        "oneway": "no",
        "sidewalk": "separate",
        "source:maxspeed": "AT:zone:30",
        "surface": "asphalt",
        "turn:lanes:forward": "left|through|right"
      },
      "geometry": {
        "type": "LineString",
        "coordinates": [
          [
            16.3990889,
            48.1878936
          ],
          [
            16.3990731,
            48.1879012
          ],
          [
            16.3990025,
            48.1879353
          ],
          [
            16.3989661,
            48.1879528
          ]
        ]
      },
      "id": "way/689626973"
    },
    {
      "type": "Feature",
      "properties": {
        "@id": "way/689626974",
        "cycleway:left": "lane",
        "cycleway:left:lane": "advisory",
        "cycleway:right": "no",
        "embedded_rails": "tram",
        "highway": "tertiary",
        "lanes": "4",
        "lanes:backward": "1",
        "lanes:forward": "3",
        "lit": "yes",
        "maxspeed": "30",
        "name": "Leberstraße",
        "oneway": "no",
        "sidewalk": "left",
        "sidewalk:left:surface": "asphalt",
        "source:maxspeed": "AT:zone:30",
        "surface": "asphalt",
        "turn:lanes:forward": "left|through|right"
      },
      "geometry": {
        "type": "LineString",
        "coordinates": [
          [
            16.3991619,
            48.1878567
          ],
          [
            16.3991257,
            48.1878758
          ],
          [
            16.3990889,
            48.1878936
          ]
        ]
      },
      "id": "way/689626974"
    },
    {
      "type": "Feature",
      "properties": {
        "@id": "way/700312234",
        "cycleway:left": "no",
        "cycleway:right": "lane",
        "cycleway:right:lane": "advisory",
        "destination:forward": "P1+2 Stadion;Trabrennbahn Krieau",
        "destination:symbol:forward": "parking",
        "foot": "use_sidepath",
        "highway": "tertiary",
        "lanes": "3",
        "lanes:backward": "2",
        "lanes:forward": "1",
        "lit": "yes",
        "maxheight": "default",
        "maxspeed": "30",
        "name": "Meiereistraße",
        "source:maxspeed": "AT:zone:30",
        "surface": "asphalt",
        "turn:lanes:backward": "left|"
      },
      "geometry": {
        "type": "LineString",
        "coordinates": [
          [
            16.421103,
            48.2105975
          ],
          [
            16.421014,
            48.2105401
          ],
          [
            16.4205325,
            48.2102269
          ],
          [
            16.420501,
            48.2102064
          ]
        ]
      },
      "id": "way/700312234"
    },
    {
      "type": "Feature",
      "properties": {
        "@id": "way/700312235",
        "bicycle": "yes",
        "busway": "lane",
        "cycleway:right": "lane",
        "cycleway:right:lane": "advisory",
        "foot": "no",
        "highway": "tertiary",
        "lanes": "2",
        "lit": "yes",
        "maxspeed": "30",
        "name": "Meiereistraße",
        "oneway": "yes",
        "parking:both": "no",
        "sidewalk": "none",
        "source:maxspeed": "AT:zone:30",
        "surface": "asphalt",
        "turn:lanes": "through|right"
      },
      "geometry": {
        "type": "LineString",
        "coordinates": [
          [
            16.4180293,
            48.2059388
          ],
          [
            16.4181967,
            48.2062289
          ]
        ]
      },
      "id": "way/700312235"
    },
    {
      "type": "Feature",
      "properties": {
        "@id": "way/721497310",
        "cycleway": "track",
        "highway": "tertiary",
        "lane_markings": "no",
        "lit": "yes",
        "maxspeed": "30",
        "name": "Wehlistraße",
        "parking:both": "no",
        "sidewalk:both": "separate",
        "smoothness": "excellent",
        "source:maxspeed": "AT:zone:30",
        "surface": "asphalt"
      },
      "geometry": {
        "type": "LineString",
        "coordinates": [
          [
            16.4313119,
            48.2055113
          ],
          [
            16.4312449,
            48.2055622
          ]
        ]
      },
      "id": "way/721497310"
    },
    {
      "type": "Feature",
      "properties": {
        "@id": "way/738111574",
        "bicycle": "use_sidepath",
        "highway": "tertiary",
        "lanes": "1",
        "lit": "yes",
        "maxspeed": "50",
        "name": "Franz-Grill-Straße",
        "oneway": "yes",
        "source:maxspeed": "AT:zone:30",
        "surface": "asphalt"
      },
      "geometry": {
        "type": "LineString",
        "coordinates": [
          [
            16.3976171,
            48.1805093
          ],
          [
            16.3978058,
            48.1805951
          ],
          [
            16.3978974,
            48.1806482
          ],
          [
            16.3979791,
            48.1807014
          ],
          [
            16.3980573,
            48.1807653
          ],
          [
            16.3981517,
            48.1808526
          ],
          [
            16.3982347,
            48.1809445
          ],
          [
            16.3982783,
            48.1810059
          ],
          [
            16.3983671,
            48.1811516
          ],
          [
            16.3983983,
            48.1812294
          ],
          [
            16.3984182,
            48.1813
          ],
          [
            16.3984414,
            48.1814189
          ],
          [
            16.398442,
            48.1814771
          ],
          [
            16.3984392,
            48.1815549
          ],
          [
            16.3984278,
            48.1816251
          ],
          [
            16.3984146,
            48.1816901
          ],
          [
            16.3983922,
            48.1817472
          ],
          [
            16.3983674,
            48.1817999
          ],
          [
            16.3983305,
            48.1818744
          ],
          [
            16.3983017,
            48.1819278
          ],
          [
            16.3982655,
            48.1819886
          ],
          [
            16.3982054,
            48.182058
          ],
          [
            16.398124,
            48.1821451
          ],
          [
            16.3980338,
            48.1822278
          ],
          [
            16.3978855,
            48.1823696
          ],
          [
            16.3977929,
            48.1824633
          ],
          [
            16.39762,
            48.1826342
          ]
        ]
      },
      "id": "way/738111574"
    },
    {
      "type": "Feature",
      "properties": {
        "@id": "way/738111575",
        "bicycle": "use_sidepath",
        "highway": "tertiary",
        "lanes": "1",
        "lit": "yes",
        "maxspeed": "50",
        "name": "Franz-Grill-Straße",
        "oneway": "yes",
        "source:maxspeed": "AT:zone:30",
        "surface": "asphalt"
      },
      "geometry": {
        "type": "LineString",
        "coordinates": [
          [
            16.3949291,
            48.1848899
          ],
          [
            16.3949181,
            48.1848326
          ],
          [
            16.3949235,
            48.1847959
          ],
          [
            16.3949369,
            48.1847552
          ],
          [
            16.3949657,
            48.184719
          ],
          [
            16.3950214,
            48.1846689
          ],
          [
            16.3951622,
            48.1845665
          ],
          [
            16.3953815,
            48.1844212
          ],
          [
            16.3956302,
            48.1842612
          ],
          [
            16.3958897,
            48.1840792
          ],
          [
            16.3962337,
            48.1838199
          ],
          [
            16.396453,
            48.1836388
          ],
          [
            16.396679,
            48.183439
          ],
          [
            16.3969318,
            48.183202
          ],
          [
            16.3972409,
            48.1828994
          ],
          [
            16.3974206,
            48.1827219
          ],
          [
            16.3975862,
            48.1825555
          ],
          [
            16.3977156,
            48.1824299
          ],
          [
            16.3978192,
            48.1823255
          ],
          [
            16.3979778,
            48.1821761
          ],
          [
            16.3980355,
            48.1821228
          ],
          [
            16.3981273,
            48.1820255
          ],
          [
            16.3981803,
            48.1819596
          ],
          [
            16.3982185,
            48.1819052
          ],
          [
            16.3982541,
            48.181846
          ],
          [
            16.3982842,
            48.1817871
          ],
          [
            16.398301,
            48.1817414
          ],
          [
            16.3983231,
            48.1816807
          ],
          [
            16.3983392,
            48.1816128
          ],
          [
            16.3983446,
            48.181554
          ],
          [
            16.3983499,
            48.1814867
          ],
          [
            16.3983477,
            48.1814218
          ],
          [
            16.3983331,
            48.1813592
          ],
          [
            16.3983196,
            48.1812951
          ],
          [
            16.398282,
            48.1811812
          ],
          [
            16.3982628,
            48.1811378
          ],
          [
            16.3982366,
            48.1810892
          ],
          [
            16.3981894,
            48.1810215
          ],
          [
            16.39814,
            48.1809578
          ],
          [
            16.3980841,
            48.1808934
          ],
          [
            16.3980348,
            48.1808411
          ],
          [
            16.3979596,
            48.1807755
          ],
          [
            16.397887,
            48.1807206
          ],
          [
            16.3977907,
            48.1806586
          ],
          [
            16.3977018,
            48.1805929
          ],
          [
            16.3976171,
            48.1805093
          ]
        ]
      },
      "id": "way/738111575"
    },
    {
      "type": "Feature",
      "properties": {
        "@id": "way/753750728",
        "change:lanes": "yes|yes|yes|not_right|no",
        "cycleway:both": "no",
        "fixme": "hgv:lanes:conditional",
        "hgv:lanes:conditional": "no|yes|yes|yes @ (weight>7.5)",
        "highway": "motorway",
        "int_ref": "E 59",
        "lanes": "5",
        "lit": "yes",
        "maxspeed": "80",
        "maxspeed:hgv:conditional": "60 @ (weight>7.5)",
        "maxspeed:variable": "peak_traffic",
        "name": "Südosttangente",
        "oneway": "yes",
        "placement": "right_of:2",
        "ref": "A23",
        "surface": "asphalt",
        "toll": "yes"
      },
      "geometry": {
        "type": "LineString",
        "coordinates": [
          [
            16.432594,
            48.20398
          ],
          [
            16.4329068,
            48.2041932
          ]
        ]
      },
      "id": "way/753750728"
    },
    {
      "type": "Feature",
      "properties": {
        "@id": "way/760115859",
        "cycleway:both": "no",
        "highway": "primary",
        "lanes": "1",
        "lit": "yes",
        "maxspeed": "50",
        "name": "Schüttelstraße",
        "oneway": "yes",
        "ref": "B227",
        "sidewalk": "right",
        "sidewalk:right:surface": "asphalt",
        "smoothness": "excellent",
        "surface": "asphalt"
      },
      "geometry": {
        "type": "LineString",
        "coordinates": [
          [
            16.4109418,
            48.1975699
          ],
          [
            16.4107065,
            48.1978822
          ],
          [
            16.4105006,
            48.1981556
          ],
          [
            16.4102282,
            48.1985176
          ]
        ]
      },
      "id": "way/760115859"
    },
    {
      "type": "Feature",
      "properties": {
        "@id": "way/760455361",
        "carriageway_ref": "1",
        "highway": "motorway_link",
        "junction:ref": "0",
        "lanes": "1",
        "maxspeed": "70",
        "name": "Erdberger Lände",
        "oneway": "yes",
        "source:maxspeed": "sign",
        "toll": "yes"
      },
      "geometry": {
        "type": "LineString",
        "coordinates": [
          [
            16.4108939,
            48.1957866
          ],
          [
            16.4110425,
            48.1956821
          ],
          [
            16.4111836,
            48.1955736
          ],
          [
            16.4112875,
            48.1955037
          ]
        ]
      },
      "id": "way/760455361"
    },
    {
      "type": "Feature",
      "properties": {
        "@id": "way/760455362",
        "carriageway_ref": "1",
        "highway": "motorway_link",
        "junction:ref": "0",
        "lanes": "1",
        "lit": "yes",
        "maxspeed": "80",
        "maxspeed:variable": "yes",
        "oneway": "yes",
        "toll": "yes"
      },
      "geometry": {
        "type": "LineString",
        "coordinates": [
          [
            16.4155582,
            48.1922196
          ],
          [
            16.4157081,
            48.1924294
          ]
        ]
      },
      "id": "way/760455362"
    },
    {
      "type": "Feature",
      "properties": {
        "@id": "way/802266548",
        "carriageway_ref": "39",
        "cycleway:both": "no",
        "highway": "motorway_link",
        "lanes": "2",
        "maxspeed": "80",
        "oneway": "yes",
        "surface": "asphalt",
        "toll": "yes"
      },
      "geometry": {
        "type": "LineString",
        "coordinates": [
          [
            16.4309227,
            48.2025559
          ],
          [
            16.4309712,
            48.2025662
          ],
          [
            16.4310649,
            48.2025914
          ],
          [
            16.4311892,
            48.2026142
          ],
          [
            16.4313188,
            48.2026329
          ],
          [
            16.43143,
            48.202644
          ],
          [
            16.4315485,
            48.2026529
          ],
          [
            16.4316719,
            48.2026559
          ],
          [
            16.4317852,
            48.2026569
          ],
          [
            16.4319139,
            48.2026547
          ],
          [
            16.4324012,
            48.2026408
          ],
          [
            16.4326416,
            48.2026429
          ],
          [
            16.4327636,
            48.202655
          ],
          [
            16.4328879,
            48.2026703
          ],
          [
            16.4330206,
            48.2026934
          ],
          [
            16.4331211,
            48.2027201
          ],
          [
            16.4333429,
            48.202795
          ],
          [
            16.4335867,
            48.2029118
          ]
        ]
      },
      "id": "way/802266548"
    },
    {
      "type": "Feature",
      "properties": {
        "@id": "way/802266549",
        "carriageway_ref": "39",
        "highway": "motorway_link",
        "lanes": "2",
        "maxspeed": "80",
        "oneway": "yes",
        "surface": "asphalt",
        "toll": "yes",
        "turn:lanes": "left;through|through;right"
      },
      "geometry": {
        "type": "LineString",
        "coordinates": [
          [
            16.4335867,
            48.2029118
          ],
          [
            16.4340826,
            48.2032305
          ],
          [
            16.4342119,
            48.2033134
          ],
          [
            16.4342797,
            48.2033571
          ]
        ]
      },
      "id": "way/802266549"
    },
    {
      "type": "Feature",
      "properties": {
        "@id": "way/805904086",
        "highway": "primary",
        "lanes": "4",
        "lanes:backward": "2",
        "lanes:forward": "2",
        "maxspeed": "50",
        "name": "Handelskai",
        "ref": "B14",
        "source:maxspeed": "AT:urban",
        "surface": "asphalt",
        "turn:lanes:forward": "merge_to_right|"
      },
      "geometry": {
        "type": "LineString",
        "coordinates": [
          [
            16.4388888,
            48.2013269
          ],
          [
            16.4396364,
            48.2008211
          ]
        ]
      },
      "id": "way/805904086"
    },
    {
      "type": "Feature",
      "properties": {
        "@id": "way/805904087",
        "highway": "primary",
        "lanes": "4",
        "lanes:backward": "2",
        "lanes:forward": "2",
        "maxspeed": "50",
        "ref": "B14",
        "source:maxspeed": "AT:urban",
        "surface": "asphalt"
      },
      "geometry": {
        "type": "LineString",
        "coordinates": [
          [
            16.4357895,
            48.2034329
          ],
          [
            16.4365973,
            48.2028941
          ],
          [
            16.4381246,
            48.2018439
          ]
        ]
      },
      "id": "way/805904087"
    },
    {
      "type": "Feature",
      "properties": {
        "@id": "way/807718830",
        "cycleway:both": "no",
        "highway": "primary",
        "lanes": "4",
        "lanes:backward": "2",
        "lanes:forward": "2",
        "lit": "yes",
        "maxspeed": "50",
        "name": "Handelskai",
        "ref": "B14",
        "source:maxspeed": "AT:urban",
        "surface": "asphalt"
      },
      "geometry": {
        "type": "LineString",
        "coordinates": [
          [
            16.4297787,
            48.2076071
          ],
          [
            16.4305448,
            48.2070654
          ]
        ]
      },
      "id": "way/807718830"
    },
    {
      "type": "Feature",
      "properties": {
        "@id": "way/814450947",
        "cycleway:both": "no",
        "dual_carriageway": "yes",
        "highway": "secondary",
        "lanes": "2",
        "lit": "yes",
        "maxspeed": "50",
        "name": "Rennweg",
        "oneway": "yes",
        "parking:left": "no",
        "sidewalk:left": "no",
        "sidewalk:right": "separate",
        "smoothness": "excellent",
        "surface": "asphalt",
        "turn:lanes": "left|through"
      },
      "geometry": {
        "type": "LineString",
        "coordinates": [
          [
            16.3907201,
            48.1934822
          ],
          [
            16.3910315,
            48.1933822
          ]
        ]
      },
      "id": "way/814450947"
    },
    {
      "type": "Feature",
      "properties": {
        "@id": "way/814450948",
        "cycleway:both": "no",
        "dual_carriageway": "yes",
        "highway": "secondary",
        "lane_markings": "no",
        "lit": "yes",
        "maxspeed": "50",
        "name": "Rennweg",
        "oneway": "yes",
        "parking:left": "no",
        "sidewalk:left": "no",
        "sidewalk:right": "separate",
        "smoothness": "excellent",
        "surface": "asphalt"
      },
      "geometry": {
        "type": "LineString",
        "coordinates": [
          [
            16.3910315,
            48.1933822
          ],
          [
            16.3919924,
            48.1930914
          ],
          [
            16.3920116,
            48.1930856
          ],
          [
            16.3931735,
            48.1926411
          ]
        ]
      },
      "id": "way/814450948"
    },
    {
      "type": "Feature",
      "properties": {
        "@id": "way/814450949",
        "cycleway:both": "no",
        "dual_carriageway": "yes",
        "highway": "secondary",
        "lanes": "2",
        "lit": "yes",
        "maxspeed": "50",
        "name": "Rennweg",
        "oneway": "yes",
        "parking:left": "no",
        "sidewalk:left": "no",
        "sidewalk:right": "separate",
        "smoothness": "excellent",
        "source:maxspeed": "AT:urban",
        "surface": "asphalt",
        "turn:lanes": "left|slight_right"
      },
      "geometry": {
        "type": "LineString",
        "coordinates": [
          [
            16.3915044,
            48.1933599
          ],
          [
            16.3912943,
            48.1934279
          ],
          [
            16.3909804,
            48.1935313
          ],
          [
            16.3907764,
            48.1935937
          ],
          [
            16.3906733,
            48.1936238
          ]
        ]
      },
      "id": "way/814450949"
    },
    {
      "type": "Feature",
      "properties": {
        "@id": "way/815158039",
        "cycleway:right": "no",
        "dual_carriageway": "yes",
        "highway": "secondary",
        "lanes": "2",
        "lit": "yes",
        "maxspeed": "50",
        "name": "Rennweg",
        "oneway": "yes",
        "parking:left": "no",
        "sidewalk:left": "no",
        "sidewalk:right": "separate",
        "smoothness": "good",
        "surface": "asphalt",
        "turn:lanes": "left|through"
      },
      "geometry": {
        "type": "LineString",
        "coordinates": [
          [
            16.3944115,
            48.1921079
          ],
          [
            16.3945044,
            48.1920614
          ],
          [
            16.3948199,
            48.1918856
          ]
        ]
      },
      "id": "way/815158039"
    },
    {
      "type": "Feature",
      "properties": {
        "@id": "way/815158040",
        "cycleway:right": "no",
        "dual_carriageway": "yes",
        "highway": "secondary",
        "lanes": "2",
        "lit": "yes",
        "maxspeed": "50",
        "name": "Rennweg",
        "oneway": "yes",
        "parking:left": "no",
        "sidewalk:left": "no",
        "sidewalk:right": "separate",
        "surface": "asphalt",
        "turn:lanes": "through|right"
      },
      "geometry": {
        "type": "LineString",
        "coordinates": [
          [
            16.3955292,
            48.1916829
          ],
          [
            16.3955255,
            48.1916855
          ],
          [
            16.3951184,
            48.1919124
          ],
          [
            16.3950889,
            48.1919267
          ],
          [
            16.3949682,
            48.1919854
          ]
        ]
      },
      "id": "way/815158040"
    },
    {
      "type": "Feature",
      "properties": {
        "@id": "way/815158043",
        "cycleway:right": "no",
        "dual_carriageway": "yes",
        "highway": "secondary",
        "lanes": "2",
        "lit": "yes",
        "maxspeed": "50",
        "name": "Rennweg",
        "oneway": "yes",
        "parking:left": "no",
        "surface": "asphalt",
        "turn:lanes": "left|"
      },
      "geometry": {
        "type": "LineString",
        "coordinates": [
          [
            16.3985947,
            48.1897798
          ],
          [
            16.3983777,
            48.1899136
          ]
        ]
      },
      "id": "way/815158043"
    },
    {
      "type": "Feature",
      "properties": {
        "@id": "way/815158045",
        "cycleway:both": "no",
        "dual_carriageway": "yes",
        "highway": "secondary",
        "lanes": "2",
        "lit": "yes",
        "maxspeed": "50",
        "name": "Rennweg",
        "oneway": "yes",
        "parking:left": "no",
        "smoothness": "good",
        "surface": "asphalt",
        "turn:lanes": "through|through;right"
      },
      "geometry": {
        "type": "LineString",
        "coordinates": [
          [
            16.3991774,
            48.189297
          ],
          [
            16.3995024,
            48.1890264
          ],
          [
            16.3995444,
            48.1889914
          ]
        ]
      },
      "id": "way/815158045"
    },
    {
      "type": "Feature",
      "properties": {
        "@id": "way/815158046",
        "cycleway:right": "no",
        "dual_carriageway": "yes",
        "embedded_rails": "tram|",
        "highway": "primary",
        "lanes": "2",
        "lit": "yes",
        "maxspeed": "50",
        "name": "Rennweg",
        "oneway": "yes",
        "parking:both": "no",
        "sidewalk:left": "no",
        "sidewalk:right": "separate",
        "surface": "asphalt",
        "turn:lanes": "through|through;right"
      },
      "geometry": {
        "type": "LineString",
        "coordinates": [
          [
            16.4014301,
            48.1873633
          ],
          [
            16.4015763,
            48.1872377
          ],
          [
            16.4016909,
            48.1871393
          ],
          [
            16.4018271,
            48.1870222
          ]
        ]
      },
      "id": "way/815158046"
    },
    {
      "type": "Feature",
      "properties": {
        "@id": "way/815158047",
        "cycleway:both": "no",
        "dual_carriageway": "yes",
        "highway": "primary",
        "lanes": "3",
        "lit": "yes",
        "maxspeed": "50",
        "name": "Rennweg",
        "oneway": "yes",
        "parking:left": "no",
        "sidewalk:left": "no",
        "sidewalk:right": "separate",
        "smoothness": "intermediate",
        "surface": "concrete:plates",
        "turn:lanes": "through|through|right"
      },
      "geometry": {
        "type": "LineString",
        "coordinates": [
          [
            16.4005181,
            48.1884023
          ],
          [
            16.4003177,
            48.1885809
          ],
          [
            16.4001396,
            48.1887376
          ],
          [
            16.4000153,
            48.1888324
          ],
          [
            16.3999846,
            48.1888558
          ],
          [
            16.3998726,
            48.1889364
          ]
        ]
      },
      "id": "way/815158047"
    },
    {
      "type": "Feature",
      "properties": {
        "@id": "way/815158048",
        "cycleway:right": "no",
        "dual_carriageway": "yes",
        "highway": "secondary",
        "lanes": "2",
        "lit": "yes",
        "maxspeed": "50",
        "name": "Rennweg",
        "oneway": "yes",
        "parking:left": "no",
        "surface": "asphalt"
      },
      "geometry": {
        "type": "LineString",
        "coordinates": [
          [
            16.3995227,
            48.189184
          ],
          [
            16.3991072,
            48.1894637
          ],
          [
            16.3985947,
            48.1897798
          ]
        ]
      },
      "id": "way/815158048"
    },
    {
      "type": "Feature",
      "properties": {
        "@id": "way/815158049",
        "cycleway:both": "no",
        "dual_carriageway": "yes",
        "highway": "primary",
        "lanes": "4",
        "lanes:bus": "1",
        "lit": "yes",
        "maxspeed": "50",
        "name": "Landstraßer Hauptstraße",
        "oneway": "yes",
        "ref": "B221",
        "sidewalk:left": "no",
        "sidewalk:right": "separate",
        "smoothness": "good",
        "surface": "asphalt",
        "turn:lanes": "|left|through|right"
      },
      "geometry": {
        "type": "LineString",
        "coordinates": [
          [
            16.4008137,
            48.190154
          ],
          [
            16.4009023,
            48.1902583
          ],
          [
            16.4009584,
            48.1903152
          ],
          [
            16.4010061,
            48.1903636
          ],
          [
            16.4011494,
            48.1904932
          ]
        ]
      },
      "id": "way/815158049"
    },
    {
      "type": "Feature",
      "properties": {
        "@id": "way/815158050",
        "cycleway:both": "no",
        "dual_carriageway": "yes",
        "highway": "primary",
        "lanes": "2",
        "lit": "yes",
        "maxspeed": "50",
        "name": "Landstraßer Hauptstraße",
        "oneway": "yes",
        "parking:both": "no",
        "ref": "B221",
        "smoothness": "good",
        "surface": "asphalt",
        "turn:lanes": "left|through;right"
      },
      "geometry": {
        "type": "LineString",
        "coordinates": [
          [
            16.4002007,
            48.1896389
          ],
          [
            16.3999818,
            48.1893646
          ],
          [
            16.3998673,
            48.1892197
          ],
          [
            16.3998311,
            48.1891739
          ],
          [
            16.3997869,
            48.1891003
          ],
          [
            16.3997305,
            48.1890489
          ]
        ]
      },
      "id": "way/815158050"
    },
    {
      "type": "Feature",
      "properties": {
        "@id": "way/815669948",
        "cycleway:right": "no",
        "dual_carriageway": "yes",
        "highway": "primary",
        "lanes": "2",
        "lit": "yes",
        "maxspeed": "50",
        "name": "Rennweg",
        "oneway": "yes",
        "parking:both": "no",
        "sidewalk:left": "no",
        "sidewalk:right": "separate",
        "smoothness": "intermediate",
        "source:maxspeed": "AT:urban",
        "surface": "asphalt"
      },
      "geometry": {
        "type": "LineString",
        "coordinates": [
          [
            16.4022162,
            48.1866908
          ],
          [
            16.402327,
            48.1865945
          ]
        ]
      },
      "id": "way/815669948"
    },
    {
      "type": "Feature",
      "properties": {
        "@id": "way/815669949",
        "cycleway:right": "no",
        "dual_carriageway": "yes",
        "highway": "primary",
        "lanes": "2",
        "lit": "yes",
        "maxspeed": "50",
        "name": "Rennweg",
        "oneway": "yes",
        "parking:both": "no",
        "sidewalk:left": "no",
        "sidewalk:right": "separate",
        "smoothness": "intermediate",
        "source:maxspeed": "AT:urban",
        "surface": "asphalt"
      },
      "geometry": {
        "type": "LineString",
        "coordinates": [
          [
            16.4029766,
            48.1860304
          ],
          [
            16.4034703,
            48.1856016
          ]
        ]
      },
      "id": "way/815669949"
    },
    {
      "type": "Feature",
      "properties": {
        "@id": "way/815669950",
        "cycleway:right": "no",
        "dual_carriageway": "yes",
        "highway": "primary",
        "lanes": "2",
        "lit": "yes",
        "maxspeed": "50",
        "name": "Rennweg",
        "oneway": "yes",
        "parking:both": "no",
        "sidewalk:left": "no",
        "sidewalk:right": "separate",
        "smoothness": "intermediate",
        "source:maxspeed": "AT:urban",
        "surface": "asphalt",
        "turn:lanes": "|through"
      },
      "geometry": {
        "type": "LineString",
        "coordinates": [
          [
            16.4034703,
            48.1856016
          ],
          [
            16.4036167,
            48.1854745
          ],
          [
            16.4037631,
            48.1853474
          ]
        ]
      },
      "id": "way/815669950"
    },
    {
      "type": "Feature",
      "properties": {
        "@id": "way/815669951",
        "cycleway:right": "no",
        "dual_carriageway": "yes",
        "highway": "primary",
        "lanes": "2",
        "lit": "yes",
        "maxspeed": "50",
        "name": "Simmeringer Hauptstraße",
        "oneway": "yes",
        "parking:both": "no",
        "sidewalk": "separate",
        "source:maxspeed": "AT:urban",
        "surface": "asphalt",
        "turn:lanes": "left|through"
      },
      "geometry": {
        "type": "LineString",
        "coordinates": [
          [
            16.4044024,
            48.184909
          ],
          [
            16.4047518,
            48.1846417
          ]
        ]
      },
      "id": "way/815669951"
    },
    {
      "type": "Feature",
      "properties": {
        "@id": "way/815669952",
        "cycleway:both": "no",
        "highway": "primary",
        "lanes": "3",
        "lanes:backward": "2",
        "lanes:forward": "1",
        "lit": "yes",
        "maxspeed": "50",
        "name": "Simmeringer Hauptstraße",
        "note": "S.H. beginns #Rinnböckstraße /al",
        "sidewalk": "both",
        "source:maxspeed": "AT:urban",
        "surface": "concrete",
        "todo": "don't know where Simmeringer Hptstr ends and B10 begins",
        "turn:lanes:backward": "through|through;right"
      },
      "geometry": {
        "type": "LineString",
        "coordinates": [
          [
            16.4057942,
            48.1837712
          ],
          [
            16.4059921,
            48.1836024
          ]
        ]
      },
      "id": "way/815669952"
    },
    {
      "type": "Feature",
      "properties": {
        "@id": "way/815669953",
        "cycleway:both": "no",
        "highway": "primary",
        "lanes": "4",
        "lanes:backward": "3",
        "lanes:forward": "1",
        "lit": "yes",
        "maxspeed": "50",
        "name": "Simmeringer Hauptstraße",
        "note": "S.H. beginns #Rinnböckstraße /al",
        "sidewalk": "both",
        "source:maxspeed": "AT:urban",
        "surface": "concrete",
        "todo": "don't know where Simmeringer Hptstr ends and B10 begins",
        "turn:lanes:backward": "through|through|right"
      },
      "geometry": {
        "type": "LineString",
        "coordinates": [
          [
            16.4052894,
            48.1841977
          ],
          [
            16.4057942,
            48.1837712
          ]
        ]
      },
      "id": "way/815669953"
    },
    {
      "type": "Feature",
      "properties": {
        "@id": "way/815669954",
        "cycleway:both": "no",
        "dual_carriageway": "yes",
        "highway": "primary",
        "lanes": "3",
        "lit": "yes",
        "maxspeed": "50",
        "name": "Rennweg",
        "oneway": "yes",
        "parking:both": "no",
        "source:maxspeed": "AT:urban",
        "surface": "asphalt",
        "turn:lanes": "left|through|through"
      },
      "geometry": {
        "type": "LineString",
        "coordinates": [
          [
            16.4034625,
            48.1858119
          ],
          [
            16.4029339,
            48.1862746
          ],
          [
            16.4021049,
            48.1869947
          ],
          [
            16.4020325,
            48.1870576
          ],
          [
            16.4019883,
            48.1870985
          ]
        ]
      },
      "id": "way/815669954"
    },
    {
      "type": "Feature",
      "properties": {
        "@id": "way/816748586",
        "bicycle": "use_sidepath",
        "highway": "secondary",
        "lane_markings": "no",
        "lit": "yes",
        "maxspeed": "50",
        "name": "Litfaßstraße",
        "name:etymology:wikidata": "Q90732",
        "name:etymology:wikipedia": "de:Ernst Litfaß",
        "parking:both": "no",
        "smoothness": "excellent",
        "source:maxspeed": "AT:urban",
        "surface": "asphalt"
      },
      "geometry": {
        "type": "LineString",
        "coordinates": [
          [
            16.4059678,
            48.1848379
          ],
          [
            16.4060733,
            48.184895
          ]
        ]
      },
      "id": "way/816748586"
    },
    {
      "type": "Feature",
      "properties": {
        "@id": "way/816748587",
        "bicycle": "use_sidepath",
        "highway": "secondary",
        "lanes": "3",
        "lanes:backward": "1",
        "lanes:forward": "2",
        "lit": "yes",
        "maxspeed": "50",
        "name": "Litfaßstraße",
        "name:etymology:wikidata": "Q90732",
        "name:etymology:wikipedia": "de:Ernst Litfaß",
        "parking:both": "no",
        "source:maxspeed": "AT:urban",
        "surface": "asphalt",
        "turn:lanes:forward": "left|through"
      },
      "geometry": {
        "type": "LineString",
        "coordinates": [
          [
            16.4060733,
            48.184895
          ],
          [
            16.4061233,
            48.184922
          ],
          [
            16.4064388,
            48.1850879
          ],
          [
            16.4065295,
            48.1851321
          ]
        ]
      },
      "id": "way/816748587"
    },
    {
      "type": "Feature",
      "properties": {
        "@id": "way/816748588",
        "cycleway:both": "no",
        "highway": "secondary",
        "lanes": "3",
        "lanes:backward": "2",
        "lanes:forward": "1",
        "lit": "yes",
        "maxspeed": "50",
        "name": "Litfaßstraße",
        "name:etymology:wikidata": "Q90732",
        "name:etymology:wikipedia": "de:Ernst Litfaß",
        "parking:both": "no",
        "source:maxspeed": "AT:urban",
        "surface": "asphalt",
        "turn:lanes:backward": "through|right"
      },
      "geometry": {
        "type": "LineString",
        "coordinates": [
          [
            16.4065295,
            48.1851321
          ],
          [
            16.4066432,
            48.1851833
          ],
          [
            16.4068649,
            48.1852831
          ]
        ]
      },
      "id": "way/816748588"
    },
    {
      "type": "Feature",
      "properties": {
        "@id": "way/816748589",
        "cycleway:both": "no",
        "highway": "secondary",
        "lanes": "2",
        "lit": "yes",
        "maxspeed": "50",
        "name": "Litfaßstraße",
        "name:etymology:wikidata": "Q90732",
        "name:etymology:wikipedia": "de:Ernst Litfaß",
        "parking:both": "street_side",
        "parking:both:orientation": "parallel",
        "smoothness": "intermediate",
        "source:maxspeed": "AT:urban",
        "surface": "asphalt"
      },
      "geometry": {
        "type": "LineString",
        "coordinates": [
          [
            16.4074036,
            48.1855255
          ],
          [
            16.4075584,
            48.1855952
          ],
          [
            16.4077656,
            48.1857139
          ],
          [
            16.408016,
            48.1858658
          ],
          [
            16.4082019,
            48.1860087
          ]
        ]
      },
      "id": "way/816748589"
    },
    {
      "type": "Feature",
      "properties": {
        "@id": "way/816748590",
        "highway": "secondary",
        "lanes": "3",
        "lanes:backward": "1",
        "lanes:forward": "2",
        "lit": "yes",
        "maxspeed": "50",
        "name": "Litfaßstraße",
        "name:etymology:wikidata": "Q90732",
        "name:etymology:wikipedia": "de:Ernst Litfaß",
        "parking:both": "street_side",
        "parking:both:orientation": "parallel",
        "smoothness": "good",
        "source:maxspeed": "AT:urban",
        "surface": "asphalt",
        "turn:lanes:forward": "left|through;right"
      },
      "geometry": {
        "type": "LineString",
        "coordinates": [
          [
            16.4082019,
            48.1860087
          ],
          [
            16.4082829,
            48.1860709
          ],
          [
            16.4083414,
            48.1861159
          ],
          [
            16.4085865,
            48.1863297
          ],
          [
            16.4086981,
            48.1864671
          ]
        ]
      },
      "id": "way/816748590"
    },
    {
      "type": "Feature",
      "properties": {
        "@id": "way/816748591",
        "cycleway:both": "no",
        "highway": "secondary",
        "lanes": "2",
        "lit": "yes",
        "maxheight:signed": "no",
        "maxspeed": "50",
        "name": "Litfaßstraße",
        "name:etymology:wikidata": "Q90732",
        "name:etymology:wikipedia": "de:Ernst Litfaß",
        "parking:both": "lane",
        "parking:both:orientation": "parallel",
        "sidewalk": "both",
        "sidewalk:both:surface": "asphalt",
        "smoothness": "intermediate",
        "source:maxspeed": "AT:urban",
        "surface": "concrete:plates"
      },
      "geometry": {
        "type": "LineString",
        "coordinates": [
          [
            16.4092304,
            48.1869778
          ],
          [
            16.4096056,
            48.1872598
          ],
          [
            16.4107573,
            48.1881286
          ],
          [
            16.4111473,
            48.1884275
          ]
        ]
      },
      "id": "way/816748591"
    },
    {
      "type": "Feature",
      "properties": {
        "@id": "way/816748592",
        "cycleway:both": "no",
        "highway": "secondary",
        "lanes": "3",
        "lanes:backward": "1",
        "lanes:forward": "2",
        "lit": "yes",
        "maxspeed": "50",
        "name": "Litfaßstraße",
        "name:etymology:wikidata": "Q90732",
        "name:etymology:wikipedia": "de:Ernst Litfaß",
        "parking:left": "lane",
        "parking:left:orientation": "parallel",
        "parking:right": "no",
        "sidewalk:both": "separate",
        "smoothness": "good",
        "source:maxspeed": "AT:urban",
        "surface": "concrete:plates",
        "turn:lanes:forward": "left;through|right"
      },
      "geometry": {
        "type": "LineString",
        "coordinates": [
          [
            16.4111473,
            48.1884275
          ],
          [
            16.4115317,
            48.1887221
          ],
          [
            16.4115956,
            48.1887711
          ]
        ]
      },
      "id": "way/816748592"
    },
    {
      "type": "Feature",
      "properties": {
        "@id": "way/817106936",
        "cycleway": "lane",
        "cycleway:lane": "advisory",
        "highway": "primary",
        "lanes": "4",
        "lanes:backward": "1",
        "lanes:forward": "3",
        "lit": "yes",
        "maxheight": "default",
        "maxspeed": "50",
        "name": "Baumgasse",
        "ref": "B228",
        "sidewalk": "both",
        "sidewalk:both:surface": "asphalt",
        "smoothness": "good",
        "source:maxspeed": "AT:urban",
        "surface": "concrete:plates",
        "turn:lanes:forward": "left|through|right"
      },
      "geometry": {
        "type": "LineString",
        "coordinates": [
          [
            16.4113005,
            48.1891117
          ],
          [
            16.4115308,
            48.1889594
          ],
          [
            16.4115921,
            48.1889189
          ]
        ]
      },
      "id": "way/817106936"
    },
    {
      "type": "Feature",
      "properties": {
        "@id": "way/817106937",
        "cycleway:both": "no",
        "highway": "primary",
        "lanes": "4",
        "lanes:backward": "2",
        "lanes:forward": "2",
        "lit": "yes",
        "maxspeed": "50",
        "name": "Baumgasse",
        "ref": "B228",
        "sidewalk:both": "separate",
        "smoothness": "good",
        "source:maxspeed": "AT:urban",
        "surface": "asphalt",
        "turn:lanes:backward": "left|through;right"
      },
      "geometry": {
        "type": "LineString",
        "coordinates": [
          [
            16.412013,
            48.1886587
          ],
          [
            16.4121141,
            48.1885972
          ]
        ]
      },
      "id": "way/817106937"
    },
    {
      "type": "Feature",
      "properties": {
        "@id": "way/817106938",
        "cycleway:both": "no",
        "highway": "primary",
        "lanes": "5",
        "lanes:backward": "2",
        "lanes:forward": "3",
        "lit": "yes",
        "maxspeed": "50",
        "name": "Baumgasse",
        "ref": "B228",
        "sidewalk:both": "separate",
        "smoothness": "intermediate",
        "source:maxspeed": "AT:urban",
        "surface": "asphalt",
        "turn:lanes:forward": "left|right|right"
      },
      "geometry": {
        "type": "LineString",
        "coordinates": [
          [
            16.4130613,
            48.1880208
          ],
          [
            16.4135302,
            48.1877355
          ],
          [
            16.4135745,
            48.1877086
          ],
          [
            16.4136925,
            48.1876385
          ]
        ]
      },
      "id": "way/817106938"
    },
    {
      "type": "Feature",
      "properties": {
        "@id": "way/817106939",
        "cycleway": "no",
        "highway": "primary",
        "lanes": "3",
        "lanes:backward": "2",
        "lanes:forward": "1",
        "lit": "yes",
        "maxspeed": "50",
        "name": "Baumgasse",
        "parking:both": "no",
        "ref": "B228",
        "sidewalk": "no",
        "smoothness": "good",
        "source:maxspeed": "AT:urban",
        "surface": "asphalt",
        "turn:lanes:forward": "left"
      },
      "geometry": {
        "type": "LineString",
        "coordinates": [
          [
            16.4136925,
            48.1876385
          ],
          [
            16.4138458,
            48.18759
          ]
        ]
      },
      "id": "way/817106939"
    },
    {
      "type": "Feature",
      "properties": {
        "@id": "way/817106940",
        "cycleway:both": "no",
        "highway": "primary",
        "lanes": "4",
        "lanes:backward": "2",
        "lanes:forward": "2",
        "lit": "yes",
        "maxspeed": "50",
        "name": "Baumgasse",
        "ref": "B228",
        "sidewalk:both": "separate",
        "source:maxspeed": "AT:urban",
        "surface": "asphalt"
      },
      "geometry": {
        "type": "LineString",
        "coordinates": [
          [
            16.4123239,
            48.1884695
          ],
          [
            16.4130613,
            48.1880208
          ]
        ]
      },
      "id": "way/817106940"
    },
    {
      "type": "Feature",
      "properties": {
        "@id": "way/817106941",
        "cycleway:both": "no",
        "highway": "primary",
        "lanes": "4",
        "lanes:backward": "2",
        "lanes:forward": "2",
        "lit": "yes",
        "maxspeed": "50",
        "name": "Baumgasse",
        "ref": "B228",
        "sidewalk:both": "separate",
        "smoothness": "good",
        "source:maxspeed": "AT:urban",
        "surface": "asphalt",
        "turn:lanes:backward": "left|through"
      },
      "geometry": {
        "type": "LineString",
        "coordinates": [
          [
            16.4121141,
            48.1885972
          ],
          [
            16.4123239,
            48.1884695
          ]
        ]
      },
      "id": "way/817106941"
    },
    {
      "type": "Feature",
      "properties": {
        "@id": "way/817106942",
        "cycleway:right": "no",
        "dual_carriageway": "yes",
        "highway": "primary",
        "lanes": "2",
        "lit": "yes",
        "maxspeed": "50",
        "name": "Franzosengraben",
        "oneway": "yes",
        "parking:both": "no",
        "sidewalk:left": "no",
        "sidewalk:right": "separate",
        "smoothness": "good",
        "surface": "asphalt"
      },
      "geometry": {
        "type": "LineString",
        "coordinates": [
          [
            16.4131205,
            48.1862315
          ],
          [
            16.4133371,
            48.1866238
          ]
        ]
      },
      "id": "way/817106942"
    },
    {
      "type": "Feature",
      "properties": {
        "@id": "way/817106943",
        "dual_carriageway": "yes",
        "highway": "primary",
        "lanes": "4",
        "lit": "yes",
        "maxspeed": "50",
        "name": "Franzosengraben",
        "oneway": "yes",
        "parking:both": "no",
        "sidewalk:left": "no",
        "sidewalk:right": "separate",
        "surface": "asphalt",
        "turn:lanes": "left|left|through|through"
      },
      "geometry": {
        "type": "LineString",
        "coordinates": [
          [
            16.4135595,
            48.1870266
          ],
          [
            16.4135927,
            48.1870868
          ],
          [
            16.4137758,
            48.1874508
          ],
          [
            16.4138458,
            48.18759
          ]
        ]
      },
      "id": "way/817106943"
    },
    {
      "type": "Feature",
      "properties": {
        "@id": "way/817106944",
        "cycleway:right": "no",
        "dual_carriageway": "yes",
        "highway": "primary",
        "lanes": "3",
        "lit": "yes",
        "maxspeed": "50",
        "name": "Franzosengraben",
        "oneway": "yes",
        "parking:both": "no",
        "sidewalk:left": "no",
        "sidewalk:right": "separate",
        "smoothness": "good",
        "surface": "asphalt",
        "turn:lanes": "left|left;through|through"
      },
      "geometry": {
        "type": "LineString",
        "coordinates": [
          [
            16.4133371,
            48.1866238
          ],
          [
            16.4135595,
            48.1870266
          ]
        ]
      },
      "id": "way/817106944"
    },
    {
      "type": "Feature",
      "properties": {
        "@id": "way/817440620",
        "cycleway:both": "no",
        "highway": "primary",
        "lanes": "1",
        "lit": "yes",
        "maxspeed": "50",
        "name": "Simmeringer Hauptstraße",
        "note": "(drawn-on \"advisory\" bikelanes from Simmeringer Bhf to Zipperstraße U3)",
        "oneway": "no",
        "sidewalk:left": "separate",
        "sidewalk:right": "no",
        "smoothness": "intermediate",
        "source:maxspeed": "AT:urban",
        "surface": "concrete:plates"
      },
      "geometry": {
        "type": "LineString",
        "coordinates": [
          [
            16.4059921,
            48.1836024
          ],
          [
            16.4070563,
            48.1826943
          ],
          [
            16.4079663,
            48.1819246
          ],
          [
            16.4080831,
            48.1818259
          ],
          [
            16.4081463,
            48.1817713
          ],
          [
            16.4086186,
            48.1813686
          ],
          [
            16.4093658,
            48.180713
          ],
          [
            16.410495,
            48.1797301
          ],
          [
            16.41058,
            48.1796546
          ]
        ]
      },
      "id": "way/817440620"
    },
    {
      "type": "Feature",
      "properties": {
        "@id": "way/817440621",
        "cycleway:both": "lane",
        "cycleway:both:lane": "advisory",
        "highway": "primary",
        "lanes": "3",
        "lanes:backward": "1",
        "lanes:forward": "2",
        "lit": "yes",
        "maxspeed": "50",
        "name": "Simmeringer Hauptstraße",
        "oneway": "no",
        "sidewalk:both": "separate",
        "smoothness": "good",
        "source:maxspeed": "AT:urban",
        "surface": "paved",
        "surface:note": "asphalt & concrete (differs by lane)",
        "turn:lanes:forward": "left|through;right"
      },
      "geometry": {
        "type": "LineString",
        "coordinates": [
          [
            16.41248,
            48.1780189
          ],
          [
            16.4127215,
            48.1778148
          ],
          [
            16.4128114,
            48.1777388
          ]
        ]
      },
      "id": "way/817440621"
    },
    {
      "type": "Feature",
      "properties": {
        "@id": "way/817440622",
        "cycleway:both": "no",
        "highway": "tertiary",
        "lanes": "3",
        "lanes:backward": "1",
        "lanes:forward": "2",
        "lit": "yes",
        "maxspeed": "50",
        "maxspeed:type": "AT:urban",
        "name": "Hauffgasse",
        "oneway": "no",
        "sidewalk": "both",
        "sidewalk:both:surface": "asphalt",
        "smoothness": "good",
        "source:maxspeed": "AT:urban",
        "surface": "concrete:plates",
        "turn:lanes:forward": "left|through;right"
      },
      "geometry": {
        "type": "LineString",
        "coordinates": [
          [
            16.4122559,
            48.1774671
          ],
          [
            16.412616,
            48.1776432
          ],
          [
            16.4126661,
            48.1776677
          ],
          [
            16.4126853,
            48.1776771
          ],
          [
            16.4127026,
            48.1776855
          ],
          [
            16.4128114,
            48.1777388
          ]
        ]
      },
      "id": "way/817440622"
    },
    {
      "type": "Feature",
      "properties": {
        "@id": "way/817440624",
        "cycleway:both": "no",
        "highway": "tertiary",
        "lanes": "2",
        "lit": "yes",
        "maxspeed": "50",
        "name": "Kopalgasse",
        "oneway": "no",
        "sidewalk": "separate",
        "smoothness": "good",
        "source:maxspeed": "AT:urban",
        "surface": "asphalt"
      },
      "geometry": {
        "type": "LineString",
        "coordinates": [
          [
            16.4134861,
            48.1778724
          ],
          [
            16.4139072,
            48.177961
          ],
          [
            16.4149427,
            48.1782047
          ],
          [
            16.4153003,
            48.1782867
          ],
          [
            16.4154485,
            48.1783212
          ],
          [
            16.4157371,
            48.1784043
          ],
          [
            16.4169681,
            48.1787137
          ],
          [
            16.4170949,
            48.1787493
          ],
          [
            16.4172239,
            48.1787854
          ],
          [
            16.4177773,
            48.1788754
          ],
          [
            16.4189263,
            48.178916
          ],
          [
            16.4189545,
            48.1789204
          ],
          [
            16.4195422,
            48.179012
          ],
          [
            16.4205118,
            48.1791632
          ],
          [
            16.4206504,
            48.1791822
          ],
          [
            16.4207406,
            48.1791946
          ]
        ]
      },
      "id": "way/817440624"
    },
    {
      "type": "Feature",
      "properties": {
        "@id": "way/817440625",
        "cycleway:both": "lane",
        "cycleway:both:lane": "advisory",
        "highway": "primary",
        "lanes": "2",
        "lit": "yes",
        "maxspeed": "50",
        "name": "Simmeringer Hauptstraße",
        "oneway": "no",
        "sidewalk:both": "separate",
        "smoothness": "good",
        "surface": "asphalt"
      },
      "geometry": {
        "type": "LineString",
        "coordinates": [
          [
            16.413196,
            48.1773764
          ],
          [
            16.4140305,
            48.1765792
          ],
          [
            16.4141128,
            48.1765013
          ]
        ]
      },
      "id": "way/817440625"
    },
    {
      "type": "Feature",
      "properties": {
        "@id": "way/817440626",
        "cycleway:left": "lane",
        "cycleway:left:lane": "advisory",
        "cycleway:right": "no",
        "highway": "primary",
        "lanes": "3",
        "lanes:backward": "1",
        "lanes:forward": "2",
        "lit": "yes",
        "maxspeed": "50",
        "name": "Simmeringer Hauptstraße",
        "note": "S.H. beginns #Rinnböckstraße /al",
        "oneway": "no",
        "sidewalk:both": "separate",
        "smoothness": "excellent",
        "surface": "asphalt",
        "turn:lanes:forward": "left|through"
      },
      "geometry": {
        "type": "LineString",
        "coordinates": [
          [
            16.4141128,
            48.1765013
          ],
          [
            16.4144416,
            48.1761904
          ],
          [
            16.4145371,
            48.1760996
          ]
        ]
      },
      "id": "way/817440626"
    },
    {
      "type": "Feature",
      "properties": {
        "@id": "way/817440627",
        "cycleway:both": "track",
        "highway": "primary",
        "lanes": "2",
        "lit": "yes",
        "maxspeed": "50",
        "name": "Simmeringer Hauptstraße",
        "note": "S.H. beginns #Rinnböckstraße /al",
        "oneway": "no",
        "sidewalk:both": "separate",
        "smoothness": "excellent",
        "surface": "asphalt"
      },
      "geometry": {
        "type": "LineString",
        "coordinates": [
          [
            16.4145371,
            48.1760996
          ],
          [
            16.414607,
            48.1760326
          ],
          [
            16.4147535,
            48.1758952
          ],
          [
            16.4153835,
            48.1752926
          ],
          [
            16.415419,
            48.1752587
          ]
        ]
      },
      "id": "way/817440627"
    },
    {
      "type": "Feature",
      "properties": {
        "@id": "way/818423885",
        "cycleway:left": "no",
        "cycleway:right": "separate",
        "dual_carriageway": "yes",
        "highway": "primary",
        "lanes": "4",
        "lit": "yes",
        "maxspeed": "50",
        "name": "Landstraßer Hauptstraße",
        "oneway": "yes",
        "ref": "B221",
        "source:maxspeed": "AT:urban",
        "surface": "asphalt",
        "turn:lanes": "left|left|through|right"
      },
      "geometry": {
        "type": "LineString",
        "coordinates": [
          [
            16.396623,
            48.1863283
          ],
          [
            16.3965365,
            48.1862533
          ]
        ]
      },
      "id": "way/818423885"
    },
    {
      "type": "Feature",
      "properties": {
        "@id": "way/818423887",
        "cycleway:left": "lane",
        "cycleway:left:lane": "advisory",
        "cycleway:right": "no",
        "embedded_rails": "tram",
        "highway": "tertiary",
        "lanes": "4",
        "lanes:backward": "1",
        "lanes:forward": "3",
        "lit": "yes",
        "maxspeed": "30",
        "name": "Leberstraße",
        "oneway": "no",
        "sidewalk": "left",
        "sidewalk:left:surface": "asphalt",
        "smoothness": "good",
        "source:maxspeed": "AT:zone:30",
        "surface": "asphalt",
        "turn:lanes:forward": "left|through|right"
      },
      "geometry": {
        "type": "LineString",
        "coordinates": [
          [
            16.3993625,
            48.1877501
          ],
          [
            16.399322,
            48.1877727
          ],
          [
            16.3992423,
            48.1878145
          ],
          [
            16.3991619,
            48.1878567
          ]
        ]
      },
      "id": "way/818423887"
    },
    {
      "type": "Feature",
      "properties": {
        "@id": "way/819702821",
        "cycleway:left": "no",
        "cycleway:right": "separate",
        "dual_carriageway": "yes",
        "highway": "primary",
        "lanes": "2",
        "lit": "yes",
        "maxspeed": "50",
        "name": "Landstraßer Hauptstraße",
        "oneway": "yes",
        "parking:left": "no",
        "ref": "B221",
        "source:maxspeed": "AT:urban",
        "surface": "asphalt"
      },
      "geometry": {
        "type": "LineString",
        "coordinates": [
          [
            16.3987395,
            48.1880318
          ],
          [
            16.3986358,
            48.1879488
          ],
          [
            16.3985685,
            48.187895
          ],
          [
            16.3983204,
            48.1877076
          ],
          [
            16.3980303,
            48.1874584
          ],
          [
            16.397725,
            48.1872303
          ],
          [
            16.3967515,
            48.1864428
          ],
          [
            16.396623,
            48.1863283
          ]
        ]
      },
      "id": "way/819702821"
    },
    {
      "type": "Feature",
      "properties": {
        "@id": "way/819702822",
        "cycleway:left": "no",
        "cycleway:right": "separate",
        "dual_carriageway": "yes",
        "highway": "primary",
        "lanes": "2",
        "lit": "yes",
        "maxspeed": "50",
        "name": "Landstraßer Hauptstraße",
        "oneway": "yes",
        "parking:left": "no",
        "ref": "B221",
        "source:maxspeed": "AT:urban",
        "surface": "asphalt",
        "turn:lanes": "through|through;right"
      },
      "geometry": {
        "type": "LineString",
        "coordinates": [
          [
            16.3991028,
            48.1883317
          ],
          [
            16.3989155,
            48.1881761
          ],
          [
            16.3988804,
            48.1881469
          ],
          [
            16.3988402,
            48.1881141
          ],
          [
            16.3987395,
            48.1880318
          ]
        ]
      },
      "id": "way/819702822"
    },
    {
      "type": "Feature",
      "properties": {
        "@id": "way/819702823",
        "cycleway:both": "lane",
        "cycleway:both:lane": "advisory",
        "highway": "secondary",
        "lanes": "2",
        "lit": "yes",
        "maxspeed": "50",
        "name": "Landstraßer Hauptstraße",
        "sidewalk:both": "separate",
        "smoothness": "excellent",
        "surface": "asphalt"
      },
      "geometry": {
        "type": "LineString",
        "coordinates": [
          [
            16.4002638,
            48.1912443
          ],
          [
            16.3998211,
            48.1917141
          ],
          [
            16.3997456,
            48.1917908
          ],
          [
            16.3994334,
            48.1921081
          ],
          [
            16.39883,
            48.1927213
          ]
        ]
      },
      "id": "way/819702823"
    },
    {
      "type": "Feature",
      "properties": {
        "@id": "way/820180190",
        "cycleway:both": "no",
        "embedded_rails": "tram",
        "highway": "primary",
        "lanes": "2",
        "lit": "yes",
        "maxspeed": "50",
        "name": "Schlachthausgasse",
        "ref": "B221",
        "sidewalk": "both",
        "sidewalk:both:surface": "asphalt",
        "surface": "concrete"
      },
      "geometry": {
        "type": "LineString",
        "coordinates": [
          [
            16.4038534,
            48.1926364
          ],
          [
            16.4036962,
            48.1925166
          ],
          [
            16.4029843,
            48.1919737
          ]
        ]
      },
      "id": "way/820180190"
    },
    {
      "type": "Feature",
      "properties": {
        "@id": "way/820180191",
        "cycleway": "lane",
        "cycleway:both": "lane",
        "cycleway:both:lane": "advisory",
        "highway": "primary",
        "lanes": "2",
        "lcn": "yes",
        "lit": "yes",
        "maxspeed": "50",
        "name": "Baumgasse",
        "ref": "B228",
        "sidewalk": "both",
        "sidewalk:both:surface": "asphalt",
        "smoothness": "excellent",
        "surface": "asphalt"
      },
      "geometry": {
        "type": "LineString",
        "coordinates": [
          [
            16.4051724,
            48.1930028
          ],
          [
            16.405289,
            48.1929272
          ],
          [
            16.4053888,
            48.1928625
          ],
          [
            16.4057597,
            48.1926227
          ],
          [
            16.4063418,
            48.192246
          ],
          [
            16.4074521,
            48.1915228
          ]
        ]
      },
      "id": "way/820180191"
    },
    {
      "type": "Feature",
      "properties": {
        "@id": "way/820180192",
        "cycleway:right": "no",
        "dual_carriageway": "yes",
        "highway": "primary",
        "lanes": "2",
        "lit": "yes",
        "maxspeed": "50",
        "name": "Schlachthausgasse",
        "oneway": "yes",
        "ref": "B221",
        "sidewalk": "right",
        "sidewalk:right:surface": "asphalt",
        "smoothness": "good",
        "surface": "asphalt",
        "turn:lanes": "left|through;right"
      },
      "geometry": {
        "type": "LineString",
        "coordinates": [
          [
            16.4016594,
            48.1909745
          ],
          [
            16.4015336,
            48.1908909
          ],
          [
            16.4011986,
            48.1906499
          ],
          [
            16.4011648,
            48.1906253
          ],
          [
            16.4010694,
            48.1905558
          ]
        ]
      },
      "id": "way/820180192"
    },
    {
      "type": "Feature",
      "properties": {
        "@id": "way/820180193",
        "cycleway:both": "no",
        "embedded_rails": "tram",
        "highway": "primary",
        "lanes": "2",
        "lanes:backward": "1",
        "lanes:forward": "1",
        "lit": "yes",
        "maxspeed": "50",
        "name": "Schlachthausgasse",
        "ref": "B221",
        "sidewalk": "separate",
        "smoothness": "good",
        "source:maxspeed": "AT:urban",
        "surface": "asphalt",
        "trolley_wire": "yes"
      },
      "geometry": {
        "type": "LineString",
        "coordinates": [
          [
            16.407463,
            48.1950212
          ],
          [
            16.4071551,
            48.1948675
          ]
        ]
      },
      "id": "way/820180193"
    },
    {
      "type": "Feature",
      "properties": {
        "@id": "way/820180194",
        "cycleway:both": "no",
        "embedded_rails": "tram",
        "highway": "tertiary",
        "lanes": "3",
        "lanes:backward": "1",
        "lanes:forward": "2",
        "lit": "yes",
        "maxspeed": "50",
        "name": "Erdbergstraße",
        "sidewalk:both": "separate",
        "sidewalk:both:surface": "asphalt",
        "smoothness": "good",
        "source:maxspeed": "AT:urban",
        "surface": "concrete",
        "turn:lanes:forward": "left|through;right"
      },
      "geometry": {
        "type": "LineString",
        "coordinates": [
          [
            16.4075495,
            48.1955822
          ],
          [
            16.4077168,
            48.1954528
          ],
          [
            16.4077711,
            48.1954105
          ],
          [
            16.4078241,
            48.1953798
          ],
          [
            16.4078535,
            48.1953607
          ],
          [
            16.4078668,
            48.1953521
          ],
          [
            16.4078847,
            48.1953415
          ]
        ]
      },
      "id": "way/820180194"
    },
    {
      "type": "Feature",
      "properties": {
        "@id": "way/820180195",
        "cycleway:both": "no",
        "highway": "primary",
        "lanes": "2",
        "lit": "yes",
        "maxspeed": "50",
        "name": "Schlachthausgasse",
        "ref": "B221",
        "sidewalk": "separate",
        "smoothness": "good",
        "source:maxspeed": "AT:urban",
        "surface": "asphalt"
      },
      "geometry": {
        "type": "LineString",
        "coordinates": [
          [
            16.4095481,
            48.1960786
          ],
          [
            16.4095217,
            48.196063
          ],
          [
            16.4094246,
            48.1960103
          ]
        ]
      },
      "id": "way/820180195"
    },
    {
      "type": "Feature",
      "properties": {
        "@id": "way/820180196",
        "cycleway:both": "no",
        "highway": "primary",
        "lanes": "3",
        "lanes:backward": "2",
        "lanes:forward": "1",
        "lit": "yes",
        "maxspeed": "50",
        "name": "Schlachthausgasse",
        "ref": "B221",
        "sidewalk": "separate",
        "smoothness": "good",
        "source:maxspeed": "AT:urban",
        "surface": "asphalt"
      },
      "geometry": {
        "type": "LineString",
        "coordinates": [
          [
            16.4095891,
            48.1961028
          ],
          [
            16.4095481,
            48.1960786
          ]
        ]
      },
      "id": "way/820180196"
    },
    {
      "type": "Feature",
      "properties": {
        "@id": "way/820181363",
        "cycleway:both": "no",
        "embedded_rails": "tram",
        "highway": "primary",
        "lanes": "2",
        "lit": "yes",
        "maxspeed": "50",
        "name": "Schlachthausgasse",
        "ref": "B221",
        "sidewalk:both": "separate",
        "sidewalk:both:surface": "asphalt",
        "smoothness": "good",
        "source:maxspeed": "AT:urban",
        "surface": "asphalt",
        "turn:lanes:backward": "through;right"
      },
      "geometry": {
        "type": "LineString",
        "coordinates": [
          [
            16.4082695,
            48.1954268
          ],
          [
            16.4082913,
            48.1954389
          ],
          [
            16.4086854,
            48.1956353
          ]
        ]
      },
      "id": "way/820181363"
    },
    {
      "type": "Feature",
      "properties": {
        "@id": "way/820181364",
        "cycleway:both": "no",
        "embedded_rails": "tram",
        "highway": "primary",
        "lanes": "2",
        "lit": "yes",
        "maxspeed": "50",
        "name": "Schlachthausgasse",
        "ref": "B221",
        "sidewalk": "both",
        "sidewalk:both:surface": "asphalt",
        "smoothness": "good",
        "source:maxspeed": "AT:urban",
        "surface": "asphalt"
      },
      "geometry": {
        "type": "LineString",
        "coordinates": [
          [
            16.4086854,
            48.1956353
          ],
          [
            16.4088921,
            48.1957383
          ]
        ]
      },
      "id": "way/820181364"
    },
    {
      "type": "Feature",
      "properties": {
        "@id": "way/826057673",
        "highway": "tertiary",
        "lanes": "3",
        "lanes:backward": "1",
        "lanes:forward": "2",
        "lcn": "yes",
        "lit": "yes",
        "maxspeed": "30",
        "name": "Neulinggasse",
        "sidewalk": "separate",
        "smoothness": "excellent",
        "source": "Bing",
        "source:maxspeed": "AT:zone:30",
        "surface": "asphalt",
        "turn:lanes:forward": "left|right"
      },
      "geometry": {
        "type": "LineString",
        "coordinates": [
          [
            16.3935793,
            48.1994539
          ],
          [
            16.3938028,
            48.1995322
          ],
          [
            16.3939161,
            48.1995719
          ]
        ]
      },
      "id": "way/826057673"
    },
    {
      "type": "Feature",
      "properties": {
        "@id": "way/826057674",
        "cycleway:both": "lane",
        "cycleway:both:lane": "advisory",
        "highway": "secondary",
        "lanes": "3",
        "lanes:backward": "1",
        "lanes:forward": "2",
        "lit": "yes",
        "maxspeed": "50",
        "name": "Landstraßer Hauptstraße",
        "sidewalk:both": "separate",
        "smoothness": "excellent",
        "surface": "asphalt",
        "turn:lanes:forward": "left|through"
      },
      "geometry": {
        "type": "LineString",
        "coordinates": [
          [
            16.3942421,
            48.1991481
          ],
          [
            16.3939823,
            48.1994873
          ],
          [
            16.3939161,
            48.1995719
          ]
        ]
      },
      "id": "way/826057674"
    },
    {
      "type": "Feature",
      "properties": {
        "@id": "way/826057675",
        "cycleway:both": "lane",
        "cycleway:both:lane": "advisory",
        "highway": "secondary",
        "lanes": "3",
        "lanes:backward": "2",
        "lanes:forward": "1",
        "lit": "yes",
        "maxspeed": "50",
        "name": "Landstraßer Hauptstraße",
        "sidewalk": "separate",
        "smoothness": "excellent",
        "surface": "asphalt",
        "turn:lanes:backward": "left|through;right"
      },
      "geometry": {
        "type": "LineString",
        "coordinates": [
          [
            16.3947367,
            48.1984266
          ],
          [
            16.3946819,
            48.1985083
          ]
        ]
      },
      "id": "way/826057675"
    },
    {
      "type": "Feature",
      "properties": {
        "@id": "way/826057677",
        "cycleway:both": "no",
        "highway": "secondary",
        "lanes": "4",
        "lanes:backward": "1",
        "lanes:forward": "3",
        "lit": "yes",
        "maxspeed": "50",
        "name": "Landstraßer Hauptstraße",
        "sidewalk": "separate",
        "smoothness": "excellent",
        "surface": "asphalt",
        "turn:lanes:forward": "left|through|right"
      },
      "geometry": {
        "type": "LineString",
        "coordinates": [
          [
            16.3960556,
            48.1964399
          ],
          [
            16.3960199,
            48.1965028
          ],
          [
            16.3959441,
            48.1966315
          ]
        ]
      },
      "id": "way/826057677"
    },
    {
      "type": "Feature",
      "properties": {
        "@id": "way/826365396",
        "cycleway:both": "lane",
        "cycleway:both:lane": "advisory",
        "highway": "secondary",
        "lanes": "3",
        "lanes:backward": "1",
        "lanes:forward": "2",
        "lit": "yes",
        "maxspeed": "50",
        "name": "Landstraßer Hauptstraße",
        "sidewalk": "separate",
        "smoothness": "good",
        "surface": "asphalt",
        "turn:lanes:forward": "left|through"
      },
      "geometry": {
        "type": "LineString",
        "coordinates": [
          [
            16.3980547,
            48.1935649
          ],
          [
            16.3977842,
            48.1938673
          ],
          [
            16.3976772,
            48.1939777
          ],
          [
            16.3976257,
            48.1940359
          ]
        ]
      },
      "id": "way/826365396"
    },
    {
      "type": "Feature",
      "properties": {
        "@id": "way/826365398",
        "cycleway:both": "lane",
        "cycleway:both:lane": "advisory",
        "highway": "secondary",
        "lanes": "2",
        "lit": "yes",
        "maxspeed": "50",
        "name": "Landstraßer Hauptstraße",
        "sidewalk": "separate",
        "smoothness": "good",
        "surface": "asphalt"
      },
      "geometry": {
        "type": "LineString",
        "coordinates": [
          [
            16.3976257,
            48.1940359
          ],
          [
            16.3975528,
            48.1941369
          ],
          [
            16.3974297,
            48.1943094
          ],
          [
            16.3972904,
            48.1945017
          ],
          [
            16.3971199,
            48.1947334
          ],
          [
            16.3969026,
            48.1950565
          ],
          [
            16.3968029,
            48.1952109
          ],
          [
            16.3966684,
            48.195425
          ],
          [
            16.3964136,
            48.1958442
          ],
          [
            16.3961128,
            48.1963392
          ]
        ]
      },
      "id": "way/826365398"
    },
    {
      "type": "Feature",
      "properties": {
        "@id": "way/826365399",
        "cycleway:both": "lane",
        "cycleway:both:lane": "advisory",
        "highway": "secondary",
        "lanes": "2",
        "lit": "yes",
        "maxspeed": "50",
        "maxspeed:conditional": "30 @ (Mo-Sa 07:30-08:00, 12:00-18:00;PH off;SH off)",
        "name": "Landstraßer Hauptstraße",
        "sidewalk": "separate",
        "surface": "asphalt"
      },
      "geometry": {
        "type": "LineString",
        "coordinates": [
          [
            16.3984207,
            48.1931591
          ],
          [
            16.3982213,
            48.1933785
          ]
        ]
      },
      "id": "way/826365399"
    },
    {
      "type": "Feature",
      "properties": {
        "@id": "way/826365400",
        "cycleway:both": "lane",
        "cycleway:both:lane": "advisory",
        "highway": "secondary",
        "lanes": "3",
        "lanes:backward": "2",
        "lanes:forward": "1",
        "lit": "yes",
        "maxspeed": "50",
        "maxspeed:conditional": "30 @ (Mo-Sa 07:30-08:00, 12:00-18:00;PH off;SH off)",
        "name": "Landstraßer Hauptstraße",
        "sidewalk": "separate",
        "surface": "asphalt",
        "turn:lanes:backward": "left|through"
      },
      "geometry": {
        "type": "LineString",
        "coordinates": [
          [
            16.3986807,
            48.1928731
          ],
          [
            16.3986082,
            48.1929528
          ],
          [
            16.3984207,
            48.1931591
          ]
        ]
      },
      "id": "way/826365400"
    },
    {
      "type": "Feature",
      "properties": {
        "@id": "way/826839446",
        "highway": "tertiary",
        "lane_markings": "no",
        "lit": "yes",
        "maxspeed": "50",
        "name": "Erdbergstraße",
        "smoothness": "excellent",
        "source:maxspeed": "AT:urban",
        "surface": "asphalt"
      },
      "geometry": {
        "type": "LineString",
        "coordinates": [
          [
            16.4028515,
            48.1972803
          ],
          [
            16.4033177,
            48.1970958
          ],
          [
            16.403699,
            48.1969539
          ],
          [
            16.4041885,
            48.1968209
          ],
          [
            16.4044424,
            48.1967519
          ],
          [
            16.4048618,
            48.1966311
          ],
          [
            16.4049667,
            48.1966036
          ],
          [
            16.4050991,
            48.1965757
          ],
          [
            16.4056238,
            48.1964751
          ]
        ]
      },
      "id": "way/826839446"
    },
    {
      "type": "Feature",
      "properties": {
        "@id": "way/826839447",
        "cycleway:both": "lane",
        "cycleway:both:lane": "advisory",
        "highway": "tertiary",
        "lanes": "2",
        "lit": "yes",
        "maxspeed": "50",
        "name": "Erdbergstraße",
        "sidewalk": "separate",
        "smoothness": "excellent",
        "source:maxspeed": "AT:urban",
        "surface": "asphalt"
      },
      "geometry": {
        "type": "LineString",
        "coordinates": [
          [
            16.4092908,
            48.1942509
          ],
          [
            16.4099464,
            48.1937372
          ],
          [
            16.4100295,
            48.1936716
          ],
          [
            16.4108108,
            48.1931496
          ],
          [
            16.4109218,
            48.1930757
          ],
          [
            16.4117956,
            48.1925572
          ],
          [
            16.4118636,
            48.1925169
          ],
          [
            16.412544,
            48.1921043
          ],
          [
            16.4126795,
            48.1920222
          ],
          [
            16.4127319,
            48.1919904
          ],
          [
            16.4128447,
            48.191922
          ]
        ]
      },
      "id": "way/826839447"
    },
    {
      "type": "Feature",
      "properties": {
        "@id": "way/826839449",
        "cycleway:both": "lane",
        "cycleway:both:lane": "advisory",
        "cycleway:left": "lane",
        "cycleway:right": "no",
        "highway": "primary",
        "lanes": "3",
        "lanes:backward": "1",
        "lanes:forward": "2",
        "lit": "yes",
        "maxspeed": "50",
        "name": "Baumgasse",
        "ref": "B228",
        "sidewalk": "both",
        "sidewalk:both:surface": "asphalt",
        "smoothness": "good",
        "surface": "asphalt",
        "turn:lanes:forward": "left|through;right"
      },
      "geometry": {
        "type": "LineString",
        "coordinates": [
          [
            16.4095253,
            48.1902402
          ],
          [
            16.4100228,
            48.1899367
          ]
        ]
      },
      "id": "way/826839449"
    },
    {
      "type": "Feature",
      "properties": {
        "@id": "way/826839450",
        "cycleway": "lane",
        "cycleway:both": "lane",
        "cycleway:both:lane": "advisory",
        "highway": "primary",
        "lanes": "3",
        "lanes:backward": "1",
        "lanes:forward": "2",
        "lit": "yes",
        "maxheight": "default",
        "maxspeed": "50",
        "name": "Baumgasse",
        "ref": "B228",
        "sidewalk": "both",
        "sidewalk:both:surface": "asphalt",
        "smoothness": "good",
        "source:maxspeed": "AT:urban",
        "surface": "asphalt"
      },
      "geometry": {
        "type": "LineString",
        "coordinates": [
          [
            16.4103311,
            48.1897432
          ],
          [
            16.4108901,
            48.1893759
          ],
          [
            16.4110001,
            48.1893074
          ],
          [
            16.4111357,
            48.1892203
          ],
          [
            16.4112261,
            48.1891586
          ],
          [
            16.4113005,
            48.1891117
          ]
        ]
      },
      "id": "way/826839450"
    },
    {
      "type": "Feature",
      "properties": {
        "@id": "way/826839451",
        "cycleway": "lane",
        "cycleway:left:lane": "advisory",
        "cycleway:right:lane": "exclusive",
        "highway": "tertiary",
        "lanes": "3",
        "lanes:backward": "1",
        "lanes:forward": "2",
        "lit": "yes",
        "maxheight": "default",
        "maxspeed": "50",
        "name": "Erdbergstraße",
        "sidewalk:left": "no",
        "sidewalk:right": "separate",
        "smoothness": "good",
        "source:maxspeed": "AT:urban",
        "surface": "asphalt",
        "turn:lanes:forward": "through|right"
      },
      "geometry": {
        "type": "LineString",
        "coordinates": [
          [
            16.4157261,
            48.1901463
          ],
          [
            16.415806,
            48.1901014
          ],
          [
            16.4160372,
            48.189957
          ],
          [
            16.4160754,
            48.1899345
          ],
          [
            16.4161906,
            48.1898775
          ]
        ]
      },
      "id": "way/826839451"
    },
    {
      "type": "Feature",
      "properties": {
        "@id": "way/827240531",
        "cycleway:both": "no",
        "dual_carriageway": "yes",
        "highway": "primary",
        "lanes": "3",
        "lit": "yes",
        "maxspeed": "50",
        "name": "Franzosengraben",
        "oneway": "yes",
        "ref": "B228",
        "sidewalk:left": "no",
        "sidewalk:right": "separate",
        "smoothness": "good",
        "source:maxspeed": "AT:urban",
        "surface": "asphalt",
        "turn:lanes": "through|through|right"
      },
      "geometry": {
        "type": "LineString",
        "coordinates": [
          [
            16.4157253,
            48.1894933
          ],
          [
            16.4152772,
            48.1891208
          ],
          [
            16.4152448,
            48.1890938
          ],
          [
            16.4151249,
            48.188993
          ]
        ]
      },
      "id": "way/827240531"
    },
    {
      "type": "Feature",
      "properties": {
        "@id": "way/827240532",
        "cycleway:both": "no",
        "dual_carriageway": "yes",
        "highway": "primary",
        "lanes": "3",
        "lit": "yes",
        "maxspeed": "50",
        "name": "Franzosengraben",
        "oneway": "yes",
        "ref": "B228",
        "sidewalk:left": "no",
        "sidewalk:right": "separate",
        "smoothness": "good",
        "source:maxspeed": "AT:urban",
        "surface": "concrete:plates",
        "turn:lanes": "through|through|right"
      },
      "geometry": {
        "type": "LineString",
        "coordinates": [
          [
            16.4140161,
            48.1880456
          ],
          [
            16.4138298,
            48.1878257
          ],
          [
            16.4138036,
            48.1877947
          ]
        ]
      },
      "id": "way/827240532"
    },
    {
      "type": "Feature",
      "properties": {
        "@id": "way/827240533",
        "cycleway:both": "no",
        "dual_carriageway": "yes",
        "highway": "primary",
        "lanes": "2",
        "lit": "yes",
        "maxspeed": "50",
        "name": "Franzosengraben",
        "oneway": "yes",
        "ref": "B228",
        "sidewalk": "separate",
        "smoothness": "good",
        "source:maxspeed": "AT:urban",
        "surface": "asphalt",
        "turn:lanes": "left|right"
      },
      "geometry": {
        "type": "LineString",
        "coordinates": [
          [
            16.4161881,
            48.1897105
          ],
          [
            16.4162059,
            48.1897252
          ],
          [
            16.4162237,
            48.1897408
          ],
          [
            16.4162503,
            48.189764
          ],
          [
            16.416316,
            48.1898215
          ]
        ]
      },
      "id": "way/827240533"
    },
    {
      "type": "Feature",
      "properties": {
        "@id": "way/827240534",
        "cycleway:both": "separate",
        "highway": "primary",
        "lanes": "2",
        "lit": "yes",
        "maxheight": "default",
        "maxspeed": "50",
        "name": "Erdbergstraße",
        "ref": "B228",
        "sidewalk": "separate",
        "smoothness": "excellent",
        "surface": "asphalt"
      },
      "geometry": {
        "type": "LineString",
        "coordinates": [
          [
            16.4171011,
            48.1893408
          ],
          [
            16.4174365,
            48.1891354
          ],
          [
            16.4177149,
            48.1889618
          ]
        ]
      },
      "id": "way/827240534"
    },
    {
      "type": "Feature",
      "properties": {
        "@id": "way/827240535",
        "cycleway:both": "separate",
        "highway": "primary",
        "lanes": "3",
        "lanes:backward": "1",
        "lanes:forward": "2",
        "lit": "yes",
        "maxheight": "default",
        "maxspeed": "50",
        "name": "Erdbergstraße",
        "ref": "B228",
        "sidewalk": "separate",
        "smoothness": "excellent",
        "surface": "asphalt",
        "turn:lanes:forward": "through|right"
      },
      "geometry": {
        "type": "LineString",
        "coordinates": [
          [
            16.4177149,
            48.1889618
          ],
          [
            16.4178984,
            48.1888467
          ],
          [
            16.4181104,
            48.1887208
          ],
          [
            16.418151,
            48.1886966
          ],
          [
            16.4182256,
            48.1886523
          ]
        ]
      },
      "id": "way/827240535"
    },
    {
      "type": "Feature",
      "properties": {
        "@id": "way/828019679",
        "cycleway:both": "no",
        "highway": "tertiary",
        "lanes": "3",
        "lit": "yes",
        "maxspeed": "50",
        "name": "Döblerhofstraße",
        "oneway": "yes",
        "parking:both": "no",
        "sidewalk:left": "no",
        "sidewalk:right": "separate",
        "smoothness": "good",
        "surface": "asphalt",
        "turn:lanes": "left|left|through;right"
      },
      "geometry": {
        "type": "LineString",
        "coordinates": [
          [
            16.41431,
            48.1855369
          ],
          [
            16.4148643,
            48.1854343
          ],
          [
            16.4149199,
            48.185424
          ],
          [
            16.4150918,
            48.1853922
          ]
        ]
      },
      "id": "way/828019679"
    },
    {
      "type": "Feature",
      "properties": {
        "@id": "way/828019680",
        "cycleway:both": "no",
        "highway": "tertiary",
        "lanes": "2",
        "lit": "yes",
        "maxspeed": "50",
        "name": "Döblerhofstraße",
        "oneway": "yes",
        "parking:both": "no",
        "sidewalk": "separate",
        "smoothness": "good",
        "surface": "asphalt",
        "turn:lanes": "left|left|through;right"
      },
      "geometry": {
        "type": "LineString",
        "coordinates": [
          [
            16.41391,
            48.1856109
          ],
          [
            16.41431,
            48.1855369
          ]
        ]
      },
      "id": "way/828019680"
    },
    {
      "type": "Feature",
      "properties": {
        "@id": "way/828019681",
        "cycleway:both": "no",
        "highway": "tertiary",
        "lanes": "4",
        "lit": "yes",
        "maxspeed": "50",
        "name": "Döblerhofstraße",
        "oneway": "yes",
        "parking:both": "no",
        "sidewalk:left": "no",
        "sidewalk:right": "separate",
        "smoothness": "good",
        "surface": "asphalt",
        "turn:lanes": "through|through|right|right"
      },
      "geometry": {
        "type": "LineString",
        "coordinates": [
          [
            16.4137175,
            48.1857753
          ],
          [
            16.4132049,
            48.1858705
          ],
          [
            16.4128531,
            48.1859299
          ]
        ]
      },
      "id": "way/828019681"
    },
    {
      "type": "Feature",
      "properties": {
        "@id": "way/828019683",
        "cycleway": "separate",
        "highway": "tertiary",
        "lanes": "5",
        "lanes:backward": "2",
        "lanes:forward": "3",
        "lit": "yes",
        "maxspeed": "50",
        "name": "Modecenterstraße",
        "parking:both": "no",
        "sidewalk": "separate",
        "source:maxspeed": "AT:urban",
        "surface": "asphalt",
        "turn:lanes:backward": "|right",
        "turn:lanes:forward": "left;through|right|right"
      },
      "geometry": {
        "type": "LineString",
        "coordinates": [
          [
            16.4156754,
            48.1859928
          ],
          [
            16.4155585,
            48.1858761
          ]
        ]
      },
      "id": "way/828019683"
    },
    {
      "type": "Feature",
      "properties": {
        "@id": "way/828019684",
        "cycleway": "separate",
        "highway": "tertiary",
        "lanes": "5",
        "lanes:backward": "2",
        "lanes:forward": "3",
        "lit": "yes",
        "maxspeed": "50",
        "name": "Modecenterstraße",
        "parking:both": "no",
        "sidewalk": "separate",
        "source:maxspeed": "AT:urban",
        "surface": "asphalt",
        "turn:lanes:forward": "left;through|right|right"
      },
      "geometry": {
        "type": "LineString",
        "coordinates": [
          [
            16.4155585,
            48.1858761
          ],
          [
            16.4153906,
            48.1857086
          ],
          [
            16.4152889,
            48.1856072
          ],
          [
            16.4152622,
            48.1855805
          ]
        ]
      },
      "id": "way/828019684"
    },
    {
      "type": "Feature",
      "properties": {
        "@id": "way/832115471",
        "cycleway": "separate",
        "highway": "tertiary",
        "lanes": "3",
        "lanes:backward": "1",
        "lanes:forward": "2",
        "lit": "yes",
        "maxspeed": "50",
        "name": "Modecenterstraße",
        "sidewalk": "separate",
        "smoothness": "good",
        "surface": "asphalt",
        "turn:lanes:forward": "left|"
      },
      "geometry": {
        "type": "LineString",
        "coordinates": [
          [
            16.4164796,
            48.1868111
          ],
          [
            16.4162291,
            48.1865492
          ],
          [
            16.4162022,
            48.1865211
          ],
          [
            16.4161668,
            48.186484
          ],
          [
            16.4160634,
            48.1863804
          ]
        ]
      },
      "id": "way/832115471"
    },
    {
      "type": "Feature",
      "properties": {
        "@id": "way/832115472",
        "cycleway": "separate",
        "highway": "tertiary",
        "lanes": "2",
        "lit": "yes",
        "maxspeed": "50",
        "name": "Modecenterstraße",
        "sidewalk": "separate",
        "smoothness": "good",
        "surface": "asphalt"
      },
      "geometry": {
        "type": "LineString",
        "coordinates": [
          [
            16.4179228,
            48.1883314
          ],
          [
            16.4174182,
            48.1878023
          ],
          [
            16.417126,
            48.1874944
          ],
          [
            16.4168513,
            48.1872055
          ],
          [
            16.4168116,
            48.1871634
          ],
          [
            16.4164796,
            48.1868111
          ]
        ]
      },
      "id": "way/832115472"
    },
    {
      "type": "Feature",
      "properties": {
        "@id": "way/832115473",
        "cycleway:both": "separate",
        "highway": "primary",
        "lanes": "2",
        "lit": "yes",
        "maxspeed": "50",
        "name": "Erdbergstraße",
        "ref": "B228",
        "sidewalk": "separate",
        "smoothness": "excellent",
        "surface": "asphalt"
      },
      "geometry": {
        "type": "LineString",
        "coordinates": [
          [
            16.4188344,
            48.188279
          ],
          [
            16.4192156,
            48.1880414
          ],
          [
            16.4193691,
            48.1879459
          ],
          [
            16.4195039,
            48.187862
          ]
        ]
      },
      "id": "way/832115473"
    },
    {
      "type": "Feature",
      "properties": {
        "@id": "way/832115474",
        "admin_level": "9",
        "boundary": "administrative",
        "cycleway:both": "separate",
        "highway": "primary",
        "lanes": "2",
        "lit": "yes",
        "maxspeed": "50",
        "name": "Erdbergstraße",
        "ref": "B228",
        "sidewalk:left": "yes",
        "sidewalk:right": "separate",
        "surface": "asphalt"
      },
      "geometry": {
        "type": "LineString",
        "coordinates": [
          [
            16.4268618,
            48.185382
          ],
          [
            16.4269316,
            48.1853683
          ],
          [
            16.4272337,
            48.1853075
          ],
          [
            16.4273998,
            48.1852741
          ],
          [
            16.4280338,
            48.1851852
          ],
          [
            16.428264,
            48.1851631
          ],
          [
            16.4283727,
            48.1851555
          ],
          [
            16.4285249,
            48.1851652
          ],
          [
            16.4286306,
            48.1851861
          ]
        ]
      },
      "id": "way/832115474"
    },
    {
      "type": "Feature",
      "properties": {
        "@id": "way/832115475",
        "admin_level": "9",
        "boundary": "administrative",
        "cycleway:both": "separate",
        "highway": "primary",
        "lanes": "3",
        "lanes:backward": "2",
        "lanes:forward": "1",
        "lit": "yes",
        "maxspeed": "50",
        "name": "Erdbergstraße",
        "ref": "B228",
        "sidewalk:left": "yes",
        "sidewalk:right": "separate",
        "surface": "asphalt",
        "turn:lanes:backward": "left|through"
      },
      "geometry": {
        "type": "LineString",
        "coordinates": [
          [
            16.4261097,
            48.1855342
          ],
          [
            16.4262365,
            48.1855059
          ],
          [
            16.4265941,
            48.185435
          ]
        ]
      },
      "id": "way/832115475"
    },
    {
      "type": "Feature",
      "properties": {
        "@id": "way/832455826",
        "admin_level": "9",
        "boundary": "administrative",
        "cycleway:both": "separate",
        "highway": "primary",
        "lanes": "3",
        "lanes:backward": "2",
        "lanes:forward": "1",
        "lit": "yes",
        "maxspeed": "50",
        "name": "Erdbergstraße",
        "ref": "B228",
        "sidewalk:left": "yes",
        "sidewalk:right": "separate",
        "surface": "asphalt",
        "turn:lanes:backward": "left|"
      },
      "geometry": {
        "type": "LineString",
        "coordinates": [
          [
            16.4286306,
            48.1851861
          ],
          [
            16.4287013,
            48.1852074
          ],
          [
            16.4287834,
            48.1852404
          ],
          [
            16.4288666,
            48.1852953
          ],
          [
            16.4289492,
            48.185363
          ]
        ]
      },
      "id": "way/832455826"
    },
    {
      "type": "Feature",
      "properties": {
        "@id": "way/832455827",
        "admin_level": "9",
        "boundary": "administrative",
        "cycleway:both": "separate",
        "destination:backward": "Neu Erdberg;Gasometer City",
        "destination:ref:backward": "B228",
        "highway": "primary",
        "lanes": "2",
        "lit": "yes",
        "maxspeed": "50",
        "name": "Erdbergstraße",
        "ref": "B228",
        "sidewalk:left": "no",
        "sidewalk:right": "separate",
        "surface": "asphalt"
      },
      "geometry": {
        "type": "LineString",
        "coordinates": [
          [
            16.4294381,
            48.1857841
          ],
          [
            16.429474,
            48.1858152
          ],
          [
            16.4295561,
            48.1858744
          ],
          [
            16.4296637,
            48.1859289
          ],
          [
            16.4298,
            48.1859793
          ],
          [
            16.4299342,
            48.1860073
          ]
        ]
      },
      "id": "way/832455827"
    },
    {
      "type": "Feature",
      "properties": {
        "@id": "way/832455828",
        "cycleway:both": "separate",
        "highway": "primary",
        "lanes": "3",
        "lanes:backward": "1",
        "lanes:forward": "2",
        "lit": "yes",
        "maxspeed": "50",
        "name": "1. Haidequerstraße",
        "ref": "B228",
        "sidewalk:both": "separate",
        "surface": "asphalt",
        "turn:lanes:forward": "left|through;right"
      },
      "geometry": {
        "type": "LineString",
        "coordinates": [
          [
            16.4274905,
            48.17987
          ],
          [
            16.4274365,
            48.1797826
          ],
          [
            16.4273098,
            48.1795918
          ]
        ]
      },
      "id": "way/832455828"
    },
    {
      "type": "Feature",
      "properties": {
        "@id": "way/832455829",
        "cycleway:both": "separate",
        "highway": "primary",
        "lanes": "3",
        "lanes:backward": "1",
        "lanes:forward": "2",
        "lit": "yes",
        "maxspeed": "50",
        "name": "1. Haidequerstraße",
        "ref": "B228",
        "sidewalk:both": "separate",
        "surface": "asphalt",
        "turn:lanes:forward": "left|through;right"
      },
      "geometry": {
        "type": "LineString",
        "coordinates": [
          [
            16.4273098,
            48.1795918
          ],
          [
            16.4272631,
            48.1795198
          ],
          [
            16.4272378,
            48.1794809
          ],
          [
            16.4272003,
            48.179423
          ],
          [
            16.4271675,
            48.1793665
          ]
        ]
      },
      "id": "way/832455829"
    },
    {
      "type": "Feature",
      "properties": {
        "@id": "way/832455831",
        "cycleway:left": "separate",
        "cycleway:right": "no",
        "highway": "tertiary",
        "lanes": "3",
        "lanes:backward": "1",
        "lanes:forward": "2",
        "lit": "yes",
        "maxspeed": "50",
        "name": "Lautenschlägergasse",
        "sidewalk:both": "separate",
        "smoothness": "good",
        "source:maxspeed": "AT:urban",
        "surface": "asphalt",
        "turn:lanes:forward": "left|through;right"
      },
      "geometry": {
        "type": "LineString",
        "coordinates": [
          [
            16.4268331,
            48.178874
          ],
          [
            16.4270078,
            48.1791369
          ]
        ]
      },
      "id": "way/832455831"
    },
    {
      "type": "Feature",
      "properties": {
        "@id": "way/832455832",
        "cycleway:both": "no",
        "dual_carriageway": "yes",
        "highway": "primary",
        "lanes": "2",
        "lit": "yes",
        "maxspeed": "50",
        "name": "Haidestraße",
        "oneway": "yes",
        "ref": "B228",
        "sidewalk": "right",
        "surface": "asphalt"
      },
      "geometry": {
        "type": "LineString",
        "coordinates": [
          [
            16.4280915,
            48.1791365
          ],
          [
            16.4278372,
            48.1791986
          ]
        ]
      },
      "id": "way/832455832"
    },
    {
      "type": "Feature",
      "properties": {
        "@id": "way/832455833",
        "cycleway:both": "separate",
        "dual_carriageway": "yes",
        "highway": "primary",
        "lane_markings": "no",
        "lit": "yes",
        "maxspeed": "50",
        "name": "Haidestraße",
        "oneway": "yes",
        "ref": "B228",
        "sidewalk:left": "no",
        "sidewalk:right": "separate",
        "surface": "asphalt"
      },
      "geometry": {
        "type": "LineString",
        "coordinates": [
          [
            16.4281939,
            48.1790296
          ],
          [
            16.4284235,
            48.1789694
          ],
          [
            16.4292279,
            48.178761
          ]
        ]
      },
      "id": "way/832455833"
    },
    {
      "type": "Feature",
      "properties": {
        "@id": "way/832455834",
        "cycleway:both": "separate",
        "dual_carriageway": "yes",
        "highway": "primary",
        "lanes": "2",
        "lit": "yes",
        "maxspeed": "50",
        "name": "Haidestraße",
        "oneway": "yes",
        "ref": "B228",
        "sidewalk:left": "no",
        "sidewalk:right": "separate",
        "surface": "asphalt",
        "turn:lanes": "left|"
      },
      "geometry": {
        "type": "LineString",
        "coordinates": [
          [
            16.4274896,
            48.1791703
          ],
          [
            16.4277072,
            48.1791214
          ]
        ]
      },
      "id": "way/832455834"
    },
    {
      "type": "Feature",
      "properties": {
        "@id": "way/837963803",
        "bus": "yes",
        "cycleway:left": "no",
        "cycleway:right": "separate",
        "highway": "tertiary",
        "lanes": "2",
        "lit": "yes",
        "maxspeed": "30",
        "motor_vehicle:conditional": "no @ (Sa,Su,PH 00:00-24:00)",
        "name": "Stadionallee",
        "sidewalk": "separate",
        "smoothness": "good",
        "source:maxspeed": "sign",
        "surface": "asphalt"
      },
      "geometry": {
        "type": "LineString",
        "coordinates": [
          [
            16.4119117,
            48.1973075
          ],
          [
            16.4122978,
            48.197554
          ],
          [
            16.4128641,
            48.1979623
          ],
          [
            16.4132034,
            48.1982372
          ],
          [
            16.4135535,
            48.1985432
          ],
          [
            16.4138995,
            48.1988861
          ],
          [
            16.4140158,
            48.1990093
          ],
          [
            16.4140453,
            48.1990405
          ],
          [
            16.4140783,
            48.1990785
          ],
          [
            16.4141705,
            48.1991848
          ],
          [
            16.4143447,
            48.1993649
          ],
          [
            16.414673,
            48.1997945
          ],
          [
            16.4147968,
            48.1999946
          ],
          [
            16.4149039,
            48.2001676
          ]
        ]
      },
      "id": "way/837963803"
    },
    {
      "type": "Feature",
      "properties": {
        "@id": "way/842554705",
        "highway": "tertiary",
        "lanes": "1",
        "layer": "1",
        "lit": "yes",
        "maxspeed": "50",
        "name": "Franz-Grill-Straße",
        "oneway": "yes",
        "source": "http://www.gpl.at/de/menu26/projekte172/;local knowledge",
        "surface": "asphalt"
      },
      "geometry": {
        "type": "LineString",
        "coordinates": [
          [
            16.39762,
            48.1826342
          ],
          [
            16.3974354,
            48.1828117
          ],
          [
            16.397118,
            48.1831206
          ],
          [
            16.3967938,
            48.1834348
          ],
          [
            16.3966548,
            48.1835668
          ],
          [
            16.3964873,
            48.1837096
          ],
          [
            16.3963155,
            48.1838512
          ],
          [
            16.39596,
            48.1841173
          ],
          [
            16.3956125,
            48.1843588
          ],
          [
            16.3952319,
            48.1846045
          ],
          [
            16.3951267,
            48.1846955
          ],
          [
            16.3950925,
            48.1847409
          ],
          [
            16.3950744,
            48.1847843
          ],
          [
            16.3950637,
            48.1848276
          ],
          [
            16.3950619,
            48.1848428
          ],
          [
            16.3950636,
            48.1848595
          ]
        ]
      },
      "id": "way/842554705"
    },
    {
      "type": "Feature",
      "properties": {
        "@id": "way/864744595",
        "cycleway:both": "lane",
        "cycleway:both:lane": "advisory",
        "highway": "secondary",
        "lanes": "2",
        "lit": "yes",
        "maxspeed": "50",
        "name": "Landstraßer Hauptstraße",
        "sidewalk": "separate",
        "smoothness": "excellent",
        "surface": "asphalt"
      },
      "geometry": {
        "type": "LineString",
        "coordinates": [
          [
            16.3982213,
            48.1933785
          ],
          [
            16.3980547,
            48.1935649
          ]
        ]
      },
      "id": "way/864744595"
    },
    {
      "type": "Feature",
      "properties": {
        "@id": "way/884615665",
        "change:lanes": "no|not_right|no",
        "destination:country:lanes": "none|IT;SI;DE|CZ",
        "destination:lanes": "Zentrum;Erdberg|Zentrum;Erdberg;Graz;St.Pölten;St.Marx|Praha;Brno;Handelskai",
        "destination:ref:lanes": "B227|B227;A23;A2|A23;A22;A5;B14",
        "destination:symbol:lanes": "centre|none|none",
        "highway": "motorway",
        "int_ref": "E 58",
        "lanes": "3",
        "lit": "yes",
        "maxspeed": "80",
        "maxspeed:variable": "yes",
        "name": "Ost Autobahn",
        "oneway": "yes",
        "placement": "transition",
        "ref": "A4",
        "toll": "yes",
        "turn:lanes": "none|through;slight_right|right"
      },
      "geometry": {
        "type": "LineString",
        "coordinates": [
          [
            16.4201693,
            48.1913315
          ],
          [
            16.4199253,
            48.1914745
          ]
        ]
      },
      "id": "way/884615665"
    },
    {
      "type": "Feature",
      "properties": {
        "@id": "way/884615666",
        "carriageway_ref": "4",
        "change:lanes": "no|no",
        "destination:country:lanes": "I;SLO;D|CZ",
        "destination:lanes": "Graz;St.Pölten;St.Marx|Praha;Brno;Handelskai",
        "destination:ref:lanes": "A23;A2|A23;A22;A5;B14",
        "highway": "motorway_link",
        "junction:ref": "0",
        "lanes": "2",
        "maxspeed": "80",
        "oneway": "yes",
        "placement": "transition",
        "toll": "yes"
      },
      "geometry": {
        "type": "LineString",
        "coordinates": [
          [
            16.4197721,
            48.1915611
          ],
          [
            16.4197306,
            48.1916719
          ]
        ]
      },
      "id": "way/884615666"
    },
    {
      "type": "Feature",
      "properties": {
        "@id": "way/884615667",
        "destination": "Zentrum;Erdberg",
        "destination:ref": "B227",
        "destination:symbol": "centre",
        "highway": "motorway",
        "int_ref": "E 58",
        "lanes": "2",
        "lit": "yes",
        "maxspeed": "80",
        "maxspeed:variable": "yes",
        "name": "Ost Autobahn",
        "oneway": "yes",
        "ref": "A4",
        "toll": "yes"
      },
      "geometry": {
        "type": "LineString",
        "coordinates": [
          [
            16.4197721,
            48.1915611
          ],
          [
            16.4196598,
            48.1916261
          ]
        ]
      },
      "id": "way/884615667"
    },
    {
      "type": "Feature",
      "properties": {
        "@id": "way/885876131",
        "cycleway:both": "separate",
        "highway": "primary",
        "lane_markings": "no",
        "lit": "yes",
        "maxspeed": "50",
        "name": "Erdbergstraße",
        "ref": "B228",
        "sidewalk": "separate",
        "smoothness": "excellent",
        "surface": "asphalt"
      },
      "geometry": {
        "type": "LineString",
        "coordinates": [
          [
            16.4195039,
            48.187862
          ],
          [
            16.4204532,
            48.1872713
          ]
        ]
      },
      "id": "way/885876131"
    },
    {
      "type": "Feature",
      "properties": {
        "@id": "way/886407151",
        "admin_level": "9",
        "boundary": "administrative",
        "cycleway:both": "separate",
        "highway": "primary",
        "lanes": "2",
        "lit": "yes",
        "maxspeed": "50",
        "name": "Erdbergstraße",
        "ref": "B228",
        "sidewalk:left": "yes",
        "sidewalk:right": "separate",
        "surface": "asphalt"
      },
      "geometry": {
        "type": "LineString",
        "coordinates": [
          [
            16.4265941,
            48.185435
          ],
          [
            16.4268618,
            48.185382
          ]
        ]
      },
      "id": "way/886407151"
    },
    {
      "type": "Feature",
      "properties": {
        "@id": "way/886407161",
        "admin_level": "9",
        "boundary": "administrative",
        "cycleway:both": "separate",
        "highway": "primary",
        "lanes": "3",
        "lanes:backward": "2",
        "lanes:forward": "1",
        "lit": "yes",
        "maxspeed": "50",
        "name": "Erdbergstraße",
        "ref": "B228",
        "sidewalk:left": "yes",
        "sidewalk:right": "separate",
        "surface": "asphalt"
      },
      "geometry": {
        "type": "LineString",
        "coordinates": [
          [
            16.4289492,
            48.185363
          ],
          [
            16.4289692,
            48.1853794
          ],
          [
            16.4290476,
            48.1854476
          ],
          [
            16.4290713,
            48.1854682
          ],
          [
            16.4291152,
            48.1855052
          ]
        ]
      },
      "id": "way/886407161"
    },
    {
      "type": "Feature",
      "properties": {
        "@id": "way/886407179",
        "cycleway:both": "separate",
        "highway": "primary",
        "lanes": "2",
        "lit": "yes",
        "maxspeed": "50",
        "name": "1. Haidequerstraße",
        "ref": "B228",
        "sidewalk:left": "no",
        "sidewalk:right": "separate",
        "surface": "asphalt"
      },
      "geometry": {
        "type": "LineString",
        "coordinates": [
          [
            16.4311336,
            48.1854808
          ],
          [
            16.430867,
            48.1850647
          ]
        ]
      },
      "id": "way/886407179"
    },
    {
      "type": "Feature",
      "properties": {
        "@id": "way/886407184",
        "cycleway:left": "separate",
        "cycleway:right": "no",
        "highway": "tertiary",
        "lanes": "3",
        "lanes:backward": "2",
        "lanes:forward": "1",
        "lit": "yes",
        "maxspeed": "50",
        "name": "Lautenschlägergasse",
        "sidewalk:left": "separate",
        "sidewalk:right": "yes",
        "sidewalk:right:surface": "asphalt",
        "smoothness": "good",
        "source:maxspeed": "AT:urban",
        "surface": "asphalt",
        "turn:lanes:backward": "slight_left|through"
      },
      "geometry": {
        "type": "LineString",
        "coordinates": [
          [
            16.4260786,
            48.1777686
          ],
          [
            16.426321,
            48.1781183
          ]
        ]
      },
      "id": "way/886407184"
    },
    {
      "type": "Feature",
      "properties": {
        "@id": "way/887003140",
        "busway:right": "lane",
        "cycleway:right": "share_busway",
        "highway": "tertiary",
        "lanes": "3",
        "lit": "yes",
        "maxspeed": "30",
        "name": "Olympiaplatz",
        "oneway": "yes",
        "sidewalk": "right",
        "sidewalk:right:surface": "asphalt",
        "smoothness": "good",
        "source": "survey",
        "source:maxspeed": "AT:zone:30",
        "surface": "concrete"
      },
      "geometry": {
        "type": "LineString",
        "coordinates": [
          [
            16.4212946,
            48.2107123
          ],
          [
            16.4214902,
            48.2109583
          ]
        ]
      },
      "id": "way/887003140"
    },
    {
      "type": "Feature",
      "properties": {
        "@id": "way/887003145",
        "busway:right": "lane",
        "cycleway:right": "share_busway",
        "highway": "tertiary",
        "lane_markings": "no",
        "lit": "yes",
        "maxspeed": "30",
        "name": "Olympiaplatz",
        "oneway": "yes",
        "source": "survey",
        "source:maxspeed": "AT:zone:30",
        "surface": "asphalt"
      },
      "geometry": {
        "type": "LineString",
        "coordinates": [
          [
            16.4211945,
            48.2107573
          ],
          [
            16.421103,
            48.2105975
          ]
        ]
      },
      "id": "way/887003145"
    },
    {
      "type": "Feature",
      "properties": {
        "@id": "way/892244327",
        "highway": "primary_link",
        "lanes": "5",
        "lanes:backward": "3",
        "lanes:forward": "2",
        "lit": "yes",
        "maxspeed": "50",
        "oneway": "no",
        "sidewalk": "separate",
        "source:maxspeed": "AT:urban",
        "surface": "concrete"
      },
      "geometry": {
        "type": "LineString",
        "coordinates": [
          [
            16.3960015,
            48.1857264
          ],
          [
            16.3960301,
            48.1857632
          ],
          [
            16.3960499,
            48.1858129
          ],
          [
            16.3960574,
            48.1858387
          ],
          [
            16.3960649,
            48.1858683
          ]
        ]
      },
      "id": "way/892244327"
    },
    {
      "type": "Feature",
      "properties": {
        "@id": "way/894689760",
        "carriageway_ref": "221",
        "highway": "motorway_link",
        "lanes": "2",
        "maxspeed": "50",
        "oneway": "yes",
        "toll": "yes",
        "turn:lanes": "left|right"
      },
      "geometry": {
        "type": "LineString",
        "coordinates": [
          [
            16.3963186,
            48.1855331
          ],
          [
            16.3962597,
            48.185566
          ],
          [
            16.3962391,
            48.1855787
          ],
          [
            16.3962064,
            48.1855989
          ]
        ]
      },
      "id": "way/894689760"
    },
    {
      "type": "Feature",
      "properties": {
        "@id": "way/922020525",
        "admin_level": "9",
        "boundary": "administrative",
        "cycleway:both": "separate",
        "highway": "primary",
        "lanes": "2",
        "lit": "yes",
        "maxspeed": "50",
        "name": "Erdbergstraße",
        "ref": "B228",
        "sidewalk:left": "yes",
        "sidewalk:right": "separate",
        "smoothness": "excellent",
        "surface": "asphalt"
      },
      "geometry": {
        "type": "LineString",
        "coordinates": [
          [
            16.4236347,
            48.1860848
          ],
          [
            16.4249614,
            48.1857835
          ],
          [
            16.4250524,
            48.185765
          ],
          [
            16.4261097,
            48.1855342
          ]
        ]
      },
      "id": "way/922020525"
    },
    {
      "type": "Feature",
      "properties": {
        "@id": "way/926559896",
        "cycleway:left": "no",
        "cycleway:right": "lane",
        "cycleway:right:lane": "advisory",
        "highway": "primary",
        "lanes": "1",
        "lit": "yes",
        "maxspeed": "50",
        "name": "Simmeringer Hauptstraße",
        "oneway": "no",
        "sidewalk:both": "separate",
        "smoothness": "good",
        "source:maxspeed": "AT:urban",
        "surface": "asphalt"
      },
      "geometry": {
        "type": "LineString",
        "coordinates": [
          [
            16.4109293,
            48.1793443
          ],
          [
            16.4114637,
            48.1788774
          ],
          [
            16.41248,
            48.1780189
          ]
        ]
      },
      "id": "way/926559896"
    },
    {
      "type": "Feature",
      "properties": {
        "@id": "way/956331035",
        "cycleway": "track",
        "highway": "tertiary",
        "lanes": "4",
        "lanes:backward": "3",
        "lanes:forward": "1",
        "lit": "yes",
        "maxspeed": "30",
        "name": "Wehlistraße",
        "sidewalk:both": "separate",
        "source:maxspeed": "AT:zone:30",
        "surface": "asphalt",
        "turn:lanes:backward": "left|through|right"
      },
      "geometry": {
        "type": "LineString",
        "coordinates": [
          [
            16.4342134,
            48.2034064
          ],
          [
            16.4341205,
            48.2034776
          ],
          [
            16.4339846,
            48.2035727
          ]
        ]
      },
      "id": "way/956331035"
    },
    {
      "type": "Feature",
      "properties": {
        "@id": "way/956331036",
        "cycleway": "track",
        "highway": "tertiary",
        "lanes": "3",
        "lanes:backward": "2",
        "lanes:forward": "1",
        "lit": "yes",
        "maxspeed": "30",
        "name": "Wehlistraße",
        "sidewalk:both": "separate",
        "sidewalk:both:surface": "asphalt",
        "smoothness": "excellent",
        "source:maxspeed": "AT:zone:30",
        "surface": "asphalt",
        "turn:lanes:backward": "|right"
      },
      "geometry": {
        "type": "LineString",
        "coordinates": [
          [
            16.4336377,
            48.2038344
          ],
          [
            16.4333025,
            48.2040836
          ],
          [
            16.4332512,
            48.2041204
          ]
        ]
      },
      "id": "way/956331036"
    },
    {
      "type": "Feature",
      "properties": {
        "@id": "way/956331325",
        "cycleway": "track",
        "highway": "tertiary",
        "lanes": "4",
        "lanes:backward": "2",
        "lanes:forward": "2",
        "lit": "yes",
        "maxspeed": "30",
        "name": "Wehlistraße",
        "sidewalk:both": "separate",
        "sidewalk:both:surface": "asphalt",
        "smoothness": "excellent",
        "source:maxspeed": "AT:zone:30",
        "surface": "asphalt",
        "turn:lanes:backward": "through|right",
        "turn:lanes:forward": "left|"
      },
      "geometry": {
        "type": "LineString",
        "coordinates": [
          [
            16.4338444,
            48.2036808
          ],
          [
            16.4336872,
            48.2037976
          ],
          [
            16.4336377,
            48.2038344
          ]
        ]
      },
      "id": "way/956331325"
    },
    {
      "type": "Feature",
      "properties": {
        "@id": "way/961074317",
        "highway": "motorway",
        "int_ref": "E 58",
        "lanes": "2",
        "lit": "yes",
        "maxheight": "default",
        "maxspeed": "70",
        "name": "Ost Autobahn",
        "official_ref": "A41",
        "oneway": "yes",
        "ref": "A4",
        "toll": "yes",
        "turn:lanes": "none|merge_to_left"
      },
      "geometry": {
        "type": "LineString",
        "coordinates": [
          [
            16.4151309,
            48.1931455
          ],
          [
            16.4159319,
            48.1926698
          ]
        ]
      },
      "id": "way/961074317"
    },
    {
      "type": "Feature",
      "properties": {
        "@id": "way/961074318",
        "cycleway:both": "no",
        "highway": "motorway",
        "int_ref": "E 58",
        "lanes": "2",
        "lit": "yes",
        "maxheight": "default",
        "maxspeed": "80",
        "maxspeed:variable": "yes",
        "name": "Ost Autobahn",
        "official_ref": "A41",
        "oneway": "yes",
        "ref": "A4",
        "toll": "yes"
      },
      "geometry": {
        "type": "LineString",
        "coordinates": [
          [
            16.4168174,
            48.1932772
          ],
          [
            16.4148336,
            48.1944591
          ]
        ]
      },
      "id": "way/961074318"
    },
    {
      "type": "Feature",
      "properties": {
        "@id": "way/961074319",
        "carriageway_ref": "34",
        "cycleway:both": "no",
        "destination": "Zentrum;Erdberg",
        "destination:ref": "B227",
        "destination:symbol": "centre",
        "highway": "motorway_link",
        "junction:ref": "105",
        "lanes": "1",
        "lit": "yes",
        "maxspeed": "80",
        "oneway": "yes",
        "toll": "yes"
      },
      "geometry": {
        "type": "LineString",
        "coordinates": [
          [
            16.4193756,
            48.1952617
          ],
          [
            16.4193209,
            48.1952301
          ],
          [
            16.4192529,
            48.1951964
          ],
          [
            16.4190482,
            48.1951153
          ],
          [
            16.4188241,
            48.1950437
          ],
          [
            16.4186016,
            48.194985
          ],
          [
            16.4183354,
            48.1949354
          ],
          [
            16.4181354,
            48.1949089
          ],
          [
            16.4178554,
            48.1948904
          ],
          [
            16.4168147,
            48.1948654
          ]
        ]
      },
      "id": "way/961074319"
    },
    {
      "type": "Feature",
      "properties": {
        "@id": "way/963302838",
        "admin_level": "9",
        "boundary": "administrative",
        "cycleway:both": "separate",
        "destination:forward": "Simmering",
        "destination:ref:forward": "B228",
        "highway": "primary",
        "lanes": "2",
        "lit": "yes",
        "maxspeed": "50",
        "name": "Erdbergstraße",
        "ref": "B228",
        "sidewalk:left": "no",
        "sidewalk:right": "separate",
        "surface": "asphalt"
      },
      "geometry": {
        "type": "LineString",
        "coordinates": [
          [
            16.4299342,
            48.1860073
          ],
          [
            16.4300865,
            48.1860161
          ],
          [
            16.4301093,
            48.1860147
          ],
          [
            16.4302726,
            48.186005
          ],
          [
            16.4304535,
            48.1859682
          ],
          [
            16.4306566,
            48.1859059
          ],
          [
            16.4307803,
            48.185872
          ]
        ]
      },
      "id": "way/963302838"
    },
    {
      "type": "Feature",
      "properties": {
        "@id": "way/966265208",
        "cycleway:left": "lane",
        "cycleway:left:lane": "advisory",
        "cycleway:right": "no",
        "embedded_rails": "tram",
        "highway": "tertiary",
        "lanes": "3",
        "lanes:backward": "1",
        "lanes:forward": "2",
        "lit": "yes",
        "maxspeed": "30",
        "name": "Leberstraße",
        "oneway": "no",
        "sidewalk": "left",
        "sidewalk:left:surface": "asphalt",
        "smoothness": "good",
        "source:maxspeed": "AT:zone:30",
        "surface": "asphalt"
      },
      "geometry": {
        "type": "LineString",
        "coordinates": [
          [
            16.3996572,
            48.1875816
          ],
          [
            16.3995711,
            48.1876335
          ],
          [
            16.3993625,
            48.1877501
          ]
        ]
      },
      "id": "way/966265208"
    },
    {
      "type": "Feature",
      "properties": {
        "@id": "way/981637313",
        "cycleway:left": "no",
        "cycleway:right": "separate",
        "dual_carriageway": "yes",
        "highway": "primary",
        "lanes": "1",
        "lit": "yes",
        "maxspeed": "50",
        "name": "Landstraßer Hauptstraße",
        "oneway": "yes",
        "parking:both": "no",
        "ref": "B221",
        "source:maxspeed": "AT:urban",
        "surface": "asphalt"
      },
      "geometry": {
        "type": "LineString",
        "coordinates": [
          [
            16.3993569,
            48.1885739
          ],
          [
            16.3991895,
            48.1884038
          ],
          [
            16.3991028,
            48.1883317
          ]
        ]
      },
      "id": "way/981637313"
    },
    {
      "type": "Feature",
      "properties": {
        "@id": "way/981637314",
        "cycleway:left": "no",
        "cycleway:right": "lane",
        "cycleway:right:lane": "advisory",
        "dual_carriageway": "yes",
        "highway": "primary",
        "lanes": "1",
        "lit": "yes",
        "maxspeed": "50",
        "name": "Landstraßer Hauptstraße",
        "oneway": "yes",
        "parking:both": "no",
        "ref": "B221",
        "source:maxspeed": "AT:urban",
        "surface": "asphalt"
      },
      "geometry": {
        "type": "LineString",
        "coordinates": [
          [
            16.3996385,
            48.1888979
          ],
          [
            16.3995908,
            48.1888416
          ],
          [
            16.3995105,
            48.1887497
          ]
        ]
      },
      "id": "way/981637314"
    },
    {
      "type": "Feature",
      "properties": {
        "@id": "way/988839130",
        "cycleway:both": "no",
        "embedded_rails": "tram",
        "highway": "tertiary",
        "lanes": "2",
        "lit": "yes",
        "maxspeed": "50",
        "name": "Erdbergstraße",
        "sidewalk": "both",
        "smoothness": "good",
        "source:maxspeed": "AT:urban",
        "surface": "asphalt"
      },
      "geometry": {
        "type": "LineString",
        "coordinates": [
          [
            16.4070952,
            48.1959532
          ],
          [
            16.4073799,
            48.1957212
          ],
          [
            16.4075495,
            48.1955822
          ]
        ]
      },
      "id": "way/988839130"
    },
    {
      "type": "Feature",
      "properties": {
        "@id": "way/991807345",
        "cycleway": "track",
        "highway": "tertiary",
        "lanes": "3",
        "lanes:backward": "2",
        "lanes:forward": "1",
        "lit": "yes",
        "maxspeed": "30",
        "name": "Wehlistraße",
        "smoothness": "excellent",
        "source:maxspeed": "AT:zone:30",
        "surface": "asphalt",
        "turn": "through",
        "turn:lanes:backward": "left|through"
      },
      "geometry": {
        "type": "LineString",
        "coordinates": [
          [
            16.4342797,
            48.2033571
          ],
          [
            16.4342134,
            48.2034064
          ]
        ]
      },
      "id": "way/991807345"
    },
    {
      "type": "Feature",
      "properties": {
        "@id": "way/991807346",
        "cycleway": "track",
        "highway": "tertiary",
        "lanes": "4",
        "lanes:backward": "3",
        "lanes:forward": "1",
        "lit": "yes",
        "maxspeed": "30",
        "name": "Wehlistraße",
        "sidewalk:both": "separate",
        "source:maxspeed": "AT:zone:30",
        "surface": "asphalt",
        "turn:lanes:backward": "left|through|right"
      },
      "geometry": {
        "type": "LineString",
        "coordinates": [
          [
            16.4339846,
            48.2035727
          ],
          [
            16.4338444,
            48.2036808
          ]
        ]
      },
      "id": "way/991807346"
    },
    {
      "type": "Feature",
      "properties": {
        "@id": "way/996491375",
        "cycleway:both": "no",
        "highway": "tertiary",
        "lane_markings": "no",
        "lit": "yes",
        "maxspeed": "50",
        "maxspeed:conditional": "30 @ (Mo-Sa 07:00-09:00, 12:00-16:00; PH off; SH off)",
        "name": "Erdbergstraße",
        "sidewalk:both:surface": "paving_stones",
        "sidewalk:left": "yes",
        "sidewalk:right": "separate",
        "smoothness": "good",
        "source:maxspeed": "AT:urban",
        "surface": "asphalt"
      },
      "geometry": {
        "type": "LineString",
        "coordinates": [
          [
            16.3977258,
            48.2007756
          ],
          [
            16.3980517,
            48.20053
          ]
        ]
      },
      "id": "way/996491375"
    },
    {
      "type": "Feature",
      "properties": {
        "@id": "way/1016875760",
        "cycleway:both": "separate",
        "highway": "tertiary",
        "lanes": "3",
        "lanes:backward": "1",
        "lanes:forward": "2",
        "lit": "yes",
        "maxspeed": "30",
        "name": "Wehlistraße",
        "sidewalk:both": "separate",
        "sidewalk:both:surface": "asphalt",
        "smoothness": "excellent",
        "source:maxspeed": "AT:zone:30",
        "surface": "asphalt"
      },
      "geometry": {
        "type": "LineString",
        "coordinates": [
          [
            16.4319113,
            48.2050799
          ],
          [
            16.4314617,
            48.2053996
          ],
          [
            16.4313119,
            48.2055113
          ]
        ]
      },
      "id": "way/1016875760"
    },
    {
      "type": "Feature",
      "properties": {
        "@id": "way/1016876399",
        "cycleway": "track",
        "highway": "tertiary",
        "lanes": "2",
        "lit": "yes",
        "maxheight": "default",
        "maxspeed": "30",
        "name": "Wehlistraße",
        "sidewalk:both": "separate",
        "sidewalk:both:surface": "asphalt",
        "smoothness": "excellent",
        "source:maxspeed": "AT:zone:30",
        "surface": "asphalt"
      },
      "geometry": {
        "type": "LineString",
        "coordinates": [
          [
            16.4332512,
            48.2041204
          ],
          [
            16.4329803,
            48.2043147
          ]
        ]
      },
      "id": "way/1016876399"
    },
    {
      "type": "Feature",
      "properties": {
        "@id": "way/1076823020",
        "admin_level": "9",
        "boundary": "administrative",
        "cycleway:both": "separate",
        "highway": "primary",
        "lane_markings": "no",
        "lit": "yes",
        "maxspeed": "50",
        "name": "Erdbergstraße",
        "ref": "B228",
        "sidewalk": "separate",
        "smoothness": "good",
        "surface": "asphalt"
      },
      "geometry": {
        "type": "LineString",
        "coordinates": [
          [
            16.4204532,
            48.1872713
          ],
          [
            16.4208804,
            48.1870102
          ],
          [
            16.4210471,
            48.1869115
          ],
          [
            16.4211849,
            48.1868421
          ],
          [
            16.4213706,
            48.1867528
          ],
          [
            16.4215654,
            48.1866623
          ]
        ]
      },
      "id": "way/1076823020"
    },
    {
      "type": "Feature",
      "properties": {
        "@id": "way/1078867874",
        "cycleway:both": "no",
        "highway": "primary",
        "lanes": "1",
        "lit": "yes",
        "maxspeed": "50",
        "name": "Simmeringer Hauptstraße",
        "note": "(drawn-on \"advisory\" bikelanes from Simmeringer Bhf to Zipperstraße U3)",
        "oneway": "no",
        "sidewalk:both": "separate",
        "smoothness": "excellent",
        "source:maxspeed": "AT:urban",
        "surface": "asphalt"
      },
      "geometry": {
        "type": "LineString",
        "coordinates": [
          [
            16.41058,
            48.1796546
          ],
          [
            16.4109293,
            48.1793443
          ]
        ]
      },
      "id": "way/1078867874"
    },
    {
      "type": "Feature",
      "properties": {
        "@id": "way/1081703299",
        "cycleway:both": "no",
        "dual_carriageway": "yes",
        "highway": "primary",
        "lanes": "3",
        "lit": "yes",
        "maxspeed": "50",
        "name": "Franzosengraben",
        "oneway": "yes",
        "ref": "B228",
        "sidewalk:left": "no",
        "sidewalk:right": "separate",
        "smoothness": "good",
        "source:maxspeed": "AT:urban",
        "surface": "asphalt",
        "turn:lanes": "through|through|right"
      },
      "geometry": {
        "type": "LineString",
        "coordinates": [
          [
            16.4138036,
            48.1877947
          ],
          [
            16.4136925,
            48.1876385
          ]
        ]
      },
      "id": "way/1081703299"
    },
    {
      "type": "Feature",
      "properties": {
        "@id": "way/1082125209",
        "highway": "primary",
        "lanes": "1",
        "lit": "yes",
        "maxspeed": "30",
        "name": "Erdberger Lände",
        "oneway": "yes",
        "ref": "B227",
        "smoothness": "good",
        "source:maxspeed": "AT:zone:30",
        "surface": "concrete"
      },
      "geometry": {
        "type": "LineString",
        "coordinates": [
          [
            16.4082936,
            48.1984033
          ],
          [
            16.4084071,
            48.1982581
          ]
        ]
      },
      "id": "way/1082125209"
    },
    {
      "type": "Feature",
      "properties": {
        "@id": "way/1082129922",
        "cycleway:both": "no",
        "highway": "primary",
        "lanes": "4",
        "lit": "yes",
        "maxspeed": "50",
        "name": "Schüttelstraße",
        "oneway": "yes",
        "ref": "B227",
        "smoothness": "good",
        "surface": "asphalt",
        "turn:lanes": "left|through|through|through;right"
      },
      "geometry": {
        "type": "LineString",
        "coordinates": [
          [
            16.3982278,
            48.2051554
          ],
          [
            16.3981549,
            48.2053171
          ],
          [
            16.3980814,
            48.2055642
          ]
        ]
      },
      "id": "way/1082129922"
    },
    {
      "type": "Feature",
      "properties": {
        "@id": "way/1082256566",
        "cycleway:both": "no",
        "foot": "use_sidepath",
        "highway": "primary",
        "lanes": "5",
        "lanes:backward": "2",
        "lanes:forward": "3",
        "lit": "yes",
        "maxspeed": "50",
        "name": "Handelskai",
        "ref": "B14",
        "source:maxspeed": "AT:urban",
        "surface": "asphalt",
        "tunnel": "building_passage",
        "turn:lanes:forward": "none|none|right"
      },
      "geometry": {
        "type": "LineString",
        "coordinates": [
          [
            16.4305448,
            48.2070654
          ],
          [
            16.4312255,
            48.206584
          ]
        ]
      },
      "id": "way/1082256566"
    },
    {
      "type": "Feature",
      "properties": {
        "@id": "way/1105995378",
        "cycleway:both": "no",
        "highway": "tertiary",
        "lanes": "2",
        "lit": "yes",
        "maxspeed": "50",
        "name": "Lindenbauergasse",
        "sidewalk": "both",
        "sidewalk:both:surface": "paving_stones",
        "smoothness": "good",
        "source:maxspeed": "AT:urban",
        "surface": "asphalt"
      },
      "geometry": {
        "type": "LineString",
        "coordinates": [
          [
            16.4259219,
            48.1766571
          ],
          [
            16.4259273,
            48.176459
          ],
          [
            16.4259948,
            48.1762321
          ]
        ]
      },
      "id": "way/1105995378"
    },
    {
      "type": "Feature",
      "properties": {
        "@id": "way/1111816611",
        "highway": "tertiary",
        "lanes": "2",
        "lit": "yes",
        "maxspeed": "50",
        "maxspeed:type": "sign",
        "name": "Leberstraße",
        "oneway": "no",
        "surface": "asphalt"
      },
      "geometry": {
        "type": "LineString",
        "coordinates": [
          [
            16.4044786,
            48.1829802
          ],
          [
            16.4039657,
            48.1835323
          ]
        ]
      },
      "id": "way/1111816611"
    },
    {
      "type": "Feature",
      "properties": {
        "@id": "way/1111816612",
        "highway": "tertiary",
        "lanes": "2",
        "lit": "yes",
        "maxspeed": "50",
        "maxspeed:type": "sign",
        "name": "Leberstraße",
        "oneway": "no",
        "surface": "asphalt"
      },
      "geometry": {
        "type": "LineString",
        "coordinates": [
          [
            16.4039657,
            48.1835323
          ],
          [
            16.403727,
            48.1837841
          ],
          [
            16.4034959,
            48.1840284
          ],
          [
            16.4030472,
            48.1845033
          ],
          [
            16.4025572,
            48.1849976
          ]
        ]
      },
      "id": "way/1111816612"
    },
    {
      "type": "Feature",
      "properties": {
        "@id": "way/1144506960",
        "bridge": "yes",
        "carriageway_ref": "30",
        "cycleway:both": "no",
        "destination": "St.Marx",
        "destination:ref": "B228",
        "destination:symbol": "park_and_ride",
        "highway": "motorway_link",
        "lanes": "1",
        "layer": "2",
        "lit": "yes",
        "maxspeed:hgv:conditional": "60 @ (weight>7.5)",
        "maxspeed:variable": "peak_traffic",
        "oneway": "yes",
        "placement": "transition",
        "toll": "yes"
      },
      "geometry": {
        "type": "LineString",
        "coordinates": [
          [
            16.4113645,
            48.1896417
          ],
          [
            16.411124,
            48.1896076
          ]
        ]
      },
      "id": "way/1144506960"
    },
    {
      "type": "Feature",
      "properties": {
        "@id": "way/1180939697",
        "cycleway:right": "no",
        "destination": "Praha;Brno;Gänserndorf",
        "destination:ref": "A23;A22;A5;8",
        "dual_carriageway": "yes",
        "highway": "primary",
        "lane_markings": "no",
        "lanes": "2",
        "lit": "yes",
        "maxspeed": "50",
        "noname": "yes",
        "oneway": "yes",
        "sidewalk": "right",
        "source:maxspeed": "AT:urban",
        "surface": "concrete:plates"
      },
      "geometry": {
        "type": "LineString",
        "coordinates": [
          [
            16.4350599,
            48.2039167
          ],
          [
            16.4349325,
            48.2038394
          ],
          [
            16.4347813,
            48.2037484
          ]
        ]
      },
      "id": "way/1180939697"
    },
    {
      "type": "Feature",
      "properties": {
        "@id": "way/1199453957",
        "cycleway:both": "lane",
        "cycleway:both:lane": "advisory",
        "highway": "secondary",
        "lanes": "2",
        "lit": "yes",
        "maxspeed": "50",
        "name": "Landstraßer Hauptstraße",
        "parking:left": "lane",
        "parking:left:orientation": "diagonal",
        "parking:right": "no",
        "sidewalk": "both",
        "smoothness": "good",
        "surface": "asphalt"
      },
      "geometry": {
        "type": "LineString",
        "coordinates": [
          [
            16.39883,
            48.1927213
          ],
          [
            16.3987428,
            48.1928099
          ],
          [
            16.3986807,
            48.1928731
          ]
        ]
      },
      "id": "way/1199453957"
    },
    {
      "type": "Feature",
      "properties": {
        "@id": "way/1204131978",
        "cycleway:both": "no",
        "highway": "tertiary",
        "lanes": "3",
        "lit": "yes",
        "maxspeed": "50",
        "name": "Döblerhofstraße",
        "oneway": "yes",
        "parking:left": "no",
        "parking:right": "on_kerb",
        "parking:right:orientation": "parallel",
        "sidewalk:left": "no",
        "sidewalk:right": "separate",
        "smoothness": "good",
        "surface": "asphalt",
        "turn:lanes": "through|through|right"
      },
      "geometry": {
        "type": "LineString",
        "coordinates": [
          [
            16.4145378,
            48.185623
          ],
          [
            16.4139744,
            48.1857276
          ]
        ]
      },
      "id": "way/1204131978"
    },
    {
      "type": "Feature",
      "properties": {
        "@id": "way/1204131979",
        "cycleway:both": "no",
        "highway": "tertiary",
        "lanes": "3",
        "lit": "yes",
        "maxspeed": "50",
        "name": "Döblerhofstraße",
        "oneway": "yes",
        "parking:both": "no",
        "sidewalk:left": "no",
        "sidewalk:right": "separate",
        "smoothness": "good",
        "surface": "asphalt",
        "turn:lanes": "through|through|right"
      },
      "geometry": {
        "type": "LineString",
        "coordinates": [
          [
            16.4139744,
            48.1857276
          ],
          [
            16.4137175,
            48.1857753
          ]
        ]
      },
      "id": "way/1204131979"
    },
    {
      "type": "Feature",
      "properties": {
        "@id": "way/1212031560",
        "cycleway:both": "no",
        "dual_carriageway": "yes",
        "highway": "primary",
        "lanes": "2",
        "lit": "yes",
        "maxspeed": "50",
        "name": "Franzosengraben",
        "oneway": "yes",
        "ref": "B228",
        "sidewalk": "separate",
        "smoothness": "good",
        "source:maxspeed": "AT:urban",
        "surface": "asphalt",
        "turn:lanes": "left|right"
      },
      "geometry": {
        "type": "LineString",
        "coordinates": [
          [
            16.4152373,
            48.1889259
          ],
          [
            16.4153653,
            48.1890316
          ],
          [
            16.416166,
            48.1896922
          ],
          [
            16.4161881,
            48.1897105
          ]
        ]
      },
      "id": "way/1212031560"
    },
    {
      "type": "Feature",
      "properties": {
        "@id": "way/1212031561",
        "cycleway:both": "separate",
        "highway": "primary",
        "lanes": "3",
        "lanes:backward": "2",
        "lanes:forward": "1",
        "lit": "yes",
        "maxheight": "default",
        "maxspeed": "50",
        "name": "Erdbergstraße",
        "ref": "B228",
        "sidewalk": "separate",
        "smoothness": "good",
        "surface": "asphalt",
        "turn:lanes:backward": "left|through"
      },
      "geometry": {
        "type": "LineString",
        "coordinates": [
          [
            16.4164949,
            48.189712
          ],
          [
            16.4171011,
            48.1893408
          ]
        ]
      },
      "id": "way/1212031561"
    },
    {
      "type": "Feature",
      "properties": {
        "@id": "way/1212031564",
        "cycleway:both": "lane",
        "cycleway:both:lane": "advisory",
        "highway": "tertiary",
        "lanes": "3",
        "lanes:backward": "2",
        "lanes:forward": "1",
        "lit": "yes",
        "maxspeed": "50",
        "name": "Erdbergstraße",
        "sidewalk": "separate",
        "smoothness": "good",
        "source:maxspeed": "AT:urban",
        "surface": "concrete",
        "turn:lanes:backward": "through|right"
      },
      "geometry": {
        "type": "LineString",
        "coordinates": [
          [
            16.4089127,
            48.1945471
          ],
          [
            16.4089759,
            48.1944976
          ]
        ]
      },
      "id": "way/1212031564"
    },
    {
      "type": "Feature",
      "properties": {
        "@id": "way/1217915040",
        "bridge": "yes",
        "carriageway_ref": "20",
        "highway": "motorway_link",
        "lanes": "1",
        "layer": "3",
        "maxspeed": "80",
        "oneway": "yes",
        "placement": "transition",
        "toll": "yes"
      },
      "geometry": {
        "type": "LineString",
        "coordinates": [
          [
            16.4008309,
            48.1812341
          ],
          [
            16.400485,
            48.1814209
          ],
          [
            16.4003473,
            48.1815017
          ],
          [
            16.4002251,
            48.1815804
          ]
        ]
      },
      "id": "way/1217915040"
    },
    {
      "type": "Feature",
      "properties": {
        "@id": "way/1217915041",
        "carriageway_ref": "22",
        "destination": "Graz;Linz;Favoriten",
        "destination:country": "SLO;I;D",
        "destination:ref": "A23;A2;A21;A1;B16",
        "highway": "motorway_link",
        "lanes": "1",
        "oneway": "yes",
        "placement": "transition",
        "toll": "yes"
      },
      "geometry": {
        "type": "LineString",
        "coordinates": [
          [
            16.3997163,
            48.1815959
          ],
          [
            16.3997225,
            48.1814882
          ]
        ]
      },
      "id": "way/1217915041"
    },
    {
      "type": "Feature",
      "properties": {
        "@id": "way/1217915042",
        "carriageway_ref": "21",
        "destination": "Praha;Brno;Gänserndorf",
        "destination:country": "CZ",
        "destination:ref": "A23;A22;S1;A5;B8",
        "highway": "motorway_link",
        "lanes": "1",
        "maxheight": "default",
        "oneway": "yes",
        "placement": "transition",
        "toll": "yes"
      },
      "geometry": {
        "type": "LineString",
        "coordinates": [
          [
            16.4004066,
            48.1809864
          ],
          [
            16.4005191,
            48.1809264
          ]
        ]
      },
      "id": "way/1217915042"
    },
    {
      "type": "Feature",
      "properties": {
        "@id": "way/1217915043",
        "bridge": "yes",
        "carriageway_ref": "23",
        "destination": "Gürtel;Landstr. Hptstr.;Hauptbahnhof",
        "destination:ref": "B221",
        "highway": "motorway_link",
        "lanes": "2",
        "layer": "2",
        "maxspeed": "80",
        "maxspeed:hgv:conditional": "60 @ (weight>7.5)",
        "maxspeed:variable": "peak_traffic",
        "oneway": "yes",
        "placement": "transition",
        "toll": "yes"
      },
      "geometry": {
        "type": "LineString",
        "coordinates": [
          [
            16.4036871,
            48.1820777
          ],
          [
            16.4035454,
            48.1820343
          ]
        ]
      },
      "id": "way/1217915043"
    },
    {
      "type": "Feature",
      "properties": {
        "@id": "way/1217915044",
        "carriageway_ref": "20",
        "highway": "motorway_link",
        "lanes": "1",
        "maxspeed": "80",
        "oneway": "yes",
        "placement": "transition",
        "surface": "concrete",
        "toll": "yes"
      },
      "geometry": {
        "type": "LineString",
        "coordinates": [
          [
            16.399568,
            48.1821723
          ],
          [
            16.3994203,
            48.1822467
          ]
        ]
      },
      "id": "way/1217915044"
    },
    {
      "type": "Feature",
      "properties": {
        "@id": "way/1217915045",
        "bridge": "yes",
        "carriageway_ref": "21",
        "highway": "motorway_link",
        "lanes": "1",
        "layer": "2",
        "oneway": "yes",
        "placement": "transition",
        "toll": "yes"
      },
      "geometry": {
        "type": "LineString",
        "coordinates": [
          [
            16.4039176,
            48.1821599
          ],
          [
            16.4040447,
            48.1822573
          ]
        ]
      },
      "id": "way/1217915045"
    },
    {
      "type": "Feature",
      "properties": {
        "@id": "way/1217915046",
        "bridge": "yes",
        "change:lanes": "yes|yes|not_right|not_left|yes",
        "cycleway:both": "no",
        "destination:country:lanes": "IT;SI;DE|IT;SI;DE|IT;SI;DE|none|none",
        "hgv:lanes:conditional": "no|yes|yes|yes|yes @ (weight>7.5)",
        "highway": "motorway",
        "int_ref": "E 59",
        "lanes": "5",
        "layer": "2",
        "maxspeed": "80",
        "maxspeed:hgv:conditional": "60 @ (weight>7.5)",
        "maxspeed:variable": "peak_traffic",
        "name": "Hochstraße St. Marx",
        "oneway": "yes",
        "placement": "middle_of:2",
        "ref": "A23",
        "toll": "yes",
        "turn:lanes": "none|none|through|slight_right|slight_right"
      },
      "geometry": {
        "type": "LineString",
        "coordinates": [
          [
            16.4037387,
            48.1822127
          ],
          [
            16.4036871,
            48.1820777
          ]
        ]
      },
      "id": "way/1217915046"
    },
    {
      "type": "Feature",
      "properties": {
        "@id": "way/1217915047",
        "bridge": "yes",
        "carriageway_ref": "33",
        "highway": "motorway_link",
        "lanes": "1",
        "layer": "1",
        "maxspeed": "80",
        "oneway": "yes",
        "placement": "transition",
        "toll": "yes"
      },
      "geometry": {
        "type": "LineString",
        "coordinates": [
          [
            16.4049352,
            48.1849631
          ],
          [
            16.4049989,
            48.1848371
          ]
        ]
      },
      "id": "way/1217915047"
    },
    {
      "type": "Feature",
      "properties": {
        "@id": "way/1217915048",
        "bridge": "yes",
        "change:lanes": "yes|yes|yes|not_right|no",
        "cycleway:both": "no",
        "destination:country:lanes": "IT;SI;DE|IT;SI;DE|IT;SI;DE|none|none",
        "hgv:lanes:conditional": "no|yes|yes|yes|yes @ (weight>7.5)",
        "highway": "motorway",
        "int_ref": "E 59",
        "lanes": "5",
        "layer": "1",
        "maxspeed": "80",
        "maxspeed:hgv:conditional": "60 @ (weight>7.5)",
        "maxspeed:variable": "peak_traffic",
        "name": "Hochstraße St. Marx",
        "oneway": "yes",
        "ref": "A23",
        "toll": "yes"
      },
      "geometry": {
        "type": "LineString",
        "coordinates": [
          [
            16.4049989,
            48.1848371
          ],
          [
            16.404881,
            48.1846557
          ]
        ]
      },
      "id": "way/1217915048"
    },
    {
      "type": "Feature",
      "properties": {
        "@id": "way/1217915049",
        "bridge": "yes",
        "cycleway:both": "no",
        "destination:country:lanes": "IT;SI;DE|IT;SI;DE|IT;SI;DE|none|none",
        "hgv:lanes:conditional": "no|yes|yes|yes|yes @ (weight>7.5)",
        "highway": "motorway",
        "int_ref": "E 59",
        "lanes": "5",
        "layer": "1",
        "maxspeed": "80",
        "maxspeed:hgv:conditional": "60 @ (weight>7.5)",
        "maxspeed:variable": "peak_traffic",
        "name": "Hochstraße St. Marx",
        "oneway": "yes",
        "ref": "A23",
        "toll": "yes"
      },
      "geometry": {
        "type": "LineString",
        "coordinates": [
          [
            16.404881,
            48.1846557
          ],
          [
            16.4047445,
            48.1844363
          ]
        ]
      },
      "id": "way/1217915049"
    },
    {
      "type": "Feature",
      "properties": {
        "@id": "way/1246120800",
        "highway": "motorway_link",
        "lanes": "2",
        "maxspeed": "50",
        "oneway": "yes"
      },
      "geometry": {
        "type": "LineString",
        "coordinates": [
          [
            16.3962064,
            48.1855989
          ],
          [
            16.3961673,
            48.1856255
          ],
          [
            16.3961443,
            48.1856411
          ],
          [
            16.3961097,
            48.1856988
          ],
          [
            16.3960933,
            48.1857607
          ],
          [
            16.3960798,
            48.185812
          ],
          [
            16.3960729,
            48.1858382
          ],
          [
            16.3960649,
            48.1858683
          ]
        ]
      },
      "id": "way/1246120800"
    },
    {
      "type": "Feature",
      "properties": {
        "@id": "way/1271703214",
        "cycleway:right": "no",
        "dual_carriageway": "yes",
        "highway": "primary",
        "lanes": "2",
        "lit": "yes",
        "maxspeed": "50",
        "name": "Rennweg",
        "oneway": "yes",
        "parking:left": "no",
        "parking:right": "lane",
        "parking:right:orientation": "parallel",
        "sidewalk:left": "no",
        "sidewalk:right": "separate",
        "smoothness": "intermediate",
        "source:maxspeed": "AT:urban",
        "surface": "asphalt"
      },
      "geometry": {
        "type": "LineString",
        "coordinates": [
          [
            16.402327,
            48.1865945
          ],
          [
            16.4029766,
            48.1860304
          ]
        ]
      },
      "id": "way/1271703214"
    },
    {
      "type": "Feature",
      "properties": {
        "@id": "way/1282030471",
        "bridge": "yes",
        "cycleway:both": "no",
        "destination:lanes": "Graz;Eisenstadt;Linz;St.Pölten;St.Marx|Graz;Eisenstadt;Linz;St.Pölten;St.Marx|Graz;Eisenstadt;Linz;St.Pölten;St.Marx|Budapest;Bratislava;Flughafen;Alt Simmering;Zentrum;Erdberg",
        "destination:ref:lanes": "A23;A2;A3;A21;A1|A23;A2;A3;A21;A1|A23;A2;A3;A21;A1|A4;A6;B228;B227",
        "hgv:lanes:conditional": "no|yes|yes|yes @ (weight>7.5)",
        "highway": "motorway",
        "int_ref": "E 59",
        "lanes": "4",
        "layer": "2",
        "lit": "yes",
        "maxspeed": "80",
        "maxspeed:hgv:conditional": "60 @ (weight>7.5)",
        "maxspeed:variable": "peak_traffic",
        "name": "Prater Hochstraße",
        "oneway": "yes",
        "ref": "A23",
        "ref_name": "Südosttangente",
        "surface": "asphalt",
        "toll": "yes"
      },
      "geometry": {
        "type": "LineString",
        "coordinates": [
          [
            16.4259694,
            48.1996824
          ],
          [
            16.4222839,
            48.1971527
          ]
        ]
      },
      "id": "way/1282030471"
    },
    {
      "type": "Feature",
      "properties": {
        "@id": "way/1282921852",
        "admin_level": "9",
        "boundary": "administrative",
        "cycleway:both": "separate",
        "highway": "primary",
        "lanes": "2",
        "lit": "yes",
        "maxspeed": "50",
        "name": "Erdbergstraße",
        "ref": "B228",
        "sidewalk:both": "separate",
        "smoothness": "good",
        "surface": "asphalt"
      },
      "geometry": {
        "type": "LineString",
        "coordinates": [
          [
            16.4215654,
            48.1866623
          ],
          [
            16.4222182,
            48.1864206
          ],
          [
            16.422393,
            48.1863709
          ]
        ]
      },
      "id": "way/1282921852"
    },
    {
      "type": "Feature",
      "properties": {
        "@id": "way/1282922895",
        "admin_level": "9",
        "boundary": "administrative",
        "cycleway:both": "separate",
        "destination:backward": "Neu Erdberg;Gasometer City",
        "destination:ref:backward": "B228",
        "highway": "primary",
        "lanes": "2",
        "lit": "yes",
        "maxspeed": "50",
        "name": "Erdbergstraße",
        "ref": "B228",
        "sidewalk:left": "yes",
        "sidewalk:right": "separate",
        "surface": "asphalt"
      },
      "geometry": {
        "type": "LineString",
        "coordinates": [
          [
            16.4291152,
            48.1855052
          ],
          [
            16.4292149,
            48.1855904
          ],
          [
            16.4293515,
            48.1857089
          ],
          [
            16.4294381,
            48.1857841
          ]
        ]
      },
      "id": "way/1282922895"
    },
    {
      "type": "Feature",
      "properties": {
        "@id": "way/1282924401",
        "cycleway:both": "separate",
        "highway": "primary",
        "lanes": "2",
        "lit": "yes",
        "maxspeed": "50",
        "name": "1. Haidequerstraße",
        "ref": "B228",
        "sidewalk:left": "no",
        "sidewalk:right": "separate",
        "surface": "asphalt"
      },
      "geometry": {
        "type": "LineString",
        "coordinates": [
          [
            16.430867,
            48.1850647
          ],
          [
            16.43082,
            48.1849849
          ]
        ]
      },
      "id": "way/1282924401"
    },
    {
      "type": "Feature",
      "properties": {
        "@id": "way/1282928477",
        "cycleway:both": "separate",
        "highway": "primary",
        "lanes": "2",
        "lit": "yes",
        "maxspeed": "50",
        "name": "1. Haidequerstraße",
        "ref": "B228",
        "sidewalk:both": "separate",
        "surface": "asphalt"
      },
      "geometry": {
        "type": "LineString",
        "coordinates": [
          [
            16.4277703,
            48.1802901
          ],
          [
            16.4274905,
            48.17987
          ]
        ]
      },
      "id": "way/1282928477"
    },
    {
      "type": "Feature",
      "properties": {
        "@id": "way/1282930517",
        "cycleway:both": "separate",
        "highway": "tertiary",
        "lanes": "3",
        "lanes:backward": "1",
        "lanes:forward": "2",
        "lit": "yes",
        "maxspeed": "50",
        "name": "Lautenschlägergasse",
        "sidewalk": "separate",
        "source:maxspeed": "AT:urban",
        "surface": "asphalt",
        "turn:lanes:forward": "left|through;right"
      },
      "geometry": {
        "type": "LineString",
        "coordinates": [
          [
            16.4270928,
            48.1792521
          ],
          [
            16.4271675,
            48.1793665
          ]
        ]
      },
      "id": "way/1282930517"
    },
    {
      "type": "Feature",
      "properties": {
        "@id": "way/1282931979",
        "cycleway:left": "no",
        "cycleway:right": "separate",
        "dual_carriageway": "yes",
        "highway": "primary",
        "lane_markings": "no",
        "lit": "yes",
        "maxspeed": "50",
        "name": "Haidestraße",
        "oneway": "yes",
        "ref": "B228",
        "sidewalk:left": "no",
        "sidewalk:right": "separate",
        "surface": "asphalt"
      },
      "geometry": {
        "type": "LineString",
        "coordinates": [
          [
            16.4284631,
            48.1790283
          ],
          [
            16.4282375,
            48.1790936
          ]
        ]
      },
      "id": "way/1282931979"
    },
    {
      "type": "Feature",
      "properties": {
        "@id": "way/1282931985",
        "cycleway:both": "no",
        "dual_carriageway": "yes",
        "highway": "primary",
        "lit": "yes",
        "maxspeed": "50",
        "name": "Haidestraße",
        "oneway": "yes",
        "ref": "B228",
        "sidewalk": "right",
        "surface": "asphalt"
      },
      "geometry": {
        "type": "LineString",
        "coordinates": [
          [
            16.4282375,
            48.1790936
          ],
          [
            16.4280915,
            48.1791365
          ]
        ]
      },
      "id": "way/1282931985"
    },
    {
      "type": "Feature",
      "properties": {
        "@id": "way/1282934399",
        "cycleway:both": "separate",
        "highway": "primary",
        "lanes": "2",
        "lit": "yes",
        "maxspeed": "50",
        "name": "Haidestraße",
        "ref": "B228",
        "sidewalk:left": "separate",
        "sidewalk:right": "no",
        "surface": "asphalt"
      },
      "geometry": {
        "type": "LineString",
        "coordinates": [
          [
            16.4340473,
            48.1773716
          ],
          [
            16.4335312,
            48.1775153
          ],
          [
            16.4331302,
            48.1776269
          ],
          [
            16.4315603,
            48.1780889
          ],
          [
            16.4303493,
            48.1784453
          ],
          [
            16.4292279,
            48.178761
          ]
        ]
      },
      "id": "way/1282934399"
    },
    {
      "type": "Feature",
      "properties": {
        "@id": "way/1282940155",
        "cycleway:both": "no",
        "dual_carriageway": "yes",
        "highway": "primary",
        "lanes": "2",
        "lit": "yes",
        "maxspeed": "50",
        "name": "Haidestraße",
        "oneway": "yes",
        "ref": "B228",
        "sidewalk": "right",
        "surface": "asphalt",
        "turn:lanes": "left|through;right"
      },
      "geometry": {
        "type": "LineString",
        "coordinates": [
          [
            16.4278372,
            48.1791986
          ],
          [
            16.427747,
            48.1792201
          ],
          [
            16.4276806,
            48.1792378
          ]
        ]
      },
      "id": "way/1282940155"
    },
    {
      "type": "Feature",
      "properties": {
        "@id": "way/1282945265",
        "cycleway:both": "separate",
        "highway": "tertiary",
        "lanes": "2",
        "lit": "yes",
        "maxspeed": "30",
        "name": "Haidestraße",
        "sidewalk:both": "separate",
        "smoothness": "excellent",
        "surface": "asphalt"
      },
      "geometry": {
        "type": "LineString",
        "coordinates": [
          [
            16.4271675,
            48.1793665
          ],
          [
            16.4270225,
            48.1794232
          ]
        ]
      },
      "id": "way/1282945265"
    },
    {
      "type": "Feature",
      "properties": {
        "@id": "way/1282945938",
        "cycleway:both": "lane",
        "cycleway:both:lane": "advisory",
        "highway": "tertiary",
        "lanes": "2",
        "lit": "yes",
        "maxspeed": "30",
        "name": "Haidestraße",
        "sidewalk:both": "separate",
        "smoothness": "excellent",
        "surface": "asphalt"
      },
      "geometry": {
        "type": "LineString",
        "coordinates": [
          [
            16.4266378,
            48.1795478
          ],
          [
            16.4264559,
            48.1796045
          ]
        ]
      },
      "id": "way/1282945938"
    },
    {
      "type": "Feature",
      "properties": {
        "@id": "way/1282947320",
        "cycleway:left": "lane",
        "cycleway:left:lane": "advisory",
        "cycleway:right": "no",
        "highway": "tertiary",
        "lanes": "2",
        "lit": "yes",
        "maxspeed": "30",
        "name": "Haidestraße",
        "sidewalk:left": "separate",
        "sidewalk:right": "no",
        "smoothness": "excellent",
        "surface": "asphalt"
      },
      "geometry": {
        "type": "LineString",
        "coordinates": [
          [
            16.4251906,
            48.1799001
          ],
          [
            16.4249775,
            48.1799052
          ],
          [
            16.4249035,
            48.1799026
          ],
          [
            16.4248038,
            48.1798973
          ],
          [
            16.4247099,
            48.1798858
          ]
        ]
      },
      "id": "way/1282947320"
    },
    {
      "type": "Feature",
      "properties": {
        "@id": "way/1286220898",
        "cycleway:both": "no",
        "highway": "secondary",
        "lanes": "3",
        "lanes:backward": "2",
        "lanes:forward": "1",
        "lit": "yes",
        "maxheight": "default",
        "maxspeed": "50",
        "name": "Litfaßstraße",
        "name:etymology:wikidata": "Q90732",
        "name:etymology:wikipedia": "de:Ernst Litfaß",
        "parking:left": "no",
        "parking:right": "lane",
        "parking:right:orientation": "parallel",
        "smoothness": "excellent",
        "source:maxspeed": "AT:urban",
        "surface": "asphalt",
        "turn:lanes:backward": "left|through;right"
      },
      "geometry": {
        "type": "LineString",
        "coordinates": [
          [
            16.4089116,
            48.1867303
          ],
          [
            16.4091135,
            48.186887
          ],
          [
            16.4092304,
            48.1869778
          ]
        ]
      },
      "id": "way/1286220898"
    },
    {
      "type": "Feature",
      "properties": {
        "@id": "way/1286220899",
        "cycleway:both": "no",
        "highway": "secondary",
        "lanes": "3",
        "lanes:backward": "1",
        "lanes:forward": "2",
        "lit": "yes",
        "maxspeed": "50",
        "name": "Litfaßstraße",
        "name:etymology:wikidata": "Q90732",
        "name:etymology:wikipedia": "de:Ernst Litfaß",
        "parking:both": "no",
        "sidewalk:both": "separate",
        "smoothness": "good",
        "source:maxspeed": "AT:urban",
        "surface": "concrete:plates",
        "turn:lanes:forward": "left;through|right"
      },
      "geometry": {
        "type": "LineString",
        "coordinates": [
          [
            16.4115956,
            48.1887711
          ],
          [
            16.4116986,
            48.18885
          ]
        ]
      },
      "id": "way/1286220899"
    },
    {
      "type": "Feature",
      "properties": {
        "@id": "way/1286220900",
        "cycleway": "lane",
        "cycleway:lane": "advisory",
        "highway": "primary",
        "lanes": "4",
        "lanes:backward": "1",
        "lanes:forward": "3",
        "lit": "yes",
        "maxheight": "default",
        "maxspeed": "50",
        "name": "Baumgasse",
        "ref": "B228",
        "sidewalk": "both",
        "sidewalk:both:surface": "asphalt",
        "smoothness": "good",
        "source:maxspeed": "AT:urban",
        "surface": "concrete:plates",
        "turn:lanes:forward": "left|through|right"
      },
      "geometry": {
        "type": "LineString",
        "coordinates": [
          [
            16.4115921,
            48.1889189
          ],
          [
            16.4116986,
            48.18885
          ]
        ]
      },
      "id": "way/1286220900"
    },
    {
      "type": "Feature",
      "properties": {
        "@id": "way/1287729984",
        "cycleway:both": "no",
        "highway": "secondary",
        "lanes": "3",
        "lanes:backward": "2",
        "lanes:forward": "1",
        "lit": "yes",
        "maxspeed": "50",
        "name": "Litfaßstraße",
        "name:etymology:wikidata": "Q90732",
        "name:etymology:wikipedia": "de:Ernst Litfaß",
        "parking:both": "street_side",
        "parking:both:orientation": "parallel",
        "source:maxspeed": "AT:urban",
        "surface": "asphalt",
        "turn:lanes:backward": "through|right"
      },
      "geometry": {
        "type": "LineString",
        "coordinates": [
          [
            16.4068649,
            48.1852831
          ],
          [
            16.4074036,
            48.1855255
          ]
        ]
      },
      "id": "way/1287729984"
    }
  ]
}