{
  "type": "FeatureCollection",
  "generator": "overpass-turbo",
  "copyright": "The data included in this document is from www.openstreetmap.org. The data is made available under ODbL.",
  "timestamp": "2024-06-15T07:48:16Z",
  "features": [
    {
      "type": "Feature",
      "properties": {
        "@id": "way/5381651",
        "highway": "tertiary",
        "lanes": "2",
        "lit": "yes",
        "name": "Rua Senador Vergueiro",
        "old_name": "Caminho Velho de Botafogo",
        "oneway": "yes",
        "parking:lane:left": "parallel",
        "parking:lane:right": "no_parking",
        "postal_code": "22230-000",
        "source": "survey",
        "surface": "asphalt"
      },
      "geometry": {
        "type": "LineString",
        "coordinates": [
          [
            -43.1775435,
            -22.9409702
          ],
          [
            -43.1774866,
            -22.940867
          ],
          [
            -43.1774084,
            -22.9407282
          ],
          [
            -43.177387,
            -22.9406974
          ],
          [
            -43.1769846,
            -22.940074
          ],
          [
            -43.1768616,
            -22.9398453
          ],
          [
            -43.1766909,
            -22.939331
          ],
          [
            -43.1766031,
            -22.9390523
          ],
          [
            -43.176529,
            -22.9387644
          ],
          [
            -43.1764532,
            -22.93855
          ],
          [
            -43.1764283,
            -22.9384701
          ],
          [
            -43.1763976,
            -22.9384075
          ],
          [
            -43.1757082,
            -22.936827
          ],
          [
            -43.1756157,
            -22.9366057
          ],
          [
            -43.175213,
            -22.9354731
          ],
          [
            -43.1751958,
            -22.9354234
          ],
          [
            -43.1751712,
            -22.9353389
          ],
          [
            -43.175105,
            -22.9351073
          ],
          [
            -43.1750833,
            -22.9350291
          ],
          [
            -43.175115,
            -22.934952
          ],
          [
            -43.1751772,
            -22.9348517
          ],
          [
            -43.1758513,
            -22.9343005
          ],
          [
            -43.1760768,
            -22.9340872
          ],
          [
            -43.1761114,
            -22.9340547
          ],
          [
            -43.176146,
            -22.9340221
          ]
        ]
      },
      "id": "way/5381651"
    },
    {
      "type": "Feature",
      "properties": {
        "@id": "way/5382905",
        "IPP:CodLogradouro": "112375",
        "foot": "yes",
        "highway": "primary",
        "lanes": "2",
        "name": "Rua Fernando Ferrari",
        "oneway": "yes",
        "parking_lane": "left",
        "postal_code": "22231-040",
        "surface": "asphalt"
      },
      "geometry": {
        "type": "LineString",
        "coordinates": [
          [
            -43.1823389,
            -22.9417734
          ],
          [
            -43.1823148,
            -22.9418635
          ],
          [
            -43.1823114,
            -22.9419138
          ],
          [
            -43.1823164,
            -22.9419644
          ],
          [
            -43.1823315,
            -22.9420262
          ],
          [
            -43.18237,
            -22.9420977
          ],
          [
            -43.1826447,
            -22.9423744
          ]
        ]
      },
      "id": "way/5382905"
    },
    {
      "type": "Feature",
      "properties": {
        "@id": "way/6150148",
        "highway": "trunk",
        "lanes": "3",
        "lit": "yes",
        "name": "Avenida Borges de Medeiros",
        "oneway": "yes",
        "parking:lane:left": "no_stopping",
        "parking:lane:right": "no_parking",
        "surface": "asphalt"
      },
      "geometry": {
        "type": "LineString",
        "coordinates": [
          [
            -43.2041407,
            -22.9612844
          ],
          [
            -43.2041154,
            -22.9614927
          ]
        ]
      },
      "id": "way/6150148"
    },
    {
      "type": "Feature",
      "properties": {
        "@id": "way/14257637",
        "highway": "trunk",
        "lanes": "3",
        "lit": "yes",
        "oneway": "yes",
        "parking:lane:both": "no_stopping",
        "source": "Yahoo; survey",
        "surface": "asphalt"
      },
      "geometry": {
        "type": "LineString",
        "coordinates": [
          [
            -43.2045715,
            -22.9585403
          ],
          [
            -43.204547,
            -22.9588097
          ],
          [
            -43.2045101,
            -22.9590646
          ]
        ]
      },
      "id": "way/14257637"
    },
    {
      "type": "Feature",
      "properties": {
        "@id": "way/14257873",
        "alt_name": "Encosta Morro do Corovado",
        "bicycle": "no",
        "foot": "no",
        "highway": "motorway",
        "lanes": "3",
        "layer": "-1",
        "lit": "yes",
        "maxspeed": "90",
        "name": "Túnel André Rebouças",
        "oneway": "yes",
        "parking:lane:both": "no_stopping",
        "source": "Yahoo;survey",
        "surface": "asphalt",
        "tunnel": "yes",
        "url": "http://www.rio.rj.gov.br/smtu/smtr/hp_cve_reboucas.htm"
      },
      "geometry": {
        "type": "LineString",
        "coordinates": [
          [
            -43.2043904,
            -22.958575
          ],
          [
            -43.2022543,
            -22.9419461
          ],
          [
            -43.202228,
            -22.9417102
          ],
          [
            -43.202228,
            -22.9409675
          ]
        ]
      },
      "id": "way/14257873"
    },
    {
      "type": "Feature",
      "properties": {
        "@id": "way/14518882",
        "cycleway:right": "no",
        "highway": "secondary",
        "lanes": "2",
        "name": "Praia de Botafogo",
        "old_name": "Praia João de Sousa do PAA 4.047;Praia Francisco Velho",
        "oneway": "yes",
        "surface": "asphalt"
      },
      "geometry": {
        "type": "LineString",
        "coordinates": [
          [
            -43.1823474,
            -22.9482976
          ],
          [
            -43.1823518,
            -22.9484693
          ],
          [
            -43.1822852,
            -22.9486662
          ],
          [
            -43.182303,
            -22.9487428
          ],
          [
            -43.1823062,
            -22.9488288
          ],
          [
            -43.1823102,
            -22.9488692
          ],
          [
            -43.1823214,
            -22.9489067
          ],
          [
            -43.182339,
            -22.9489438
          ],
          [
            -43.1823601,
            -22.948979
          ],
          [
            -43.1823802,
            -22.9490066
          ],
          [
            -43.1824018,
            -22.9490324
          ],
          [
            -43.1824417,
            -22.9490657
          ],
          [
            -43.1824898,
            -22.9490962
          ]
        ]
      },
      "id": "way/14518882"
    },
    {
      "type": "Feature",
      "properties": {
        "@id": "way/14519262",
        "highway": "secondary",
        "lanes": "3",
        "maxspeed": "60",
        "name": "Rua Voluntários da Pátria",
        "name:etymology:wikidata": "Q10392480",
        "old_name": "Rua Nova de São Joaquim",
        "oneway": "yes",
        "source": "Yahoo;survey",
        "surface": "asphalt"
      },
      "geometry": {
        "type": "LineString",
        "coordinates": [
          [
            -43.1983164,
            -22.9564734
          ],
          [
            -43.198151,
            -22.9563267
          ],
          [
            -43.1980122,
            -22.9562403
          ],
          [
            -43.1972956,
            -22.9559974
          ],
          [
            -43.1972329,
            -22.9559812
          ],
          [
            -43.1966604,
            -22.955784
          ],
          [
            -43.1965854,
            -22.9557562
          ]
        ]
      },
      "id": "way/14519262"
    },
    {
      "type": "Feature",
      "properties": {
        "@id": "way/14519324",
        "IPP:CodLogradouro": "188532",
        "highway": "tertiary",
        "lanes": "1",
        "name": "Rua Nelson Mandela",
        "oneway": "yes",
        "postal_code": "22713-588"
      },
      "geometry": {
        "type": "LineString",
        "coordinates": [
          [
            -43.183887,
            -22.9520489
          ],
          [
            -43.1839324,
            -22.9520203
          ],
          [
            -43.1839629,
            -22.9519811
          ],
          [
            -43.1839766,
            -22.9519412
          ]
        ]
      },
      "id": "way/14519324"
    },
    {
      "type": "Feature",
      "properties": {
        "@id": "way/14519877",
        "cycleway:left": "lane",
        "highway": "tertiary",
        "lanes": "2",
        "name": "Rua General Polidoro",
        "old_name": "Caminho da Lagoa;Rua Berquó",
        "oneway": "yes",
        "oneway:bicycle": "no",
        "surface": "asphalt"
      },
      "geometry": {
        "type": "LineString",
        "coordinates": [
          [
            -43.1892421,
            -22.9574063
          ],
          [
            -43.1890669,
            -22.9573429
          ],
          [
            -43.1890303,
            -22.9573297
          ],
          [
            -43.188726,
            -22.9572241
          ],
          [
            -43.1886715,
            -22.9572049
          ],
          [
            -43.1881116,
            -22.9570056
          ],
          [
            -43.1876922,
            -22.9568624
          ],
          [
            -43.1873068,
            -22.9567291
          ],
          [
            -43.1872255,
            -22.956703
          ],
          [
            -43.1867334,
            -22.9565344
          ],
          [
            -43.1866884,
            -22.9565189
          ],
          [
            -43.1865425,
            -22.9564689
          ],
          [
            -43.1860295,
            -22.956291
          ],
          [
            -43.1852553,
            -22.9560583
          ]
        ]
      },
      "id": "way/14519877"
    },
    {
      "type": "Feature",
      "properties": {
        "@id": "way/14519991",
        "highway": "tertiary",
        "lanes": "3",
        "lit": "yes",
        "name": "Rua Real Grandeza",
        "old_name": "Rua Sergipe;Rua Demétrio Ribeiro",
        "oneway": "yes",
        "surface": "asphalt"
      },
      "geometry": {
        "type": "LineString",
        "coordinates": [
          [
            -43.1941513,
            -22.9511459
          ],
          [
            -43.1941478,
            -22.9512989
          ],
          [
            -43.1938858,
            -22.9519378
          ],
          [
            -43.1937661,
            -22.9522195
          ],
          [
            -43.1936657,
            -22.9524661
          ],
          [
            -43.1934588,
            -22.9529799
          ],
          [
            -43.1931703,
            -22.9537151
          ],
          [
            -43.1930558,
            -22.9540003
          ],
          [
            -43.1929536,
            -22.9542581
          ],
          [
            -43.1929292,
            -22.9543184
          ],
          [
            -43.1928816,
            -22.9544292
          ],
          [
            -43.1928337,
            -22.9545486
          ],
          [
            -43.1927024,
            -22.9548742
          ],
          [
            -43.1926334,
            -22.9550457
          ],
          [
            -43.1924578,
            -22.9554749
          ],
          [
            -43.1923081,
            -22.955841
          ],
          [
            -43.1922907,
            -22.9558875
          ],
          [
            -43.1922561,
            -22.9559804
          ],
          [
            -43.1921072,
            -22.9563485
          ],
          [
            -43.1920365,
            -22.9565099
          ],
          [
            -43.1920163,
            -22.9565588
          ],
          [
            -43.1919732,
            -22.9566629
          ],
          [
            -43.1919493,
            -22.9567151
          ]
        ]
      },
      "id": "way/14519991"
    },
    {
      "type": "Feature",
      "properties": {
        "@id": "way/14520045",
        "IPP:CodLogradouro": "069435",
        "cycleway:right": "lane",
        "highway": "tertiary",
        "lanes": "2",
        "name": "Rua Real Grandeza",
        "old_name": "Rua Sergipe;Rua Demétrio Ribeiro",
        "oneway": "yes",
        "oneway:bicycle": "no",
        "postal_code": "22281-032",
        "surface": "asphalt"
      },
      "geometry": {
        "type": "LineString",
        "coordinates": [
          [
            -43.1905911,
            -22.9601218
          ],
          [
            -43.1910501,
            -22.958965
          ],
          [
            -43.1913198,
            -22.9583025
          ],
          [
            -43.1912989,
            -22.958202
          ]
        ]
      },
      "id": "way/14520045"
    },
    {
      "type": "Feature",
      "properties": {
        "@id": "way/14520257",
        "alt_name": "Túnel Alaor Prata",
        "cycleway:left": "shoulder",
        "highway": "tertiary",
        "lanes": "2",
        "layer": "-1",
        "name": "Túnel Velho",
        "old_name": "Túnel Real Grandeza",
        "oneway": "yes",
        "oneway:bicycle": "no",
        "surface": "asphalt",
        "tunnel": "yes",
        "wikidata": "Q10386017",
        "wikipedia": "pt:Túnel Velho"
      },
      "geometry": {
        "type": "LineString",
        "coordinates": [
          [
            -43.190978,
            -22.9614893
          ],
          [
            -43.191472,
            -22.9630917
          ]
        ]
      },
      "id": "way/14520257"
    },
    {
      "type": "Feature",
      "properties": {
        "@id": "way/14520437",
        "alt_name": "Túnel Alaor Prata",
        "highway": "tertiary",
        "lanes": "2",
        "layer": "-2",
        "lit": "yes",
        "maxspeed": "50",
        "name": "Túnel Velho",
        "old_name": "Túnel Real Grandeza",
        "oneway": "yes",
        "surface": "asphalt",
        "tunnel": "yes",
        "wikidata": "Q10386017",
        "wikipedia": "pt:Túnel Velho"
      },
      "geometry": {
        "type": "LineString",
        "coordinates": [
          [
            -43.1910277,
            -22.9643545
          ],
          [
            -43.1911712,
            -22.9642286
          ],
          [
            -43.1913114,
            -22.9640965
          ],
          [
            -43.191416,
            -22.963981
          ],
          [
            -43.191471,
            -22.9639149
          ],
          [
            -43.1915085,
            -22.9638606
          ],
          [
            -43.1915373,
            -22.9638112
          ],
          [
            -43.1915608,
            -22.9637612
          ],
          [
            -43.1915835,
            -22.9637151
          ],
          [
            -43.1916172,
            -22.9635906
          ],
          [
            -43.1916245,
            -22.9634858
          ],
          [
            -43.1916185,
            -22.9634167
          ],
          [
            -43.1916071,
            -22.9633605
          ],
          [
            -43.1915648,
            -22.963216
          ],
          [
            -43.1914991,
            -22.9630265
          ],
          [
            -43.1913301,
            -22.9625424
          ],
          [
            -43.1912369,
            -22.9622843
          ],
          [
            -43.1909459,
            -22.9615518
          ],
          [
            -43.1908414,
            -22.9612702
          ],
          [
            -43.1907754,
            -22.9611253
          ],
          [
            -43.1907128,
            -22.9609852
          ]
        ]
      },
      "id": "way/14520437"
    },
    {
      "type": "Feature",
      "properties": {
        "@id": "way/14520805",
        "highway": "tertiary",
        "lanes": "2",
        "name": "Rua Frei Veloso"
      },
      "geometry": {
        "type": "LineString",
        "coordinates": [
          [
            -43.2039636,
            -22.9602299
          ],
          [
            -43.20397,
            -22.9601803
          ],
          [
            -43.2040096,
            -22.9598727
          ],
          [
            -43.2040931,
            -22.9594824
          ]
        ]
      },
      "id": "way/14520805"
    },
    {
      "type": "Feature",
      "properties": {
        "@id": "way/14520979",
        "cycleway:right": "no",
        "highway": "secondary",
        "lanes": "3",
        "maxheight": "3.8",
        "name": "Rua Humaitá",
        "oneway": "yes",
        "surface": "asphalt"
      },
      "geometry": {
        "type": "LineString",
        "coordinates": [
          [
            -43.2045122,
            -22.9603236
          ],
          [
            -43.2042982,
            -22.9603242
          ],
          [
            -43.2040113,
            -22.9603492
          ],
          [
            -43.2039218,
            -22.9603574
          ],
          [
            -43.2037664,
            -22.9603656
          ]
        ]
      },
      "id": "way/14520979"
    },
    {
      "type": "Feature",
      "properties": {
        "@id": "way/14521489",
        "highway": "tertiary",
        "lanes": "3",
        "name": "Rua Macedo Sobrinho",
        "oneway": "yes",
        "surface": "asphalt"
      },
      "geometry": {
        "type": "LineString",
        "coordinates": [
          [
            -43.1986475,
            -22.9585093
          ],
          [
            -43.1989437,
            -22.9578591
          ],
          [
            -43.1989575,
            -22.9578343
          ],
          [
            -43.1990696,
            -22.9577603
          ],
          [
            -43.1991915,
            -22.9577291
          ]
        ]
      },
      "id": "way/14521489"
    },
    {
      "type": "Feature",
      "properties": {
        "@id": "way/14522574",
        "highway": "tertiary",
        "lanes": "3",
        "lit": "yes",
        "name": "Rua Visconde de Silva",
        "oneway": "yes",
        "surface": "asphalt"
      },
      "geometry": {
        "type": "LineString",
        "coordinates": [
          [
            -43.1969436,
            -22.9582346
          ],
          [
            -43.1972236,
            -22.9582843
          ],
          [
            -43.1978785,
            -22.9584006
          ],
          [
            -43.1984096,
            -22.958533
          ],
          [
            -43.1984801,
            -22.9585416
          ],
          [
            -43.1985142,
            -22.9585424
          ],
          [
            -43.1985549,
            -22.9585367
          ],
          [
            -43.1986475,
            -22.9585093
          ]
        ]
      },
      "id": "way/14522574"
    },
    {
      "type": "Feature",
      "properties": {
        "@id": "way/14523136",
        "IPP:CodLogradouro": "077172",
        "highway": "tertiary",
        "lanes": "2",
        "name": "Rua Mena Barreto",
        "old_name": "Rua de Todos os Santos;Rua General Menna Barreto",
        "oneway": "yes",
        "parking:lane:both": "no_parking",
        "postal_code": "22271-100",
        "surface": "asphalt"
      },
      "geometry": {
        "type": "LineString",
        "coordinates": [
          [
            -43.1867851,
            -22.9543812
          ],
          [
            -43.1878125,
            -22.9548518
          ],
          [
            -43.1878768,
            -22.9548813
          ],
          [
            -43.188808,
            -22.9552994
          ],
          [
            -43.1889055,
            -22.9553432
          ]
        ]
      },
      "id": "way/14523136"
    },
    {
      "type": "Feature",
      "properties": {
        "@id": "way/14523264",
        "IPP:CodLogradouro": "081224",
        "highway": "tertiary",
        "lanes": "2",
        "lit": "yes",
        "name": "Rua São João Batista",
        "oneway": "yes",
        "parking:condition:both": "ticket",
        "parking:condition:both:default": "free",
        "parking:condition:both:maxstay": "4 hours",
        "parking:condition:left:time_interval": "Mo-Fr 07:00-19:00; Sa 07:00-13:00",
        "parking:condition:right:time_interval": "Mo-Fr 07:00-19:00",
        "parking:lane:both": "parallel",
        "postal_code": "22270-030",
        "surface": "asphalt"
      },
      "geometry": {
        "type": "LineString",
        "coordinates": [
          [
            -43.1892421,
            -22.9574063
          ],
          [
            -43.1899705,
            -22.9558203
          ],
          [
            -43.1899752,
            -22.9558097
          ]
        ]
      },
      "id": "way/14523264"
    },
    {
      "type": "Feature",
      "properties": {
        "@id": "way/14526829",
        "highway": "tertiary",
        "lanes": "2",
        "lit": "yes",
        "name": "Rua Professor Álvaro Rodrigues",
        "oneway": "yes",
        "parking_lane": "no",
        "source": "survey",
        "surface": "asphalt"
      },
      "geometry": {
        "type": "LineString",
        "coordinates": [
          [
            -43.1809343,
            -22.9495098
          ],
          [
            -43.1811081,
            -22.9499069
          ],
          [
            -43.1813542,
            -22.9504411
          ],
          [
            -43.181421,
            -22.95055
          ],
          [
            -43.1815433,
            -22.9507078
          ]
        ]
      },
      "id": "way/14526829"
    },
    {
      "type": "Feature",
      "properties": {
        "@id": "way/14527153",
        "IPP:CodLogradouro": "065748",
        "highway": "tertiary",
        "lanes": "2",
        "name": "Rua Arnaldo Quintela",
        "old_name": "Rua Dona Polixena",
        "oneway": "yes",
        "parking_lane": "left",
        "postal_code": "22280-070",
        "surface": "asphalt"
      },
      "geometry": {
        "type": "LineString",
        "coordinates": [
          [
            -43.1849615,
            -22.9560644
          ],
          [
            -43.1842166,
            -22.9557394
          ],
          [
            -43.1840666,
            -22.955674
          ],
          [
            -43.1835151,
            -22.955444
          ],
          [
            -43.18315,
            -22.9552917
          ],
          [
            -43.1831252,
            -22.9552802
          ],
          [
            -43.1823698,
            -22.954956
          ],
          [
            -43.1817515,
            -22.9546883
          ]
        ]
      },
      "id": "way/14527153"
    },
    {
      "type": "Feature",
      "properties": {
        "@id": "way/14799164",
        "foot": "yes",
        "highway": "trunk",
        "lanes": "5",
        "lanes:backward:conditional": "2 @ (Mo-Fr 07:00-10:00)",
        "layer": "-1",
        "lit": "yes",
        "name": "Túnel do Pasmado",
        "oneway": "yes",
        "oneway:conditional": "no @ (Mo-Fr 07:00-10:00)",
        "surface": "asphalt",
        "tunnel": "yes",
        "wikidata": "Q10386063"
      },
      "geometry": {
        "type": "LineString",
        "coordinates": [
          [
            -43.1797052,
            -22.9513295
          ],
          [
            -43.1790347,
            -22.9530386
          ]
        ]
      },
      "id": "way/14799164"
    },
    {
      "type": "Feature",
      "properties": {
        "@id": "way/14799429",
        "IPP:CodLogradouro": "073593",
        "foot": "yes",
        "highway": "trunk",
        "lanes": "4",
        "lanes:backward:conditional": "2 @ (Mo-Fr 07:00-10:00)",
        "lit": "yes",
        "name": "Avenida Lauro Sodré",
        "old_name": "Rua do Túnel;Rua Honório de Lemos",
        "oneway": "yes",
        "oneway:conditional": "no @ (Mo-Fr 07:00-10:00)",
        "postal_code": "22290-070",
        "surface": "paved"
      },
      "geometry": {
        "type": "LineString",
        "coordinates": [
          [
            -43.1790347,
            -22.9530386
          ],
          [
            -43.1789597,
            -22.9532376
          ],
          [
            -43.1788875,
            -22.9534277
          ]
        ]
      },
      "id": "way/14799429"
    },
    {
      "type": "Feature",
      "properties": {
        "@id": "way/14800589",
        "bicycle": "no",
        "foot": "yes",
        "highway": "trunk",
        "lanes": "4",
        "lanes:backward:conditional": "2 @ (Mo-Fr 07:00-10:00)",
        "layer": "-1",
        "lit": "yes",
        "name": "Túnel Novo",
        "official_name": "Túnel Engenheiro Marques Porto",
        "old_name": "Túnel Carioca",
        "oneway": "yes",
        "oneway:conditional": "no @ (Mo-Fr 07:00-10:00)",
        "sidewalk": "right",
        "surface": "asphalt",
        "toll": "no",
        "tunnel": "yes"
      },
      "geometry": {
        "type": "LineString",
        "coordinates": [
          [
            -43.1770148,
            -22.9588854
          ],
          [
            -43.1758921,
            -22.9609063
          ]
        ]
      },
      "id": "way/14800589"
    },
    {
      "type": "Feature",
      "properties": {
        "@id": "way/14800590",
        "highway": "trunk",
        "lanes": "4",
        "lanes:backward:conditional": "2 @ (Mo-Fr 07:00-10:00)",
        "maxspeed:type": "BR:trunk",
        "name": "Avenida Princesa Isabel",
        "oneway": "yes",
        "oneway:conditional": "no @ (Mo-Fr 07:00-10:00)",
        "sidewalk": "both",
        "surface": "asphalt"
      },
      "geometry": {
        "type": "LineString",
        "coordinates": [
          [
            -43.1758921,
            -22.9609063
          ],
          [
            -43.175634,
            -22.9613961
          ],
          [
            -43.1756057,
            -22.9614477
          ]
        ]
      },
      "id": "way/14800590"
    },
    {
      "type": "Feature",
      "properties": {
        "@id": "way/14800593",
        "bicycle": "no",
        "foot": "yes",
        "highway": "trunk",
        "lanes": "4",
        "layer": "-1",
        "lit": "yes",
        "name": "Túnel Novo",
        "official_name": "Túnel Engenheiro Coelho Cintra",
        "oneway": "yes",
        "sidewalk": "right",
        "surface": "asphalt",
        "tunnel": "yes"
      },
      "geometry": {
        "type": "LineString",
        "coordinates": [
          [
            -43.1755202,
            -22.9607375
          ],
          [
            -43.1767413,
            -22.9587172
          ]
        ]
      },
      "id": "way/14800593"
    },
    {
      "type": "Feature",
      "properties": {
        "@id": "way/14800594",
        "IPP:CodLogradouro": "073593",
        "foot": "yes",
        "highway": "trunk",
        "lanes": "4",
        "lit": "yes",
        "name": "Avenida Venceslau Braz",
        "oneway": "yes",
        "parking_lane": "no",
        "postal_code": "22290-140",
        "surface": "asphalt"
      },
      "geometry": {
        "type": "LineString",
        "coordinates": [
          [
            -43.177563,
            -22.955906
          ],
          [
            -43.1775648,
            -22.9553224
          ],
          [
            -43.1775436,
            -22.9551172
          ],
          [
            -43.1775261,
            -22.9549751
          ],
          [
            -43.1775007,
            -22.9548739
          ],
          [
            -43.1774322,
            -22.9546997
          ]
        ]
      },
      "id": "way/14800594"
    },
    {
      "type": "Feature",
      "properties": {
        "@id": "way/14800596",
        "IPP:CodLogradouro": "073593",
        "foot": "yes",
        "highway": "trunk",
        "lanes": "4",
        "lit": "yes",
        "name": "Avenida Lauro Sodré",
        "old_name": "Rua do Túnel;Rua Honório de Lemos",
        "oneway": "yes",
        "parking_lane": "no",
        "postal_code": "22290-140",
        "sidewalk": "both",
        "surface": "asphalt"
      },
      "geometry": {
        "type": "LineString",
        "coordinates": [
          [
            -43.1767413,
            -22.9587172
          ],
          [
            -43.1770083,
            -22.9582647
          ],
          [
            -43.1771963,
            -22.9579054
          ],
          [
            -43.1773195,
            -22.9576227
          ],
          [
            -43.177496,
            -22.9565731
          ],
          [
            -43.1775265,
            -22.956339
          ],
          [
            -43.1775499,
            -22.9561145
          ],
          [
            -43.177563,
            -22.955906
          ]
        ]
      },
      "id": "way/14800596"
    },
    {
      "type": "Feature",
      "properties": {
        "@id": "way/14800599",
        "IPP:CodLogradouro": "083873",
        "foot": "yes",
        "highway": "trunk",
        "lanes": "4",
        "name": "Avenida Pasteur",
        "old_name": "Rua Pedreira de Botafogo;Praia Suzano;Praia de Santa Cecília;Porto de Martim Affonso;Praia Vermelha;Praia da Saudade",
        "oneway": "yes",
        "postal_code": "22290-140"
      },
      "geometry": {
        "type": "LineString",
        "coordinates": [
          [
            -43.1752598,
            -22.9516334
          ],
          [
            -43.175267,
            -22.9514471
          ],
          [
            -43.1752798,
            -22.9513354
          ],
          [
            -43.175299,
            -22.9512788
          ],
          [
            -43.1753202,
            -22.9512288
          ],
          [
            -43.1753542,
            -22.9511316
          ]
        ]
      },
      "id": "way/14800599"
    },
    {
      "type": "Feature",
      "properties": {
        "@id": "way/14801262",
        "IPP:CodLogradouro": "096560",
        "foot": "yes",
        "highway": "trunk",
        "lanes": "3",
        "lit": "yes",
        "maxspeed": "70",
        "name": "Avenida Repórter Nestor Moreira",
        "oneway": "yes",
        "postal_code": "22290-210",
        "surface": "asphalt"
      },
      "geometry": {
        "type": "LineString",
        "coordinates": [
          [
            -43.1769318,
            -22.9501824
          ],
          [
            -43.1775172,
            -22.9498747
          ],
          [
            -43.1777452,
            -22.9497709
          ],
          [
            -43.1778455,
            -22.9497247
          ],
          [
            -43.1781876,
            -22.9495672
          ],
          [
            -43.1782061,
            -22.9495587
          ],
          [
            -43.1782678,
            -22.9495353
          ],
          [
            -43.1784381,
            -22.9494834
          ]
        ]
      },
      "id": "way/14801262"
    },
    {
      "type": "Feature",
      "properties": {
        "@id": "way/14802499",
        "destination": "Leme;Copacabana",
        "foot": "yes",
        "highway": "trunk_link",
        "lanes": "1",
        "oneway": "yes",
        "surface": "paved"
      },
      "geometry": {
        "type": "LineString",
        "coordinates": [
          [
            -43.1795532,
            -22.949471
          ],
          [
            -43.1798811,
            -22.9495155
          ],
          [
            -43.179979,
            -22.9495526
          ],
          [
            -43.1800689,
            -22.9496279
          ],
          [
            -43.1801078,
            -22.9497032
          ],
          [
            -43.1801225,
            -22.9498131
          ],
          [
            -43.1801136,
            -22.9500167
          ],
          [
            -43.1801135,
            -22.9501575
          ],
          [
            -43.1801282,
            -22.950402
          ]
        ]
      },
      "id": "way/14802499"
    },
    {
      "type": "Feature",
      "properties": {
        "@id": "way/14803132",
        "date_off": "sunday",
        "date_on": "sunday",
        "destination": "Centro",
        "highway": "trunk_link",
        "hour_off": "07:00",
        "hour_on": "18:00",
        "lanes": "1",
        "maxspeed": "70",
        "oneway": "yes",
        "opening_hours": "18:00-07:00"
      },
      "geometry": {
        "type": "LineString",
        "coordinates": [
          [
            -43.1771037,
            -22.9426823
          ],
          [
            -43.1774732,
            -22.9425391
          ],
          [
            -43.177555,
            -22.9425082
          ],
          [
            -43.1776629,
            -22.9424773
          ],
          [
            -43.1777427,
            -22.9424662
          ],
          [
            -43.1778051,
            -22.942473
          ],
          [
            -43.1778413,
            -22.9424965
          ],
          [
            -43.1778701,
            -22.9425243
          ],
          [
            -43.1778842,
            -22.9425681
          ],
          [
            -43.1778782,
            -22.9426169
          ],
          [
            -43.177854,
            -22.9426681
          ],
          [
            -43.1778138,
            -22.9427064
          ],
          [
            -43.1774228,
            -22.9430049
          ]
        ]
      },
      "id": "way/14803132"
    },
    {
      "type": "Feature",
      "properties": {
        "@id": "way/14818781",
        "cycleway:left": "lane",
        "highway": "tertiary",
        "lanes": "1",
        "lit": "yes",
        "name": "Praça Vereador Rocha Leão",
        "old_name": "Rua Barroso",
        "oneway": "yes",
        "oneway:bicycle": "no",
        "source": "survey",
        "surface": "asphalt"
      },
      "geometry": {
        "type": "LineString",
        "coordinates": [
          [
            -43.1915439,
            -22.9634714
          ],
          [
            -43.1915344,
            -22.9635528
          ],
          [
            -43.1915144,
            -22.9635976
          ],
          [
            -43.1914809,
            -22.9636865
          ],
          [
            -43.1914267,
            -22.9637797
          ],
          [
            -43.1913851,
            -22.9638402
          ],
          [
            -43.191302,
            -22.9639304
          ],
          [
            -43.1911974,
            -22.9640205
          ],
          [
            -43.1909104,
            -22.9641761
          ],
          [
            -43.1905823,
            -22.964373
          ]
        ]
      },
      "id": "way/14818781"
    },
    {
      "type": "Feature",
      "properties": {
        "@id": "way/14819100",
        "highway": "tertiary",
        "lanes": "2",
        "maxspeed": "30",
        "name": "Rua Henrique Oswald",
        "oneway": "yes",
        "surface": "asphalt"
      },
      "geometry": {
        "type": "LineString",
        "coordinates": [
          [
            -43.1915346,
            -22.9632846
          ],
          [
            -43.1917231,
            -22.963555
          ],
          [
            -43.1917747,
            -22.9636167
          ],
          [
            -43.1918351,
            -22.9636908
          ],
          [
            -43.19188,
            -22.9637464
          ],
          [
            -43.191998,
            -22.9638902
          ],
          [
            -43.1921261,
            -22.9640193
          ],
          [
            -43.1922475,
            -22.9641242
          ],
          [
            -43.1929261,
            -22.9646935
          ],
          [
            -43.192969,
            -22.9647355
          ],
          [
            -43.1930135,
            -22.9647885
          ]
        ]
      },
      "id": "way/14819100"
    },
    {
      "type": "Feature",
      "properties": {
        "@id": "way/14917378",
        "highway": "trunk_link",
        "lanes": "1",
        "oneway": "yes",
        "surface": "paved"
      },
      "geometry": {
        "type": "LineString",
        "coordinates": [
          [
            -43.1808408,
            -22.9489911
          ],
          [
            -43.1808271,
            -22.9491666
          ],
          [
            -43.180833,
            -22.9492595
          ],
          [
            -43.1808541,
            -22.949349
          ],
          [
            -43.1808895,
            -22.9494267
          ],
          [
            -43.1809343,
            -22.9495098
          ],
          [
            -43.1810147,
            -22.949578
          ],
          [
            -43.1810785,
            -22.9496135
          ],
          [
            -43.181157,
            -22.9496438
          ],
          [
            -43.181205,
            -22.9496513
          ],
          [
            -43.181252,
            -22.9496503
          ],
          [
            -43.1812995,
            -22.9496415
          ],
          [
            -43.1813399,
            -22.9496303
          ],
          [
            -43.1813776,
            -22.9496144
          ],
          [
            -43.1814226,
            -22.949588
          ],
          [
            -43.1814504,
            -22.9495612
          ],
          [
            -43.1814818,
            -22.9495295
          ],
          [
            -43.1815503,
            -22.9494494
          ],
          [
            -43.1816801,
            -22.9492451
          ]
        ]
      },
      "id": "way/14917378"
    },
    {
      "type": "Feature",
      "properties": {
        "@id": "way/15017128",
        "description": "Avenida Atlântica (pista junto aos prédios)",
        "highway": "trunk",
        "lanes": "3",
        "lanes:backward:conditional": "3 @ (Mo-Fr 7:00-10:00)",
        "lit": "yes",
        "maxspeed": "70",
        "maxspeed:type": "sign",
        "name": "Avenida Atlântica",
        "oneway": "yes",
        "oneway:conditional": "-1 @ (Mo-Fr 07:00-10:00)",
        "parking:condition:right": "ticket",
        "parking:lane:left": "no_parking",
        "parking:lane:right": "perpendicular",
        "sidewalk:left": "yes",
        "sidewalk:right": "separate",
        "surface": "asphalt"
      },
      "geometry": {
        "type": "LineString",
        "coordinates": [
          [
            -43.1742088,
            -22.9653636
          ],
          [
            -43.1744319,
            -22.9654655
          ],
          [
            -43.1744676,
            -22.9654828
          ],
          [
            -43.1751269,
            -22.9657858
          ],
          [
            -43.1758876,
            -22.9661344
          ],
          [
            -43.1771719,
            -22.9667728
          ],
          [
            -43.1779671,
            -22.9672099
          ],
          [
            -43.1780699,
            -22.9672663
          ],
          [
            -43.1782093,
            -22.9673275
          ]
        ]
      },
      "id": "way/15017128"
    },
    {
      "type": "Feature",
      "properties": {
        "@id": "way/15040359",
        "IPP:CodLogradouro": "067082",
        "highway": "primary",
        "lanes": "4",
        "name": "Praia de Botafogo",
        "old_name": "Praia João de Sousa do PAA 4.047;Praia Francisco Velho",
        "oneway": "yes",
        "parking_lane": "both",
        "postal_code": "22250-040",
        "surface": "asphalt"
      },
      "geometry": {
        "type": "LineString",
        "coordinates": [
          [
            -43.1768191,
            -22.941269
          ],
          [
            -43.1770621,
            -22.9411657
          ],
          [
            -43.1773129,
            -22.9410601
          ],
          [
            -43.1773623,
            -22.9410413
          ],
          [
            -43.1775435,
            -22.9409702
          ]
        ]
      },
      "id": "way/15040359"
    },
    {
      "type": "Feature",
      "properties": {
        "@id": "way/15040803",
        "bridge": "viaduct",
        "highway": "primary",
        "lanes": "2",
        "layer": "1",
        "lit": "yes",
        "name": "Viaduto Pedro Álvares Cabral",
        "oneway": "yes",
        "parking:lane:both": "no_stopping",
        "source": "survey",
        "surface": "asphalt"
      },
      "geometry": {
        "type": "LineString",
        "coordinates": [
          [
            -43.1818529,
            -22.949504
          ],
          [
            -43.1815556,
            -22.9503233
          ],
          [
            -43.1815087,
            -22.9504348
          ],
          [
            -43.1814316,
            -22.9505739
          ],
          [
            -43.181351,
            -22.9506888
          ],
          [
            -43.181212,
            -22.9508518
          ],
          [
            -43.1810965,
            -22.9509605
          ],
          [
            -43.1810183,
            -22.951024
          ]
        ]
      },
      "id": "way/15040803"
    },
    {
      "type": "Feature",
      "properties": {
        "@id": "way/15041118",
        "highway": "tertiary",
        "lanes": "1",
        "name": "Avenida Pasteur",
        "old_name": "Rua Pedreira de Botafogo;Praia Suzano;Praia de Santa Cecília;Porto de Martim Affonso;Praia Vermelha;Praia da Saudade",
        "oneway": "yes",
        "surface": "asphalt"
      },
      "geometry": {
        "type": "LineString",
        "coordinates": [
          [
            -43.1767188,
            -22.9503195
          ],
          [
            -43.1770324,
            -22.9502281
          ],
          [
            -43.1771581,
            -22.9502009
          ],
          [
            -43.1772605,
            -22.9501885
          ],
          [
            -43.1773701,
            -22.9501793
          ],
          [
            -43.1774919,
            -22.950176
          ],
          [
            -43.1775799,
            -22.9501766
          ],
          [
            -43.1776411,
            -22.9501806
          ],
          [
            -43.1777018,
            -22.9501899
          ],
          [
            -43.1778033,
            -22.9502119
          ]
        ]
      },
      "id": "way/15041118"
    },
    {
      "type": "Feature",
      "properties": {
        "@id": "way/15041435",
        "destination": "Botafogo;Copacabana",
        "highway": "primary_link",
        "lanes": "1",
        "lit": "yes",
        "name": "Rua Clotilde Guimarães",
        "oneway": "yes",
        "surface": "asphalt"
      },
      "geometry": {
        "type": "LineString",
        "coordinates": [
          [
            -43.1809822,
            -22.9510493
          ],
          [
            -43.1809084,
            -22.9511389
          ],
          [
            -43.180887,
            -22.9511808
          ],
          [
            -43.1808729,
            -22.9512352
          ],
          [
            -43.1808735,
            -22.9512901
          ],
          [
            -43.1808843,
            -22.9513544
          ],
          [
            -43.1808952,
            -22.9513815
          ]
        ]
      },
      "id": "way/15041435"
    },
    {
      "type": "Feature",
      "properties": {
        "@id": "way/15089685",
        "cycleway:right": "no",
        "fixme": "BRS condition time",
        "foot": "use_sidepath",
        "highway": "secondary",
        "lanes": "4",
        "lanes:bus:conditional": "2 @ (Mo-Sa)",
        "lit": "yes",
        "maxspeed": "60",
        "maxspeed:psv": "50",
        "name": "Praça Demétrio Ribeiro",
        "oneway": "yes",
        "parking:lane:both": "no_stopping",
        "sidewalk": "both",
        "surface": "asphalt"
      },
      "geometry": {
        "type": "LineString",
        "coordinates": [
          [
            -43.1756057,
            -22.9614477
          ],
          [
            -43.1756364,
            -22.9616101
          ],
          [
            -43.1756704,
            -22.9617512
          ],
          [
            -43.1756864,
            -22.9618149
          ],
          [
            -43.1757396,
            -22.9619482
          ],
          [
            -43.1758338,
            -22.9621429
          ]
        ]
      },
      "id": "way/15089685"
    },
    {
      "type": "Feature",
      "properties": {
        "@id": "way/15116994",
        "cycleway:both": "no",
        "highway": "secondary",
        "lanes": "1",
        "lit": "yes",
        "name": "Praia de Botafogo",
        "old_name": "Praia João de Sousa do PAA 4.047;Praia Francisco Velho",
        "oneway": "yes",
        "parking:condition:left": "free",
        "parking:lane:left": "parallel",
        "source": "survey",
        "surface": "asphalt"
      },
      "geometry": {
        "type": "LineString",
        "coordinates": [
          [
            -43.1822657,
            -22.9440705
          ],
          [
            -43.1821158,
            -22.9440686
          ],
          [
            -43.1820756,
            -22.9440544
          ],
          [
            -43.1820461,
            -22.9440218
          ],
          [
            -43.1819483,
            -22.9437932
          ],
          [
            -43.181864,
            -22.9435453
          ],
          [
            -43.1818519,
            -22.9434725
          ],
          [
            -43.181841,
            -22.9433568
          ],
          [
            -43.1818451,
            -22.9433075
          ]
        ]
      },
      "id": "way/15116994"
    },
    {
      "type": "Feature",
      "properties": {
        "@id": "way/15117242",
        "highway": "primary",
        "lanes": "2",
        "lit": "yes",
        "name": "Viaduto San Tiago Dantas",
        "oneway": "yes",
        "parking_lane": "no",
        "source": "Yahoo;survey",
        "surface": "asphalt"
      },
      "geometry": {
        "type": "LineString",
        "coordinates": [
          [
            -43.1821551,
            -22.9453455
          ],
          [
            -43.1821285,
            -22.9451159
          ],
          [
            -43.182101,
            -22.944876
          ],
          [
            -43.1819169,
            -22.9443632
          ]
        ]
      },
      "id": "way/15117242"
    },
    {
      "type": "Feature",
      "properties": {
        "@id": "way/15117877",
        "IPP:CodLogradouro": "093278",
        "description": "Praia de Botafogo (pista central)",
        "highway": "primary",
        "lanes": "3",
        "name": "Praia de Botafogo",
        "old_name": "Praia João de Sousa do PAA 4.047;Praia Francisco Velho",
        "oneway": "yes",
        "postal_code": "22250-150",
        "surface": "asphalt"
      },
      "geometry": {
        "type": "LineString",
        "coordinates": [
          [
            -43.1797057,
            -22.9420097
          ],
          [
            -43.1796617,
            -22.9419882
          ],
          [
            -43.179547,
            -22.941932
          ],
          [
            -43.1795218,
            -22.9419219
          ],
          [
            -43.179399,
            -22.9418728
          ],
          [
            -43.1793098,
            -22.9418425
          ],
          [
            -43.1791261,
            -22.9417956
          ],
          [
            -43.1789424,
            -22.941761
          ],
          [
            -43.1788149,
            -22.9417351
          ],
          [
            -43.1787064,
            -22.94172
          ],
          [
            -43.1785287,
            -22.9417216
          ],
          [
            -43.1782678,
            -22.9417524
          ],
          [
            -43.1779938,
            -22.9418041
          ]
        ]
      },
      "id": "way/15117877"
    },
    {
      "type": "Feature",
      "properties": {
        "@id": "way/15118322",
        "cycleway:right": "no",
        "description": "Praia de Botafogo (pista central)",
        "highway": "primary",
        "lanes": "3",
        "name": "Praia de Botafogo",
        "old_name": "Praia João de Sousa do PAA 4.047;Praia Francisco Velho",
        "oneway": "yes",
        "parking_lane": "no",
        "source": "Yahoo;survey",
        "surface": "asphalt"
      },
      "geometry": {
        "type": "LineString",
        "coordinates": [
          [
            -43.1817825,
            -22.9494768
          ],
          [
            -43.1820224,
            -22.9487894
          ],
          [
            -43.1821133,
            -22.9485283
          ]
        ]
      },
      "id": "way/15118322"
    },
    {
      "type": "Feature",
      "properties": {
        "@id": "way/15118607",
        "description": "agulha de acesso à Praia de Botafogo (pista central) em frente à Rua Fernando Ferrari",
        "highway": "primary_link",
        "lanes": "1",
        "oneway": "yes",
        "surface": "asphalt"
      },
      "geometry": {
        "type": "LineString",
        "coordinates": [
          [
            -43.1812763,
            -22.943787
          ],
          [
            -43.1812574,
            -22.9436858
          ],
          [
            -43.1812159,
            -22.9435629
          ],
          [
            -43.1811777,
            -22.9434618
          ],
          [
            -43.1811363,
            -22.9433811
          ],
          [
            -43.1810456,
            -22.9432387
          ]
        ]
      },
      "id": "way/15118607"
    },
    {
      "type": "Feature",
      "properties": {
        "@id": "way/15240246",
        "bicycle": "designated",
        "highway": "tertiary",
        "lanes": "3",
        "lit": "yes",
        "name": "Praça Cardeal Arcoverde",
        "oneway": "yes",
        "parking:lane:both": "no_parking",
        "postal_code": "22040-030",
        "sidewalk": "both",
        "surface": "asphalt"
      },
      "geometry": {
        "type": "LineString",
        "coordinates": [
          [
            -43.1797819,
            -22.9647478
          ],
          [
            -43.1801134,
            -22.9646472
          ],
          [
            -43.180239,
            -22.964595
          ],
          [
            -43.1802862,
            -22.964572
          ],
          [
            -43.1805378,
            -22.9644571
          ],
          [
            -43.1806062,
            -22.9644347
          ],
          [
            -43.1806674,
            -22.9644365
          ],
          [
            -43.1807284,
            -22.9644445
          ],
          [
            -43.1807971,
            -22.9644641
          ]
        ]
      },
      "id": "way/15240246"
    },
    {
      "type": "Feature",
      "properties": {
        "@id": "way/15240247",
        "cycleway:left": "lane",
        "cycleway:left:oneway": "no",
        "cycleway:right": "no",
        "highway": "tertiary",
        "lanes": "3",
        "layer": "-1",
        "name": "Túnel Major Rubens Vaz",
        "oneway": "yes",
        "oneway:bicycle": "no",
        "sidewalk": "both",
        "surface": "asphalt",
        "tunnel": "yes",
        "wikidata": "Q10386032"
      },
      "geometry": {
        "type": "LineString",
        "coordinates": [
          [
            -43.1903736,
            -22.9696876
          ],
          [
            -43.1904018,
            -22.9697324
          ],
          [
            -43.190504,
            -22.9698907
          ],
          [
            -43.1906717,
            -22.9701698
          ],
          [
            -43.1908621,
            -22.9705106
          ],
          [
            -43.1911719,
            -22.9710354
          ],
          [
            -43.191416,
            -22.971428
          ]
        ]
      },
      "id": "way/15240247"
    },
    {
      "type": "Feature",
      "properties": {
        "@id": "way/15245504",
        "bridge": "yes",
        "highway": "trunk",
        "lanes": "3",
        "layer": "1",
        "lit": "yes",
        "name": "Viaduto Saint-Hilaire",
        "oneway": "yes",
        "parking:lane:both": "no_stopping",
        "source": "Yahoo; survey",
        "surface": "asphalt"
      },
      "geometry": {
        "type": "LineString",
        "coordinates": [
          [
            -43.2043234,
            -22.9598378
          ],
          [
            -43.2041407,
            -22.9612844
          ]
        ]
      },
      "id": "way/15245504"
    },
    {
      "type": "Feature",
      "properties": {
        "@id": "way/15245510",
        "highway": "primary",
        "lanes": "1",
        "lit": "yes",
        "name": "Avenida Pasteur",
        "old_name": "Rua Pedreira de Botafogo;Praia Suzano;Praia de Santa Cecília;Porto de Martim Affonso;Praia Vermelha;Praia da Saudade",
        "oneway": "yes",
        "surface": "asphalt"
      },
      "geometry": {
        "type": "LineString",
        "coordinates": [
          [
            -43.1809822,
            -22.9510493
          ],
          [
            -43.1808972,
            -22.9510839
          ],
          [
            -43.180827,
            -22.951104
          ],
          [
            -43.1807754,
            -22.951112
          ],
          [
            -43.1807208,
            -22.9511144
          ],
          [
            -43.1806594,
            -22.9511086
          ],
          [
            -43.1806112,
            -22.9511008
          ],
          [
            -43.1805088,
            -22.9510739
          ],
          [
            -43.1803321,
            -22.951023
          ]
        ]
      },
      "id": "way/15245510"
    },
    {
      "type": "Feature",
      "properties": {
        "@id": "way/15245514",
        "highway": "tertiary",
        "lanes": "1",
        "maxspeed": "40",
        "name": "Rua Clotilde Guimarães",
        "oneway": "yes",
        "parking:lane:both": "no_stopping",
        "surface": "asphalt"
      },
      "geometry": {
        "type": "LineString",
        "coordinates": [
          [
            -43.1803321,
            -22.951023
          ],
          [
            -43.1805464,
            -22.9511645
          ],
          [
            -43.1806682,
            -22.9512523
          ],
          [
            -43.1808004,
            -22.9513542
          ],
          [
            -43.1809644,
            -22.9515123
          ]
        ]
      },
      "id": "way/15245514"
    },
    {
      "type": "Feature",
      "properties": {
        "@id": "way/15245517",
        "alt_name": "Viaduto Engenheiro Humberto Vital Bandeira de Melo",
        "bridge": "yes",
        "highway": "trunk",
        "lanes": "2",
        "layer": "1",
        "lit": "yes",
        "name": "Viaduto Saint-Hilaire",
        "note": "Embora existam algumas menções ao nome alternativo, após consulta à Secretaria Municipal de Planejamento Urbano foi confirmado que o nome do logradouro é Viaduto Saint-Hilaire.",
        "oneway": "yes",
        "parking:lane:both": "no_stopping",
        "source": "Yahoo; survey",
        "surface": "asphalt"
      },
      "geometry": {
        "type": "LineString",
        "coordinates": [
          [
            -43.204037,
            -22.9612761
          ],
          [
            -43.2042441,
            -22.9599013
          ]
        ]
      },
      "id": "way/15245517"
    },
    {
      "type": "Feature",
      "properties": {
        "@id": "way/15245518",
        "alt_name": "Viaduto Engenheiro Humberto Vital Bandeira de Melo",
        "highway": "trunk",
        "lanes": "2",
        "lit": "yes",
        "name": "Viaduto Saint-Hilaire",
        "note": "Embora existam algumas menções ao nome alternativo, após consulta à Secretaria Municipal de Planejamento Urbano foi confirmado que o nome do logradouro é Viaduto Saint-Hilaire.",
        "oneway": "yes",
        "parking:lane:both": "no_stopping",
        "source": "Yahoo; survey",
        "surface": "asphalt"
      },
      "geometry": {
        "type": "LineString",
        "coordinates": [
          [
            -43.2042441,
            -22.9599013
          ],
          [
            -43.204314,
            -22.959387
          ],
          [
            -43.2043847,
            -22.9586576
          ]
        ]
      },
      "id": "way/15245518"
    },
    {
      "type": "Feature",
      "properties": {
        "@id": "way/15246247",
        "bridge": "viaduct",
        "classification": "elemento_urbano",
        "description": "Notável obra de engenharia que interliga a praia de Botafogo e a Rua Fernando Ferrari.",
        "heritage": "8",
        "heritage:operator": "IRPH",
        "heritage:ref": "Decreto n° 22.221 de 4/11/2002",
        "highway": "primary",
        "inscription_date": "2002",
        "lanes": "2",
        "layer": "1",
        "lit": "yes",
        "name": "Viaduto San Tiago Dantas",
        "oneway": "yes",
        "parking:lane:both": "no_stopping",
        "status": "provisório",
        "surface": "asphalt"
      },
      "geometry": {
        "type": "LineString",
        "coordinates": [
          [
            -43.1819169,
            -22.9443632
          ],
          [
            -43.181815,
            -22.9440396
          ],
          [
            -43.1817734,
            -22.9438704
          ],
          [
            -43.1817466,
            -22.9436815
          ],
          [
            -43.1817453,
            -22.9434802
          ],
          [
            -43.181756,
            -22.9433085
          ],
          [
            -43.1817721,
            -22.9431726
          ],
          [
            -43.1818002,
            -22.9430281
          ],
          [
            -43.1818365,
            -22.9428935
          ],
          [
            -43.1819571,
            -22.9425478
          ]
        ]
      },
      "id": "way/15246247"
    },
    {
      "type": "Feature",
      "properties": {
        "@id": "way/15469178",
        "highway": "tertiary",
        "lanes": "2",
        "lit": "yes",
        "maxspeed": "70",
        "name": "Avenida Atlântica",
        "oneway": "yes",
        "surface": "asphalt"
      },
      "geometry": {
        "type": "LineString",
        "coordinates": [
          [
            -43.1734653,
            -22.9652455
          ],
          [
            -43.1730457,
            -22.9650596
          ],
          [
            -43.1729993,
            -22.9650409
          ],
          [
            -43.1722352,
            -22.9647044
          ],
          [
            -43.1717128,
            -22.9644852
          ],
          [
            -43.1712283,
            -22.9642823
          ],
          [
            -43.1697223,
            -22.9636723
          ],
          [
            -43.1694521,
            -22.9635637
          ],
          [
            -43.1682641,
            -22.9630978
          ],
          [
            -43.1677259,
            -22.9628953
          ],
          [
            -43.1673704,
            -22.9627789
          ],
          [
            -43.1672088,
            -22.9627331
          ],
          [
            -43.1667721,
            -22.9626345
          ],
          [
            -43.166696,
            -22.9626173
          ]
        ]
      },
      "id": "way/15469178"
    },
    {
      "type": "Feature",
      "properties": {
        "@id": "way/15470854",
        "highway": "tertiary",
        "lanes": "2",
        "maxspeed": "70",
        "name": "Rua Fonte da Saudade",
        "oneway": "yes",
        "surface": "asphalt"
      },
      "geometry": {
        "type": "LineString",
        "coordinates": [
          [
            -43.2035461,
            -22.9673655
          ],
          [
            -43.2034953,
            -22.9673397
          ],
          [
            -43.203441,
            -22.9672995
          ],
          [
            -43.2034121,
            -22.9672718
          ],
          [
            -43.203382,
            -22.9672415
          ],
          [
            -43.2033082,
            -22.9671643
          ],
          [
            -43.2031245,
            -22.9669791
          ],
          [
            -43.2028599,
            -22.9667108
          ],
          [
            -43.2025579,
            -22.9664136
          ],
          [
            -43.2025136,
            -22.9663593
          ],
          [
            -43.2024774,
            -22.9662926
          ],
          [
            -43.2024529,
            -22.9662222
          ],
          [
            -43.2024586,
            -22.966153
          ],
          [
            -43.2024707,
            -22.9660666
          ],
          [
            -43.2025244,
            -22.9657324
          ],
          [
            -43.2026088,
            -22.965137
          ],
          [
            -43.2026668,
            -22.9646475
          ],
          [
            -43.2026722,
            -22.9645549
          ],
          [
            -43.2027238,
            -22.9641045
          ]
        ]
      },
      "id": "way/15470854"
    },
    {
      "type": "Feature",
      "properties": {
        "@id": "way/15471134",
        "highway": "tertiary",
        "lanes": "2",
        "maxspeed": "70",
        "name": "Rua Fonte da Saudade",
        "oneway": "yes",
        "surface": "asphalt"
      },
      "geometry": {
        "type": "LineString",
        "coordinates": [
          [
            -43.2030631,
            -22.9623864
          ],
          [
            -43.2030482,
            -22.9625374
          ],
          [
            -43.2029392,
            -22.9634129
          ],
          [
            -43.2028519,
            -22.9641216
          ],
          [
            -43.202797,
            -22.9645572
          ],
          [
            -43.2027856,
            -22.9646597
          ],
          [
            -43.2027216,
            -22.965146
          ]
        ]
      },
      "id": "way/15471134"
    },
    {
      "type": "Feature",
      "properties": {
        "@id": "way/15471217",
        "highway": "tertiary_link",
        "lanes": "1",
        "oneway": "yes"
      },
      "geometry": {
        "type": "LineString",
        "coordinates": [
          [
            -43.2030896,
            -22.9613167
          ],
          [
            -43.2030735,
            -22.9613793
          ],
          [
            -43.2030646,
            -22.9614061
          ],
          [
            -43.2030476,
            -22.9614435
          ],
          [
            -43.2030298,
            -22.9614663
          ],
          [
            -43.203007,
            -22.9614832
          ],
          [
            -43.2029745,
            -22.9614985
          ],
          [
            -43.2029418,
            -22.9615038
          ],
          [
            -43.202902,
            -22.9615042
          ],
          [
            -43.2028585,
            -22.9614963
          ],
          [
            -43.2028271,
            -22.9614866
          ],
          [
            -43.2027956,
            -22.9614737
          ]
        ]
      },
      "id": "way/15471217"
    },
    {
      "type": "Feature",
      "properties": {
        "@id": "way/15471237",
        "cycleway:right": "no",
        "highway": "tertiary_link",
        "lanes": "1",
        "oneway": "yes",
        "surface": "asphalt"
      },
      "geometry": {
        "type": "LineString",
        "coordinates": [
          [
            -43.2027133,
            -22.9608211
          ],
          [
            -43.20278,
            -22.9607897
          ],
          [
            -43.2028159,
            -22.9607757
          ],
          [
            -43.2028462,
            -22.9607663
          ],
          [
            -43.2028734,
            -22.960761
          ],
          [
            -43.2028983,
            -22.9607588
          ],
          [
            -43.2029215,
            -22.9607589
          ],
          [
            -43.2029396,
            -22.9607599
          ],
          [
            -43.2029617,
            -22.9607641
          ],
          [
            -43.2029771,
            -22.9607689
          ],
          [
            -43.2029931,
            -22.9607763
          ],
          [
            -43.2030074,
            -22.9607871
          ],
          [
            -43.2030234,
            -22.9608017
          ],
          [
            -43.2030402,
            -22.9608254
          ],
          [
            -43.2030509,
            -22.9608468
          ],
          [
            -43.2030616,
            -22.9608682
          ],
          [
            -43.2030854,
            -22.9609281
          ]
        ]
      },
      "id": "way/15471237"
    },
    {
      "type": "Feature",
      "properties": {
        "@id": "way/16293136",
        "cycleway:right": "no",
        "highway": "tertiary",
        "lanes": "2",
        "name": "Rua Humaitá",
        "oneway": "yes",
        "surface": "asphalt"
      },
      "geometry": {
        "type": "LineString",
        "coordinates": [
          [
            -43.2033514,
            -22.9601872
          ],
          [
            -43.2035138,
            -22.9602577
          ],
          [
            -43.2035898,
            -22.9602722
          ],
          [
            -43.20367,
            -22.9602917
          ],
          [
            -43.2037153,
            -22.96033
          ],
          [
            -43.2037664,
            -22.9603656
          ]
        ]
      },
      "id": "way/16293136"
    },
    {
      "type": "Feature",
      "properties": {
        "@id": "way/18007413",
        "highway": "tertiary",
        "lanes": "1",
        "lit": "yes",
        "name": "Rua Ramon Franco",
        "oneway": "yes",
        "parking:condition:left": "free",
        "parking:lane:left": "parallel",
        "parking:lane:right": "no_parking",
        "surface": "asphalt"
      },
      "geometry": {
        "type": "LineString",
        "coordinates": [
          [
            -43.1676102,
            -22.954482
          ],
          [
            -43.1675892,
            -22.9544302
          ],
          [
            -43.167565,
            -22.9543655
          ]
        ]
      },
      "id": "way/18007413"
    },
    {
      "type": "Feature",
      "properties": {
        "@id": "way/18007875",
        "bicycle": "yes",
        "cycleway:left": "shared_lane",
        "highway": "tertiary",
        "lanes": "2",
        "lit": "yes",
        "name": "Avenida Pasteur",
        "old_name": "Rua Pedreira de Botafogo;Praia Suzano;Praia de Santa Cecília;Porto de Martim Affonso;Praia Vermelha;Praia da Saudade",
        "oneway": "yes",
        "parking:lane:both": "no_parking",
        "surface": "asphalt"
      },
      "geometry": {
        "type": "LineString",
        "coordinates": [
          [
            -43.1669048,
            -22.9545774
          ],
          [
            -43.1674368,
            -22.9544016
          ],
          [
            -43.167565,
            -22.9543655
          ]
        ]
      },
      "id": "way/18007875"
    },
    {
      "type": "Feature",
      "properties": {
        "@id": "way/18008459",
        "highway": "tertiary",
        "lanes": "1",
        "lit": "yes",
        "maxspeed": "40",
        "maxspeed:type": "sign",
        "name": "Avenida Portugal",
        "oneway": "yes",
        "parking:condition:left": "free",
        "parking:lane:left": "parallel",
        "parking:lane:right": "no_parking",
        "surface": "asphalt"
      },
      "geometry": {
        "type": "LineString",
        "coordinates": [
          [
            -43.1701393,
            -22.9525238
          ],
          [
            -43.1709475,
            -22.9531693
          ],
          [
            -43.1710426,
            -22.9532123
          ],
          [
            -43.1710959,
            -22.9532123
          ],
          [
            -43.1713108,
            -22.9532136
          ]
        ]
      },
      "id": "way/18008459"
    },
    {
      "type": "Feature",
      "properties": {
        "@id": "way/18008485",
        "cycleway:right": "no",
        "highway": "tertiary",
        "lanes": "1",
        "lit": "yes",
        "maxspeed": "40",
        "maxspeed:type": "sign",
        "name": "Avenida Portugal",
        "oneway": "yes",
        "parking:lane:right": "no_stopping",
        "surface": "asphalt"
      },
      "geometry": {
        "type": "LineString",
        "coordinates": [
          [
            -43.1693116,
            -22.951845
          ],
          [
            -43.1696186,
            -22.9520917
          ]
        ]
      },
      "id": "way/18008485"
    },
    {
      "type": "Feature",
      "properties": {
        "@id": "way/18008555",
        "cycleway:right": "no",
        "highway": "tertiary",
        "lanes": "1",
        "lit": "yes",
        "maxspeed": "40",
        "maxspeed:type": "sign",
        "name": "Avenida Portugal",
        "oneway": "yes",
        "parking:condition:left": "free",
        "parking:lane:left": "parallel",
        "parking:lane:right": "no_stopping",
        "surface": "asphalt"
      },
      "geometry": {
        "type": "LineString",
        "coordinates": [
          [
            -43.1681974,
            -22.9510068
          ],
          [
            -43.1686926,
            -22.9513769
          ]
        ]
      },
      "id": "way/18008555"
    },
    {
      "type": "Feature",
      "properties": {
        "@id": "way/19112425",
        "highway": "trunk_link",
        "lanes": "1",
        "lit": "yes",
        "name": "Avenida Carlos Peixoto",
        "oneway": "yes",
        "parking:lane:both": "no_stopping",
        "surface": "asphalt"
      },
      "geometry": {
        "type": "LineString",
        "coordinates": [
          [
            -43.1777032,
            -22.9564287
          ],
          [
            -43.1777253,
            -22.9565608
          ],
          [
            -43.177787,
            -22.9568732
          ],
          [
            -43.1778172,
            -22.956988
          ]
        ]
      },
      "id": "way/19112425"
    },
    {
      "type": "Feature",
      "properties": {
        "@id": "way/19113329",
        "highway": "tertiary_link",
        "lanes": "2",
        "oneway": "yes",
        "surface": "paved"
      },
      "geometry": {
        "type": "LineString",
        "coordinates": [
          [
            -43.1763709,
            -22.9583162
          ],
          [
            -43.176345,
            -22.958265
          ],
          [
            -43.1762783,
            -22.9581829
          ],
          [
            -43.1761798,
            -22.9580577
          ]
        ]
      },
      "id": "way/19113329"
    },
    {
      "type": "Feature",
      "properties": {
        "@id": "way/20445247",
        "date_off": "sunday",
        "date_on": "sunday",
        "description": "acesso à Avenida Rui Barbosa próximo ao número 762",
        "destination": "Flamengo",
        "highway": "trunk_link",
        "hour_off": "07:00",
        "hour_on": "18:00",
        "lanes": "1",
        "lit": "no",
        "oneway": "yes",
        "opening_hours": "18:00-07:00",
        "surface": "paved"
      },
      "geometry": {
        "type": "LineString",
        "coordinates": [
          [
            -43.1741034,
            -22.9435888
          ],
          [
            -43.1741857,
            -22.9435797
          ],
          [
            -43.1742717,
            -22.9435555
          ],
          [
            -43.1743221,
            -22.943528
          ],
          [
            -43.1743555,
            -22.9434993
          ],
          [
            -43.1746141,
            -22.9431351
          ],
          [
            -43.1746287,
            -22.9430902
          ],
          [
            -43.1746353,
            -22.9430408
          ]
        ]
      },
      "id": "way/20445247"
    },
    {
      "type": "Feature",
      "properties": {
        "@id": "way/23017337",
        "IPP:CodLogradouro": "079350",
        "foot": "yes",
        "highway": "primary",
        "lanes": "2",
        "name": "Rua Fernando Ferrari",
        "oneway": "yes",
        "parking_lane": "no",
        "postal_code": "22231-040",
        "surface": "asphalt"
      },
      "geometry": {
        "type": "LineString",
        "coordinates": [
          [
            -43.1822317,
            -22.9418447
          ],
          [
            -43.182495,
            -22.9411344
          ],
          [
            -43.1826379,
            -22.940775
          ]
        ]
      },
      "id": "way/23017337"
    },
    {
      "type": "Feature",
      "properties": {
        "@id": "way/23017397",
        "IPP:CodLogradouro": "071233",
        "cycleway:right": "no",
        "highway": "tertiary",
        "lanes": "2",
        "lit": "yes",
        "name": "Rua Farani",
        "oneway": "yes",
        "postal_code": "22231-020",
        "surface": "asphalt"
      },
      "geometry": {
        "type": "LineString",
        "coordinates": [
          [
            -43.1803155,
            -22.942462
          ],
          [
            -43.1804665,
            -22.942317
          ],
          [
            -43.1805852,
            -22.942213
          ]
        ]
      },
      "id": "way/23017397"
    },
    {
      "type": "Feature",
      "properties": {
        "@id": "way/27293432",
        "description": "acesso à Avenida das Nações Unidas em frente à rua Professor Alfredo Gomes",
        "highway": "trunk_link",
        "lanes": "1",
        "oneway": "yes",
        "surface": "paved"
      },
      "geometry": {
        "type": "LineString",
        "coordinates": [
          [
            -43.1821491,
            -22.947713
          ],
          [
            -43.1820975,
            -22.9476557
          ],
          [
            -43.1820407,
            -22.9476178
          ],
          [
            -43.1819772,
            -22.947596
          ],
          [
            -43.1819296,
            -22.9475877
          ],
          [
            -43.1818599,
            -22.9475902
          ],
          [
            -43.1817951,
            -22.9476077
          ],
          [
            -43.1817336,
            -22.9476445
          ],
          [
            -43.1816322,
            -22.9477243
          ]
        ]
      },
      "id": "way/27293432"
    },
    {
      "type": "Feature",
      "properties": {
        "@id": "way/27592370",
        "cep:impar": "22230-060",
        "cep:par": "22230-061",
        "highway": "tertiary",
        "lanes": "2",
        "maxspeed": "60",
        "name": "Rua Marquês de Abrantes",
        "oneway": "yes",
        "parking:lane:left": "parallel",
        "parking:lane:right": "no_parking",
        "surface": "asphalt"
      },
      "geometry": {
        "type": "LineString",
        "coordinates": [
          [
            -43.1775903,
            -22.9329041
          ],
          [
            -43.1775348,
            -22.9329935
          ],
          [
            -43.1774589,
            -22.9331042
          ],
          [
            -43.1773802,
            -22.9332688
          ],
          [
            -43.1773722,
            -22.9333072
          ],
          [
            -43.1773626,
            -22.933353
          ],
          [
            -43.1773292,
            -22.9335746
          ],
          [
            -43.1773004,
            -22.9339359
          ],
          [
            -43.177261,
            -22.9342762
          ],
          [
            -43.1772454,
            -22.9344115
          ],
          [
            -43.1772348,
            -22.9345027
          ],
          [
            -43.1772078,
            -22.9349645
          ],
          [
            -43.1772002,
            -22.9350934
          ],
          [
            -43.1771909,
            -22.9352597
          ],
          [
            -43.1771855,
            -22.9353066
          ],
          [
            -43.1771815,
            -22.9354721
          ],
          [
            -43.1771842,
            -22.935582
          ],
          [
            -43.1771909,
            -22.9357772
          ],
          [
            -43.1772662,
            -22.9361263
          ],
          [
            -43.1774426,
            -22.9367775
          ],
          [
            -43.177594,
            -22.9373944
          ],
          [
            -43.1776051,
            -22.9374345
          ],
          [
            -43.1777647,
            -22.9379131
          ],
          [
            -43.1779089,
            -22.9384281
          ],
          [
            -43.1781742,
            -22.9392222
          ],
          [
            -43.1784593,
            -22.9401711
          ],
          [
            -43.178684,
            -22.9408909
          ],
          [
            -43.1786991,
            -22.9409323
          ],
          [
            -43.1787631,
            -22.9411238
          ]
        ]
      },
      "id": "way/27592370"
    },
    {
      "type": "Feature",
      "properties": {
        "@id": "way/30451181",
        "IPP:CodLogradouro": "188532",
        "cycleway:both": "no",
        "highway": "tertiary",
        "lanes": "2",
        "lit": "yes",
        "name": "Rua Nelson Mandela",
        "oneway": "yes",
        "parking:lane:left": "diagonal",
        "parking:lane:right": "no_parking",
        "postal_code": "22251-090",
        "surface": "asphalt"
      },
      "geometry": {
        "type": "LineString",
        "coordinates": [
          [
            -43.1842408,
            -22.9493
          ],
          [
            -43.1842118,
            -22.9498649
          ],
          [
            -43.1841652,
            -22.9507912
          ]
        ]
      },
      "id": "way/30451181"
    },
    {
      "type": "Feature",
      "properties": {
        "@id": "way/30633050",
        "highway": "trunk",
        "lanes": "4",
        "name": "Avenida das Nações Unidas",
        "oneway": "yes",
        "surface": "paved"
      },
      "geometry": {
        "type": "LineString",
        "coordinates": [
          [
            -43.1802906,
            -22.9500088
          ],
          [
            -43.1807098,
            -22.9488762
          ]
        ]
      },
      "id": "way/30633050"
    },
    {
      "type": "Feature",
      "properties": {
        "@id": "way/30969241",
        "bicycle": "designated",
        "highway": "secondary",
        "lanes": "3",
        "name": "Rua Siqueira Campos",
        "old_name": "Rua Barroso",
        "oneway": "yes",
        "surface": "asphalt"
      },
      "geometry": {
        "type": "LineString",
        "coordinates": [
          [
            -43.1861913,
            -22.9671348
          ],
          [
            -43.1858102,
            -22.967615
          ],
          [
            -43.1854908,
            -22.9680205
          ],
          [
            -43.1852437,
            -22.968324
          ]
        ]
      },
      "id": "way/30969241"
    },
    {
      "type": "Feature",
      "properties": {
        "@id": "way/30969242",
        "bicycle": "designated",
        "cycleway:right": "shared_lane",
        "highway": "secondary",
        "lanes": "2",
        "name": "Rua Siqueira Campos",
        "old_name": "Rua Barroso",
        "oneway": "yes",
        "surface": "asphalt"
      },
      "geometry": {
        "type": "LineString",
        "coordinates": [
          [
            -43.1833839,
            -22.97066
          ],
          [
            -43.1832237,
            -22.9708252
          ]
        ]
      },
      "id": "way/30969242"
    },
    {
      "type": "Feature",
      "properties": {
        "@id": "way/30969386",
        "description": "Avenida Atlântica (pista junto à orla)",
        "hgv:conditional": "no @ (Mo-Fr 6:00-19:00,17:00-20:00)",
        "highway": "trunk",
        "lanes": "3",
        "lit": "yes",
        "maxspeed": "70",
        "maxspeed:type": "sign",
        "name": "Avenida Atlântica",
        "oneway": "yes",
        "surface": "asphalt",
        "vehicle:conditional": "no @ (Su,PH 07:00-18:00)"
      },
      "geometry": {
        "type": "LineString",
        "coordinates": [
          [
            -43.1845204,
            -22.9719686
          ],
          [
            -43.1844842,
            -22.9719303
          ],
          [
            -43.1843965,
            -22.9718467
          ],
          [
            -43.184367,
            -22.971819
          ],
          [
            -43.1834038,
            -22.9709843
          ],
          [
            -43.1833595,
            -22.9709452
          ],
          [
            -43.1832237,
            -22.9708252
          ],
          [
            -43.1830341,
            -22.9706748
          ],
          [
            -43.1823713,
            -22.9702103
          ],
          [
            -43.1813843,
            -22.9695373
          ],
          [
            -43.1805717,
            -22.9690109
          ],
          [
            -43.180486,
            -22.9689544
          ],
          [
            -43.180441,
            -22.9689242
          ],
          [
            -43.1798748,
            -22.9685588
          ],
          [
            -43.1792838,
            -22.9682164
          ],
          [
            -43.1782687,
            -22.9676205
          ],
          [
            -43.1782158,
            -22.9675911
          ],
          [
            -43.1779768,
            -22.967452
          ],
          [
            -43.176519,
            -22.9666729
          ],
          [
            -43.175882,
            -22.9663506
          ],
          [
            -43.1743915,
            -22.9656594
          ],
          [
            -43.1743443,
            -22.9656393
          ],
          [
            -43.1740433,
            -22.9654998
          ]
        ]
      },
      "id": "way/30969386"
    },
    {
      "type": "Feature",
      "properties": {
        "@id": "way/30969387",
        "highway": "secondary",
        "lanes": "3",
        "name": "Rua Figueiredo de Magalhães",
        "oneway": "yes",
        "surface": "asphalt"
      },
      "geometry": {
        "type": "LineString",
        "coordinates": [
          [
            -43.188064,
            -22.9678219
          ],
          [
            -43.188299,
            -22.9675457
          ],
          [
            -43.1884429,
            -22.9673544
          ],
          [
            -43.1884721,
            -22.9673155
          ],
          [
            -43.188497,
            -22.9672824
          ],
          [
            -43.188516,
            -22.9672571
          ],
          [
            -43.1889666,
            -22.9667114
          ],
          [
            -43.1893649,
            -22.9662508
          ],
          [
            -43.1895996,
            -22.965973
          ],
          [
            -43.1905712,
            -22.9648833
          ],
          [
            -43.1906962,
            -22.9647308
          ]
        ]
      },
      "id": "way/30969387"
    },
    {
      "type": "Feature",
      "properties": {
        "@id": "way/30985968",
        "cycleway:right": "no",
        "highway": "primary_link",
        "lanes": "1",
        "lit": "yes",
        "name": "Rua Fernando Ferrari",
        "oneway": "yes",
        "parking:lane:both": "no_stopping",
        "postal_code": "22231-040",
        "surface": "asphalt"
      },
      "geometry": {
        "type": "LineString",
        "coordinates": [
          [
            -43.1815574,
            -22.9432567
          ],
          [
            -43.1816192,
            -22.9432875
          ],
          [
            -43.1816667,
            -22.9433086
          ],
          [
            -43.1817188,
            -22.9433221
          ],
          [
            -43.1817825,
            -22.9433315
          ],
          [
            -43.1818092,
            -22.9433275
          ],
          [
            -43.1818306,
            -22.9433193
          ],
          [
            -43.1818451,
            -22.9433075
          ]
        ]
      },
      "id": "way/30985968"
    },
    {
      "type": "Feature",
      "properties": {
        "@id": "way/30986004",
        "highway": "secondary",
        "lanes": "1",
        "lit": "yes",
        "name": "Rua Muniz Barreto",
        "old_name": "Travessa Dona Carlota",
        "oneway": "yes",
        "parking:lane:both": "no_stopping",
        "surface": "asphalt"
      },
      "geometry": {
        "type": "LineString",
        "coordinates": [
          [
            -43.1822535,
            -22.9423222
          ],
          [
            -43.1822894,
            -22.9422655
          ],
          [
            -43.1823018,
            -22.9422491
          ],
          [
            -43.1823182,
            -22.9422359
          ],
          [
            -43.1823376,
            -22.9422268
          ],
          [
            -43.1823588,
            -22.9422224
          ],
          [
            -43.1823854,
            -22.9422236
          ],
          [
            -43.1824104,
            -22.942232
          ],
          [
            -43.1824316,
            -22.942247
          ],
          [
            -43.1824919,
            -22.9422898
          ],
          [
            -43.1826447,
            -22.9423744
          ]
        ]
      },
      "id": "way/30986004"
    },
    {
      "type": "Feature",
      "properties": {
        "@id": "way/30989035",
        "highway": "tertiary",
        "lanes": "2",
        "lit": "yes",
        "maxspeed": "40",
        "name": "Rua Cosme Velho",
        "oneway": "no",
        "sidewalk": "both",
        "surface": "asphalt"
      },
      "geometry": {
        "type": "LineString",
        "coordinates": [
          [
            -43.1994769,
            -22.9402248
          ],
          [
            -43.1993067,
            -22.9401987
          ],
          [
            -43.1992457,
            -22.9401873
          ]
        ]
      },
      "id": "way/30989035"
    },
    {
      "type": "Feature",
      "properties": {
        "@id": "way/30989309",
        "IPP:CodLogradouro": "067082",
        "highway": "primary",
        "lanes": "4",
        "name": "Praia de Botafogo",
        "old_name": "Praia João de Sousa do PAA 4.047;Praia Francisco Velho",
        "oneway": "yes",
        "parking_lane": "left",
        "postal_code": "22250-040",
        "surface": "asphalt"
      },
      "geometry": {
        "type": "LineString",
        "coordinates": [
          [
            -43.1787631,
            -22.9411238
          ],
          [
            -43.1789303,
            -22.9411904
          ],
          [
            -43.1792039,
            -22.9413288
          ],
          [
            -43.1795472,
            -22.9415214
          ],
          [
            -43.1797352,
            -22.941634
          ],
          [
            -43.1801542,
            -22.9418925
          ],
          [
            -43.1804835,
            -22.9421369
          ],
          [
            -43.1805852,
            -22.942213
          ]
        ]
      },
      "id": "way/30989309"
    },
    {
      "type": "Feature",
      "properties": {
        "@id": "way/30989330",
        "highway": "primary",
        "lanes": "2",
        "lit": "yes",
        "name": "Avenida Pasteur",
        "old_name": "Rua Pedreira de Botafogo;Praia Suzano;Praia de Santa Cecília;Porto de Martim Affonso;Praia Vermelha;Praia da Saudade",
        "oneway": "yes",
        "source": "survey",
        "surface": "asphalt"
      },
      "geometry": {
        "type": "LineString",
        "coordinates": [
          [
            -43.1769318,
            -22.9501824
          ],
          [
            -43.1771087,
            -22.9501398
          ],
          [
            -43.1772171,
            -22.9501123
          ],
          [
            -43.1773207,
            -22.9500864
          ],
          [
            -43.1773866,
            -22.9500705
          ],
          [
            -43.1774626,
            -22.9500524
          ],
          [
            -43.177548,
            -22.9500383
          ],
          [
            -43.1776256,
            -22.9500312
          ],
          [
            -43.1776926,
            -22.9500263
          ],
          [
            -43.1777595,
            -22.9500256
          ],
          [
            -43.1778269,
            -22.9500265
          ],
          [
            -43.1779035,
            -22.9500303
          ],
          [
            -43.1779761,
            -22.9500368
          ],
          [
            -43.1780395,
            -22.950049
          ],
          [
            -43.1782247,
            -22.9501004
          ],
          [
            -43.1784414,
            -22.9501774
          ]
        ]
      },
      "id": "way/30989330"
    },
    {
      "type": "Feature",
      "properties": {
        "@id": "way/30989335",
        "bridge": "yes",
        "bridge:name": "Viaduto Rainha Carlota Joaquina de Portugal e Brasil",
        "highway": "primary",
        "lanes": "2",
        "layer": "1",
        "name": "Avenida Pasteur",
        "old_name": "Rua Pedreira de Botafogo;Praia Suzano;Praia de Santa Cecília;Porto de Martim Affonso;Praia Vermelha;Praia da Saudade",
        "oneway": "yes",
        "surface": "asphalt"
      },
      "geometry": {
        "type": "LineString",
        "coordinates": [
          [
            -43.1798209,
            -22.9507577
          ],
          [
            -43.1800729,
            -22.9508475
          ]
        ]
      },
      "id": "way/30989335"
    },
    {
      "type": "Feature",
      "properties": {
        "@id": "way/30989356",
        "IPP:CodLogradouro": "078725",
        "highway": "tertiary",
        "lanes": "3",
        "name": "Rua da Passagem",
        "old_name": "Rua do Pasmado",
        "oneway": "yes",
        "parking_lane": "left",
        "postal_code": "22290-030",
        "surface": "asphalt"
      },
      "geometry": {
        "type": "LineString",
        "coordinates": [
          [
            -43.1820358,
            -22.9526446
          ],
          [
            -43.181821,
            -22.9530386
          ],
          [
            -43.1815461,
            -22.9535403
          ],
          [
            -43.1814675,
            -22.9536808
          ],
          [
            -43.181201,
            -22.9542484
          ],
          [
            -43.1811792,
            -22.9542952
          ],
          [
            -43.1811408,
            -22.9543852
          ]
        ]
      },
      "id": "way/30989356"
    },
    {
      "type": "Feature",
      "properties": {
        "@id": "way/30989359",
        "IPP:CodLogradouro": "087726",
        "alt_name": "Rua Alvaro Ramos",
        "highway": "tertiary",
        "lanes": "3",
        "name": "Rua General Góis Monteiro",
        "oneway": "yes",
        "postal_code": "22290-080",
        "surface": "paved"
      },
      "geometry": {
        "type": "LineString",
        "coordinates": [
          [
            -43.1803508,
            -22.9558466
          ],
          [
            -43.180262,
            -22.9558507
          ],
          [
            -43.1801694,
            -22.9558359
          ],
          [
            -43.1799282,
            -22.9557833
          ],
          [
            -43.1784646,
            -22.9556853
          ],
          [
            -43.1783946,
            -22.9556838
          ],
          [
            -43.1783419,
            -22.9556881
          ],
          [
            -43.1781779,
            -22.955721
          ]
        ]
      },
      "id": "way/30989359"
    },
    {
      "type": "Feature",
      "properties": {
        "@id": "way/30989367",
        "IPP:CodLogradouro": "073593",
        "foot": "yes",
        "highway": "trunk",
        "lanes": "4",
        "lanes:backward:conditional": "2 @ (Mo-Fr 07:00-10:00)",
        "lit": "yes",
        "name": "Avenida Lauro Sodré",
        "old_name": "Rua do Túnel;Rua Honório de Lemos",
        "oneway": "yes",
        "oneway:conditional": "no @ (Mo-Fr 07:00-10:00)",
        "parking_lane": "no",
        "postal_code": "22290-070",
        "sidewalk": "both",
        "surface": "asphalt"
      },
      "geometry": {
        "type": "LineString",
        "coordinates": [
          [
            -43.1777876,
            -22.9560872
          ],
          [
            -43.1777354,
            -22.956242
          ],
          [
            -43.1777032,
            -22.9564287
          ],
          [
            -43.177667,
            -22.9567608
          ],
          [
            -43.177616,
            -22.9570794
          ],
          [
            -43.1775007,
            -22.9576499
          ],
          [
            -43.1774497,
            -22.9578845
          ],
          [
            -43.1773906,
            -22.9580945
          ],
          [
            -43.1773303,
            -22.9582742
          ],
          [
            -43.1770531,
            -22.9588198
          ],
          [
            -43.1770148,
            -22.9588854
          ]
        ]
      },
      "id": "way/30989367"
    },
    {
      "type": "Feature",
      "properties": {
        "@id": "way/30989373",
        "highway": "trunk",
        "lanes": "4",
        "lanes:backward:conditional": "2 @ (Mo-Fr 7:00-10:00)",
        "lit": "yes",
        "maxspeed:type": "BR:trunk",
        "name": "Avenida Princesa Isabel",
        "oneway": "yes",
        "oneway:conditional": "no @ (Mo-Fr 07:00-10:00)",
        "parking:lane:left": "no_stopping",
        "parking:lane:right": "no_parking",
        "postal_code": "22011-010",
        "sidewalk": "both",
        "surface": "asphalt"
      },
      "geometry": {
        "type": "LineString",
        "coordinates": [
          [
            -43.1756057,
            -22.9614477
          ],
          [
            -43.1753383,
            -22.9619377
          ],
          [
            -43.1753039,
            -22.9620009
          ],
          [
            -43.1752807,
            -22.9620434
          ],
          [
            -43.1752574,
            -22.962086
          ],
          [
            -43.1752201,
            -22.9621544
          ],
          [
            -43.1747582,
            -22.9630009
          ],
          [
            -43.1747243,
            -22.963063
          ],
          [
            -43.1746488,
            -22.9632014
          ],
          [
            -43.1745817,
            -22.9633245
          ],
          [
            -43.1742743,
            -22.9638877
          ],
          [
            -43.1742012,
            -22.9640217
          ]
        ]
      },
      "id": "way/30989373"
    },
    {
      "type": "Feature",
      "properties": {
        "@id": "way/30989402",
        "IPP:CodLogradouro": "093278",
        "description": "Praia de Botafogo (pista lateral)",
        "highway": "primary",
        "lanes": "3",
        "name": "Praia de Botafogo",
        "old_name": "Praia João de Sousa do PAA 4.047;Praia Francisco Velho",
        "oneway": "yes",
        "postal_code": "22250-150",
        "surface": "asphalt"
      },
      "geometry": {
        "type": "LineString",
        "coordinates": [
          [
            -43.1812763,
            -22.943787
          ],
          [
            -43.1809393,
            -22.9433283
          ],
          [
            -43.1807376,
            -22.9430856
          ],
          [
            -43.1803827,
            -22.9427058
          ],
          [
            -43.1801582,
            -22.9425009
          ],
          [
            -43.1799487,
            -22.9423369
          ],
          [
            -43.1798113,
            -22.9422316
          ],
          [
            -43.1796586,
            -22.9421387
          ],
          [
            -43.1795053,
            -22.9420603
          ],
          [
            -43.1793237,
            -22.9419796
          ]
        ]
      },
      "id": "way/30989402"
    },
    {
      "type": "Feature",
      "properties": {
        "@id": "way/30989403",
        "IPP:CodLogradouro": "093278",
        "description": "Praia de Botafogo (pista central)",
        "highway": "primary",
        "lanes": "3",
        "name": "Praia de Botafogo",
        "old_name": "Praia João de Sousa do PAA 4.047;Praia Francisco Velho",
        "oneway": "yes",
        "parking_lane": "no",
        "postal_code": "22250-150",
        "surface": "asphalt"
      },
      "geometry": {
        "type": "LineString",
        "coordinates": [
          [
            -43.1810456,
            -22.9432387
          ],
          [
            -43.180843,
            -22.9429972
          ],
          [
            -43.180636,
            -22.9427806
          ],
          [
            -43.1805155,
            -22.9426502
          ],
          [
            -43.1803155,
            -22.942462
          ]
        ]
      },
      "id": "way/30989403"
    },
    {
      "type": "Feature",
      "properties": {
        "@id": "way/30989405",
        "IPP:CodLogradouro": "093278",
        "description": "Praia de Botafogo (pista central)",
        "highway": "primary",
        "lanes": "3",
        "name": "Praia de Botafogo",
        "old_name": "Praia João de Sousa do PAA 4.047;Praia Francisco Velho",
        "oneway": "yes",
        "parking_lane": "no",
        "postal_code": "22250-150",
        "surface": "asphalt"
      },
      "geometry": {
        "type": "LineString",
        "coordinates": [
          [
            -43.1803155,
            -22.942462
          ],
          [
            -43.1800429,
            -22.9422375
          ],
          [
            -43.179978,
            -22.9421822
          ],
          [
            -43.1797057,
            -22.9420097
          ]
        ]
      },
      "id": "way/30989405"
    },
    {
      "type": "Feature",
      "properties": {
        "@id": "way/30989408",
        "IPP:CodLogradouro": "079350",
        "foot": "yes",
        "highway": "primary",
        "lanes": "2",
        "name": "Rua Pinheiro Machado",
        "oneway": "yes",
        "postal_code": "22231-090"
      },
      "geometry": {
        "type": "LineString",
        "coordinates": [
          [
            -43.1826379,
            -22.940775
          ],
          [
            -43.1826766,
            -22.9405907
          ],
          [
            -43.1827706,
            -22.9402329
          ]
        ]
      },
      "id": "way/30989408"
    },
    {
      "type": "Feature",
      "properties": {
        "@id": "way/32520735",
        "highway": "primary_link",
        "lanes": "1",
        "lit": "yes",
        "oneway": "yes",
        "surface": "asphalt"
      },
      "geometry": {
        "type": "LineString",
        "coordinates": [
          [
            -43.1778033,
            -22.9502119
          ],
          [
            -43.1778294,
            -22.9502098
          ],
          [
            -43.1778532,
            -22.9502078
          ],
          [
            -43.1778733,
            -22.9502043
          ],
          [
            -43.1778912,
            -22.9502008
          ],
          [
            -43.1779091,
            -22.9501954
          ],
          [
            -43.1779223,
            -22.95019
          ],
          [
            -43.1779369,
            -22.9501815
          ],
          [
            -43.1779527,
            -22.9501687
          ],
          [
            -43.1779691,
            -22.9501533
          ],
          [
            -43.1779842,
            -22.9501351
          ],
          [
            -43.1780034,
            -22.9501082
          ]
        ]
      },
      "id": "way/32520735"
    },
    {
      "type": "Feature",
      "properties": {
        "@id": "way/33299516",
        "highway": "trunk_link",
        "lanes": "2",
        "oneway": "yes",
        "source": "Bing"
      },
      "geometry": {
        "type": "LineString",
        "coordinates": [
          [
            -43.1753383,
            -22.9619377
          ],
          [
            -43.1751587,
            -22.9618523
          ],
          [
            -43.1749837,
            -22.9617907
          ]
        ]
      },
      "id": "way/33299516"
    },
    {
      "type": "Feature",
      "properties": {
        "@id": "way/33299600",
        "highway": "tertiary",
        "lanes": "2",
        "name": "Avenida Atlântica",
        "oneway": "yes",
        "sidewalk:left": "yes",
        "sidewalk:right": "no",
        "surface": "asphalt"
      },
      "geometry": {
        "type": "LineString",
        "coordinates": [
          [
            -43.1724622,
            -22.9645722
          ],
          [
            -43.1731106,
            -22.9648409
          ],
          [
            -43.1733564,
            -22.964959
          ]
        ]
      },
      "id": "way/33299600"
    },
    {
      "type": "Feature",
      "properties": {
        "@id": "way/35677022",
        "description": "acesso à Avenida das Nações Unidas próximo ao Centro Empresarial Mourisco",
        "highway": "trunk_link",
        "lanes": "1",
        "lit": "yes",
        "oneway": "yes",
        "source": "survey",
        "surface": "asphalt"
      },
      "geometry": {
        "type": "LineString",
        "coordinates": [
          [
            -43.1805133,
            -22.9509981
          ],
          [
            -43.1805817,
            -22.9509965
          ],
          [
            -43.1806339,
            -22.9509948
          ],
          [
            -43.1807284,
            -22.9509824
          ],
          [
            -43.1807925,
            -22.9509681
          ],
          [
            -43.1808477,
            -22.9509474
          ],
          [
            -43.1808918,
            -22.9509268
          ],
          [
            -43.1809385,
            -22.950899
          ],
          [
            -43.1810004,
            -22.9508517
          ],
          [
            -43.1810552,
            -22.9507939
          ],
          [
            -43.1811382,
            -22.9507023
          ]
        ]
      },
      "id": "way/35677022"
    },
    {
      "type": "Feature",
      "properties": {
        "@id": "way/35677026",
        "highway": "trunk_link",
        "lanes": "1",
        "oneway": "yes",
        "surface": "paved"
      },
      "geometry": {
        "type": "LineString",
        "coordinates": [
          [
            -43.1813542,
            -22.9504411
          ],
          [
            -43.1813602,
            -22.9504786
          ],
          [
            -43.1813606,
            -22.9504864
          ],
          [
            -43.1813612,
            -22.9504951
          ],
          [
            -43.181361,
            -22.9505051
          ],
          [
            -43.1813599,
            -22.9505148
          ],
          [
            -43.1813565,
            -22.9505302
          ],
          [
            -43.181354,
            -22.9505364
          ],
          [
            -43.1813506,
            -22.9505432
          ],
          [
            -43.1813469,
            -22.9505477
          ],
          [
            -43.1813422,
            -22.9505522
          ],
          [
            -43.1813379,
            -22.9505556
          ],
          [
            -43.1813326,
            -22.9505584
          ],
          [
            -43.1813258,
            -22.9505616
          ],
          [
            -43.1813161,
            -22.9505653
          ],
          [
            -43.1813033,
            -22.9505683
          ],
          [
            -43.181294,
            -22.9505686
          ],
          [
            -43.1812847,
            -22.950568
          ],
          [
            -43.1812757,
            -22.9505664
          ],
          [
            -43.1812669,
            -22.9505639
          ],
          [
            -43.1812545,
            -22.9505578
          ],
          [
            -43.1812437,
            -22.9505493
          ],
          [
            -43.181237,
            -22.9505411
          ],
          [
            -43.1812323,
            -22.9505335
          ],
          [
            -43.1812282,
            -22.950526
          ],
          [
            -43.1812127,
            -22.9504849
          ]
        ]
      },
      "id": "way/35677026"
    },
    {
      "type": "Feature",
      "properties": {
        "@id": "way/35922897",
        "highway": "tertiary_link",
        "lanes": "1",
        "oneway": "yes"
      },
      "geometry": {
        "type": "LineString",
        "coordinates": [
          [
            -43.1903258,
            -22.9364534
          ],
          [
            -43.190272,
            -22.9364373
          ],
          [
            -43.1902565,
            -22.9364187
          ],
          [
            -43.190248,
            -22.9363934
          ],
          [
            -43.1902511,
            -22.9363676
          ],
          [
            -43.1902617,
            -22.9363177
          ]
        ]
      },
      "id": "way/35922897"
    },
    {
      "type": "Feature",
      "properties": {
        "@id": "way/36869405",
        "IPP:CodLogradouro": "080473",
        "highway": "primary",
        "lanes": "3",
        "lit": "yes",
        "name": "Avenida Rui Barbosa",
        "old_name": "Rua Duque Estrada Teixeira;Avenida do Contorno",
        "oneway": "yes",
        "parking_lane": "left",
        "postal_code": "22250-020",
        "surface": "asphalt"
      },
      "geometry": {
        "type": "LineString",
        "coordinates": [
          [
            -43.1769258,
            -22.9425664
          ],
          [
            -43.176128,
            -22.9431994
          ],
          [
            -43.1759848,
            -22.9432689
          ],
          [
            -43.1757988,
            -22.9433444
          ],
          [
            -43.175729,
            -22.9433567
          ],
          [
            -43.175476,
            -22.9433825
          ],
          [
            -43.1753252,
            -22.943374
          ],
          [
            -43.1750696,
            -22.9433005
          ],
          [
            -43.1749485,
            -22.9432511
          ],
          [
            -43.1748278,
            -22.9431863
          ],
          [
            -43.1747115,
            -22.9431065
          ],
          [
            -43.1746353,
            -22.9430408
          ]
        ]
      },
      "id": "way/36869405"
    },
    {
      "type": "Feature",
      "properties": {
        "@id": "way/37319451",
        "cycleway:right": "no",
        "highway": "tertiary",
        "lanes": "1",
        "lit": "yes",
        "maxspeed": "40",
        "maxspeed:type": "sign",
        "name": "Avenida Portugal",
        "oneway": "yes",
        "parking:condition:left": "free",
        "parking:lane:left": "parallel",
        "parking:lane:right": "no_stopping",
        "surface": "asphalt"
      },
      "geometry": {
        "type": "LineString",
        "coordinates": [
          [
            -43.1686926,
            -22.9513769
          ],
          [
            -43.1693116,
            -22.951845
          ]
        ]
      },
      "id": "way/37319451"
    },
    {
      "type": "Feature",
      "properties": {
        "@id": "way/37319452",
        "IPP:CodLogradouro": "138412",
        "cycleway:right": "no",
        "highway": "tertiary",
        "lanes": "3",
        "maxspeed": "40",
        "name": "Rua Clotilde Guimarães",
        "oneway": "yes",
        "postal_code": "22250-160",
        "surface": "asphalt"
      },
      "geometry": {
        "type": "LineString",
        "coordinates": [
          [
            -43.1809644,
            -22.9515123
          ],
          [
            -43.181044,
            -22.9516078
          ],
          [
            -43.1812453,
            -22.9518252
          ],
          [
            -43.1812879,
            -22.9518708
          ],
          [
            -43.1814039,
            -22.9519949
          ],
          [
            -43.1814746,
            -22.952072
          ],
          [
            -43.1815557,
            -22.9521328
          ],
          [
            -43.1816676,
            -22.9521799
          ],
          [
            -43.1818126,
            -22.9522089
          ],
          [
            -43.1818954,
            -22.9522478
          ],
          [
            -43.1819485,
            -22.9522827
          ],
          [
            -43.1819927,
            -22.9523225
          ],
          [
            -43.1820217,
            -22.9523643
          ],
          [
            -43.1820401,
            -22.9524282
          ],
          [
            -43.1820467,
            -22.9525174
          ],
          [
            -43.182043,
            -22.9525607
          ],
          [
            -43.1820358,
            -22.9526446
          ]
        ]
      },
      "id": "way/37319452"
    },
    {
      "type": "Feature",
      "properties": {
        "@id": "way/37319455",
        "cycleway:right": "no",
        "highway": "secondary",
        "lanes": "4",
        "lanes:psv:forward:conditional": "2 @ (Mo-Fr 06:00-21:00; Sa 06:00-14:00)",
        "lit": "yes",
        "maxspeed": "60",
        "name": "Rua Barata Ribeiro",
        "oneway": "yes",
        "parking:lane:left": "parallel",
        "parking:lane:left:conditional": "no_parking @ (Mo-Fr 06:00-21:00; Sa 06:00-14:00)",
        "parking:lane:right": "no_stopping",
        "surface": "asphalt"
      },
      "geometry": {
        "type": "LineString",
        "coordinates": [
          [
            -43.1758338,
            -22.9621429
          ],
          [
            -43.175864,
            -22.9621809
          ],
          [
            -43.1759034,
            -22.9622289
          ],
          [
            -43.175946,
            -22.9622691
          ],
          [
            -43.1760385,
            -22.9623324
          ],
          [
            -43.1766094,
            -22.9626876
          ],
          [
            -43.1767657,
            -22.9627808
          ],
          [
            -43.1772593,
            -22.9631006
          ],
          [
            -43.1776961,
            -22.9633831
          ],
          [
            -43.1778131,
            -22.9634599
          ],
          [
            -43.1786444,
            -22.9640037
          ],
          [
            -43.1787466,
            -22.9640701
          ],
          [
            -43.1795948,
            -22.9646225
          ],
          [
            -43.1797819,
            -22.9647478
          ]
        ]
      },
      "id": "way/37319455"
    },
    {
      "type": "Feature",
      "properties": {
        "@id": "way/37319461",
        "IPP:CodLogradouro": "071233",
        "highway": "tertiary",
        "lanes": "2",
        "lit": "yes",
        "name": "Rua Farani",
        "oneway": "yes",
        "parking:lane:both": "no_parking",
        "postal_code": "22231-020",
        "surface": "asphalt"
      },
      "geometry": {
        "type": "LineString",
        "coordinates": [
          [
            -43.1805852,
            -22.942213
          ],
          [
            -43.1806682,
            -22.9421506
          ],
          [
            -43.1806881,
            -22.9421356
          ],
          [
            -43.1814838,
            -22.9415855
          ],
          [
            -43.1819389,
            -22.9412565
          ]
        ]
      },
      "id": "way/37319461"
    },
    {
      "type": "Feature",
      "properties": {
        "@id": "way/37319462",
        "IPP:CodLogradouro": "067082",
        "highway": "primary",
        "lanes": "3",
        "name": "Praia de Botafogo",
        "old_name": "Praia João de Sousa do PAA 4.047;Praia Francisco Velho",
        "oneway": "yes",
        "parking_lane": "left",
        "postal_code": "22250-040",
        "surface": "asphalt"
      },
      "geometry": {
        "type": "LineString",
        "coordinates": [
          [
            -43.1805852,
            -22.942213
          ],
          [
            -43.180977,
            -22.9425551
          ],
          [
            -43.1810152,
            -22.9425883
          ],
          [
            -43.1812752,
            -22.9428732
          ],
          [
            -43.1815574,
            -22.9432567
          ],
          [
            -43.1818523,
            -22.9437748
          ],
          [
            -43.1821964,
            -22.9444539
          ]
        ]
      },
      "id": "way/37319462"
    },
    {
      "type": "Feature",
      "properties": {
        "@id": "way/37319463",
        "cycleway:right": "no",
        "highway": "tertiary",
        "lanes": "3",
        "name": "Rua da Passagem",
        "old_name": "Rua do Pasmado",
        "oneway": "yes",
        "parking_lane": "left",
        "source": "Yahoo;survey",
        "surface": "asphalt"
      },
      "geometry": {
        "type": "LineString",
        "coordinates": [
          [
            -43.1811408,
            -22.9543852
          ],
          [
            -43.1810738,
            -22.9544632
          ],
          [
            -43.1807366,
            -22.9551228
          ],
          [
            -43.1804077,
            -22.9557363
          ],
          [
            -43.1803508,
            -22.9558466
          ]
        ]
      },
      "id": "way/37319463"
    },
    {
      "type": "Feature",
      "properties": {
        "@id": "way/37319467",
        "IPP:CodLogradouro": "083873",
        "foot": "yes",
        "highway": "trunk",
        "lanes": "4",
        "lit": "yes",
        "name": "Avenida Venceslau Braz",
        "oneway": "yes",
        "parking:lane:both": "no_parking",
        "postal_code": "22290-140",
        "surface": "asphalt"
      },
      "geometry": {
        "type": "LineString",
        "coordinates": [
          [
            -43.1758,
            -22.9523609
          ],
          [
            -43.1757181,
            -22.9522519
          ],
          [
            -43.1752906,
            -22.9516749
          ],
          [
            -43.1752598,
            -22.9516334
          ]
        ]
      },
      "id": "way/37319467"
    },
    {
      "type": "Feature",
      "properties": {
        "@id": "way/37319468",
        "bicycle": "yes",
        "cycleway:right": "shared_lane",
        "highway": "tertiary",
        "lanes": "2",
        "lit": "yes",
        "name": "Avenida Pasteur",
        "old_name": "Rua Pedreira de Botafogo;Praia Suzano;Praia de Santa Cecília;Porto de Martim Affonso;Praia Vermelha;Praia da Saudade",
        "oneway": "yes",
        "parking:lane:both": "no_parking",
        "surface": "asphalt"
      },
      "geometry": {
        "type": "LineString",
        "coordinates": [
          [
            -43.1676102,
            -22.954482
          ],
          [
            -43.1674817,
            -22.9545229
          ],
          [
            -43.1671581,
            -22.9546219
          ],
          [
            -43.1669398,
            -22.954682
          ]
        ]
      },
      "id": "way/37319468"
    },
    {
      "type": "Feature",
      "properties": {
        "@id": "way/37319565",
        "destination": "Para Copacabana e Ipanema",
        "highway": "trunk",
        "lanes": "2",
        "lit": "yes",
        "name": "Viaduto Engenheiro Humberto Vital Bandeira de Melo",
        "oneway": "yes",
        "parking:lane:both": "no_stopping",
        "source": "Yahoo;survey",
        "surface": "asphalt"
      },
      "geometry": {
        "type": "LineString",
        "coordinates": [
          [
            -43.2041154,
            -22.9614927
          ],
          [
            -43.2041145,
            -22.9616933
          ],
          [
            -43.2041471,
            -22.9619114
          ]
        ]
      },
      "id": "way/37319565"
    },
    {
      "type": "Feature",
      "properties": {
        "@id": "way/38302878",
        "IPP:CodLogradouro": "079350",
        "foot": "yes",
        "highway": "primary",
        "lanes": "3",
        "name": "Rua Pinheiro Machado",
        "old_name": "Rua Guanabara",
        "oneway": "yes",
        "parking_lane": "no",
        "postal_code": "22231-090",
        "surface": "asphalt"
      },
      "geometry": {
        "type": "LineString",
        "coordinates": [
          [
            -43.1828343,
            -22.9403135
          ],
          [
            -43.1827572,
            -22.9406362
          ]
        ]
      },
      "id": "way/38302878"
    },
    {
      "type": "Feature",
      "properties": {
        "@id": "way/38302880",
        "IPP:CodLogradouro": "079350",
        "cutting": "yes",
        "foot": "yes",
        "highway": "primary",
        "lanes": "3",
        "name": "Rua Pinheiro Machado",
        "oneway": "yes",
        "postal_code": "22231-090"
      },
      "geometry": {
        "type": "LineString",
        "coordinates": [
          [
            -43.1827706,
            -22.9402329
          ],
          [
            -43.1828628,
            -22.9398865
          ],
          [
            -43.1831386,
            -22.9388453
          ]
        ]
      },
      "id": "way/38302880"
    },
    {
      "type": "Feature",
      "properties": {
        "@id": "way/38302883",
        "foot": "yes",
        "highway": "primary",
        "lanes": "2",
        "lit": "yes",
        "name": "Rua Pinheiro Machado",
        "old_name": "Rua Guanabara",
        "oneway": "yes",
        "parking:lane:left": "no_stopping",
        "parking:lane:right": "no_parking",
        "surface": "asphalt"
      },
      "geometry": {
        "type": "LineString",
        "coordinates": [
          [
            -43.1831386,
            -22.9388453
          ],
          [
            -43.1831558,
            -22.9387407
          ],
          [
            -43.1832371,
            -22.9384569
          ],
          [
            -43.1833428,
            -22.9380884
          ],
          [
            -43.1833787,
            -22.9379623
          ],
          [
            -43.183399,
            -22.9378927
          ],
          [
            -43.1834541,
            -22.9376973
          ]
        ]
      },
      "id": "way/38302883"
    },
    {
      "type": "Feature",
      "properties": {
        "@id": "way/38302886",
        "IPP:CodLogradouro": "079350",
        "cutting": "yes",
        "foot": "yes",
        "highway": "primary",
        "lanes": "3",
        "lit": "yes",
        "name": "Rua Pinheiro Machado",
        "old_name": "Rua Guanabara",
        "oneway": "yes",
        "parking:lane:left": "no_stopping",
        "parking:lane:right": "no_parking",
        "postal_code": "22231-090"
      },
      "geometry": {
        "type": "LineString",
        "coordinates": [
          [
            -43.1830911,
            -22.9394853
          ],
          [
            -43.1830529,
            -22.9396222
          ],
          [
            -43.1829984,
            -22.9397488
          ],
          [
            -43.1828343,
            -22.9403135
          ]
        ]
      },
      "id": "way/38302886"
    },
    {
      "type": "Feature",
      "properties": {
        "@id": "way/38438909",
        "highway": "tertiary",
        "lanes": "2",
        "maxspeed": "30",
        "name": "Avenida Prado Júnior",
        "oneway": "yes",
        "sidewalk": "both",
        "surface": "paved"
      },
      "geometry": {
        "type": "LineString",
        "coordinates": [
          [
            -43.1758338,
            -22.9621429
          ],
          [
            -43.1757351,
            -22.9623422
          ]
        ]
      },
      "id": "way/38438909"
    },
    {
      "type": "Feature",
      "properties": {
        "@id": "way/42160245",
        "alt_name": "Rua Lauro Muller",
        "highway": "tertiary",
        "lanes": "2",
        "lit": "yes",
        "name": "Rua Lauro Müller",
        "old_name": "Rua Itapemirim",
        "oneway": "yes",
        "parking:lane:left": "no_stopping",
        "parking:lane:right": "no_parking",
        "parking_lane": "no",
        "source": "survey",
        "surface": "asphalt"
      },
      "geometry": {
        "type": "LineString",
        "coordinates": [
          [
            -43.1763779,
            -22.956592
          ],
          [
            -43.1769268,
            -22.9562566
          ],
          [
            -43.1770001,
            -22.9562032
          ],
          [
            -43.1771519,
            -22.9560717
          ],
          [
            -43.1772145,
            -22.9560087
          ],
          [
            -43.1772811,
            -22.955936
          ]
        ]
      },
      "id": "way/42160245"
    },
    {
      "type": "Feature",
      "properties": {
        "@id": "way/42161546",
        "IPP:CodLogradouro": "188532",
        "cycleway:right": "no",
        "fixme": "Should be duplicated with two oneway=yes ways.",
        "highway": "tertiary",
        "lanes": "1",
        "lit": "yes",
        "name": "Rua Nelson Mandela",
        "oneway": "yes",
        "parking:lane:both": "no_stopping",
        "postal_code": "22713-588",
        "surface": "asphalt"
      },
      "geometry": {
        "type": "LineString",
        "coordinates": [
          [
            -43.1840782,
            -22.9514807
          ],
          [
            -43.1840901,
            -22.951432
          ]
        ]
      },
      "id": "way/42161546"
    },
    {
      "type": "Feature",
      "properties": {
        "@id": "way/42161787",
        "IPP:CodLogradouro": "073593",
        "foot": "yes",
        "highway": "trunk",
        "lanes": "4",
        "lanes:backward:conditional": "2 @ (Mo-Fr 07:00-10:00)",
        "lit": "yes",
        "name": "Avenida Lauro Sodré",
        "old_name": "Rua do Túnel;Rua Honório de Lemos",
        "oneway": "yes",
        "oneway:conditional": "no @ (Mo-Fr 07:00-10:00)",
        "parking_lane": "no",
        "postal_code": "22290-070",
        "surface": "asphalt"
      },
      "geometry": {
        "type": "LineString",
        "coordinates": [
          [
            -43.1787447,
            -22.9538307
          ],
          [
            -43.1782794,
            -22.9549564
          ],
          [
            -43.1780317,
            -22.9554466
          ],
          [
            -43.1779251,
            -22.9556602
          ],
          [
            -43.177849,
            -22.9558641
          ],
          [
            -43.1777876,
            -22.9560872
          ]
        ]
      },
      "id": "way/42161787"
    },
    {
      "type": "Feature",
      "properties": {
        "@id": "way/42161788",
        "IPP:CodLogradouro": "083873",
        "foot": "yes",
        "highway": "trunk",
        "lanes": "4",
        "lit": "yes",
        "name": "Avenida Venceslau Braz",
        "oneway": "yes",
        "parking_lane": "no",
        "postal_code": "22290-140",
        "surface": "asphalt"
      },
      "geometry": {
        "type": "LineString",
        "coordinates": [
          [
            -43.1774322,
            -22.9546997
          ],
          [
            -43.1773565,
            -22.9545573
          ],
          [
            -43.176878,
            -22.9539035
          ],
          [
            -43.1766554,
            -22.9535524
          ],
          [
            -43.1763744,
            -22.9531669
          ],
          [
            -43.1763414,
            -22.9531185
          ],
          [
            -43.1762942,
            -22.9530494
          ]
        ]
      },
      "id": "way/42161788"
    },
    {
      "type": "Feature",
      "properties": {
        "@id": "way/42161789",
        "highway": "primary",
        "lanes": "2",
        "lit": "yes",
        "name": "Avenida Pasteur",
        "old_name": "Rua Pedreira de Botafogo;Praia Suzano;Praia de Santa Cecília;Porto de Martim Affonso;Praia Vermelha;Praia da Saudade",
        "oneway": "yes",
        "parking:lane:both": "no_stopping",
        "surface": "asphalt"
      },
      "geometry": {
        "type": "LineString",
        "coordinates": [
          [
            -43.1805133,
            -22.9509981
          ],
          [
            -43.1805893,
            -22.9510265
          ],
          [
            -43.1806447,
            -22.9510387
          ],
          [
            -43.1806847,
            -22.9510439
          ],
          [
            -43.1807502,
            -22.9510443
          ],
          [
            -43.1808129,
            -22.9510353
          ],
          [
            -43.1808549,
            -22.9510261
          ],
          [
            -43.1808848,
            -22.9510169
          ],
          [
            -43.1809242,
            -22.9510022
          ],
          [
            -43.1809542,
            -22.9509856
          ],
          [
            -43.1809863,
            -22.9509654
          ]
        ]
      },
      "id": "way/42161789"
    },
    {
      "type": "Feature",
      "properties": {
        "@id": "way/42161790",
        "description": "acesso à Avenida das Nações Unidas próximo ao Centro Empresarial Mourisco",
        "destination": "Copacabana",
        "highway": "trunk_link",
        "lanes": "1",
        "oneway": "yes",
        "surface": "paved"
      },
      "geometry": {
        "type": "LineString",
        "coordinates": [
          [
            -43.1811382,
            -22.9507023
          ],
          [
            -43.1811664,
            -22.9506498
          ],
          [
            -43.1811838,
            -22.9506035
          ],
          [
            -43.1811959,
            -22.9505638
          ],
          [
            -43.1812006,
            -22.9505448
          ],
          [
            -43.1812127,
            -22.9504849
          ],
          [
            -43.1811785,
            -22.9503256
          ],
          [
            -43.1811208,
            -22.9501877
          ],
          [
            -43.181054,
            -22.9500633
          ],
          [
            -43.1810186,
            -22.9500157
          ],
          [
            -43.1809762,
            -22.9499746
          ],
          [
            -43.1809233,
            -22.9499376
          ],
          [
            -43.180865,
            -22.949912
          ],
          [
            -43.1808097,
            -22.9499022
          ],
          [
            -43.1807499,
            -22.9498972
          ],
          [
            -43.1807089,
            -22.9498987
          ],
          [
            -43.1806715,
            -22.9499083
          ],
          [
            -43.1806292,
            -22.9499246
          ],
          [
            -43.1805975,
            -22.9499408
          ],
          [
            -43.1805658,
            -22.9499578
          ],
          [
            -43.1805271,
            -22.9499863
          ],
          [
            -43.1804661,
            -22.9500529
          ],
          [
            -43.1803411,
            -22.9501893
          ],
          [
            -43.1801282,
            -22.950402
          ]
        ]
      },
      "id": "way/42161790"
    },
    {
      "type": "Feature",
      "properties": {
        "@id": "way/42161791",
        "IPP:CodLogradouro": "128637",
        "highway": "tertiary",
        "lanes": "2",
        "name": "Rua Professor Álvaro Rodrigues",
        "oneway": "yes",
        "postal_code": "22280-040",
        "surface": "asphalt"
      },
      "geometry": {
        "type": "LineString",
        "coordinates": [
          [
            -43.1837755,
            -22.9520725
          ],
          [
            -43.1838604,
            -22.9521109
          ],
          [
            -43.1839523,
            -22.9521533
          ],
          [
            -43.1840345,
            -22.9521892
          ],
          [
            -43.1841092,
            -22.9522242
          ]
        ]
      },
      "id": "way/42161791"
    },
    {
      "type": "Feature",
      "properties": {
        "@id": "way/42161792",
        "IPP:CodLogradouro": "093278",
        "cycleway:right": "no",
        "description": "Praia de Botafogo (pista lateral)",
        "highway": "primary",
        "lanes": "3",
        "name": "Praia de Botafogo",
        "old_name": "Praia João de Sousa do PAA 4.047;Praia Francisco Velho",
        "oneway": "yes",
        "postal_code": "22250-150",
        "surface": "paved"
      },
      "geometry": {
        "type": "LineString",
        "coordinates": [
          [
            -43.1821491,
            -22.947713
          ],
          [
            -43.182168,
            -22.947201
          ],
          [
            -43.1821712,
            -22.946946
          ],
          [
            -43.1821338,
            -22.9461607
          ],
          [
            -43.1821304,
            -22.946104
          ],
          [
            -43.1821232,
            -22.9460128
          ],
          [
            -43.1820497,
            -22.9456093
          ],
          [
            -43.1819943,
            -22.9454273
          ],
          [
            -43.1817654,
            -22.9447226
          ],
          [
            -43.1816635,
            -22.9444509
          ],
          [
            -43.1815481,
            -22.9442261
          ],
          [
            -43.1814328,
            -22.9440458
          ],
          [
            -43.1812763,
            -22.943787
          ]
        ]
      },
      "id": "way/42161792"
    },
    {
      "type": "Feature",
      "properties": {
        "@id": "way/42161793",
        "IPP:CodLogradouro": "093278",
        "alt_name": "Avenida Infante Dom Henrique",
        "foot": "yes",
        "highway": "trunk",
        "lanes": "4",
        "name": "Avenida das Nações Unidas",
        "oneway": "yes",
        "parking_lane": "no",
        "postal_code": "20021-140",
        "surface": "asphalt"
      },
      "geometry": {
        "type": "LineString",
        "coordinates": [
          [
            -43.1816322,
            -22.9477243
          ],
          [
            -43.1815197,
            -22.9479551
          ],
          [
            -43.1814474,
            -22.9480749
          ],
          [
            -43.181051,
            -22.9486379
          ],
          [
            -43.180921,
            -22.9488422
          ],
          [
            -43.1808408,
            -22.9489911
          ],
          [
            -43.1807414,
            -22.9491949
          ],
          [
            -43.180579,
            -22.9495148
          ],
          [
            -43.1802906,
            -22.9500088
          ]
        ]
      },
      "id": "way/42161793"
    },
    {
      "type": "Feature",
      "properties": {
        "@id": "way/42269204",
        "highway": "tertiary",
        "lanes": "2",
        "lit": "yes",
        "maxspeed": "40",
        "name": "Avenida Pasteur",
        "old_name": "Rua Pedreira de Botafogo;Praia Suzano;Praia de Santa Cecília;Porto de Martim Affonso;Praia Vermelha;Praia da Saudade",
        "oneway": "yes",
        "parking:lane:left": "no_stopping",
        "parking:lane:right": "no_parking",
        "surface": "asphalt"
      },
      "geometry": {
        "type": "LineString",
        "coordinates": [
          [
            -43.172843,
            -22.9527424
          ],
          [
            -43.1728001,
            -22.9527668
          ],
          [
            -43.1726208,
            -22.9528688
          ],
          [
            -43.1725886,
            -22.9528865
          ],
          [
            -43.1721951,
            -22.9530348
          ],
          [
            -43.1713706,
            -22.9533533
          ],
          [
            -43.1713085,
            -22.9533752
          ],
          [
            -43.1711093,
            -22.9534452
          ],
          [
            -43.1710281,
            -22.9534737
          ],
          [
            -43.1708803,
            -22.9535168
          ],
          [
            -43.1706669,
            -22.9535773
          ]
        ]
      },
      "id": "way/42269204"
    },
    {
      "type": "Feature",
      "properties": {
        "@id": "way/42269207",
        "highway": "tertiary",
        "lanes": "2",
        "lit": "yes",
        "maxspeed": "40",
        "name": "Avenida Pasteur",
        "old_name": "Rua Pedreira de Botafogo;Praia Suzano;Praia de Santa Cecília;Porto de Martim Affonso;Praia Vermelha;Praia da Saudade",
        "oneway": "yes",
        "parking:lane:left": "no_stopping",
        "parking:lane:right": "no_parking",
        "surface": "asphalt"
      },
      "geometry": {
        "type": "LineString",
        "coordinates": [
          [
            -43.1683725,
            -22.9541248
          ],
          [
            -43.1689939,
            -22.9539374
          ]
        ]
      },
      "id": "way/42269207"
    },
    {
      "type": "Feature",
      "properties": {
        "@id": "way/42282170",
        "IPP:CodLogradouro": "093278",
        "alt_name": "Avenida Infante Dom Henrique",
        "foot": "yes",
        "highway": "trunk",
        "lanes": "4",
        "maxspeed": "70",
        "name": "Avenida das Nações Unidas",
        "oneway": "yes",
        "postal_code": "20021-140",
        "surface": "asphalt"
      },
      "geometry": {
        "type": "LineString",
        "coordinates": [
          [
            -43.1807098,
            -22.9488762
          ],
          [
            -43.1810527,
            -22.948351
          ],
          [
            -43.1812791,
            -22.9480676
          ],
          [
            -43.1814054,
            -22.9478646
          ],
          [
            -43.181492,
            -22.9476743
          ]
        ]
      },
      "id": "way/42282170"
    },
    {
      "type": "Feature",
      "properties": {
        "@id": "way/42292599",
        "IPP:CodLogradouro": "093278",
        "alt_name": "Avenida Infante Dom Henrique",
        "foot": "yes",
        "highway": "trunk",
        "lanes": "4",
        "maxspeed": "70",
        "name": "Avenida das Nações Unidas",
        "oneway": "yes",
        "overtaking": "no",
        "parking:lane:both": "no_stopping",
        "postal_code": "20021-140",
        "surface": "asphalt"
      },
      "geometry": {
        "type": "LineString",
        "coordinates": [
          [
            -43.1791761,
            -22.9423856
          ],
          [
            -43.1795331,
            -22.9425615
          ]
        ]
      },
      "id": "way/42292599"
    },
    {
      "type": "Feature",
      "properties": {
        "@id": "way/42292600",
        "IPP:CodLogradouro": "093278",
        "alt_name": "Avenida Infante Dom Henrique",
        "date_off": "sunday",
        "date_on": "sunday",
        "foot": "yes",
        "highway": "trunk",
        "hour_off": "07:00",
        "hour_on": "18:00",
        "lanes": "4",
        "lit": "yes",
        "maxspeed": "70",
        "name": "Avenida das Nações Unidas",
        "official_name": "Avenida Infante Dom Henrique",
        "oneway": "yes",
        "opening_hours": "18:00-07:00",
        "overtaking": "no",
        "parking:lane:both": "no_stopping",
        "postal_code": "20021-140",
        "surface": "asphalt"
      },
      "geometry": {
        "type": "LineString",
        "coordinates": [
          [
            -43.1787217,
            -22.9425222
          ],
          [
            -43.1785844,
            -22.9425243
          ],
          [
            -43.1784449,
            -22.942539
          ],
          [
            -43.1782779,
            -22.94258
          ],
          [
            -43.1781338,
            -22.9426229
          ],
          [
            -43.1779676,
            -22.942697
          ]
        ]
      },
      "id": "way/42292600"
    },
    {
      "type": "Feature",
      "properties": {
        "@id": "way/44867756",
        "cycleway:right": "no",
        "highway": "secondary",
        "lanes": "3",
        "maxspeed": "60",
        "name": "Rua Voluntários da Pátria",
        "old_name": "Rua Nova de São Joaquim",
        "oneway": "yes",
        "surface": "asphalt"
      },
      "geometry": {
        "type": "LineString",
        "coordinates": [
          [
            -43.1844668,
            -22.9514364
          ],
          [
            -43.1844211,
            -22.9514206
          ],
          [
            -43.1843708,
            -22.9513993
          ],
          [
            -43.1842708,
            -22.9513635
          ],
          [
            -43.1841357,
            -22.9513156
          ]
        ]
      },
      "id": "way/44867756"
    },
    {
      "type": "Feature",
      "properties": {
        "@id": "way/44867757",
        "highway": "secondary",
        "lanes": "3",
        "name": "Rua São Clemente",
        "oneway": "yes",
        "source": "Yahoo; survey",
        "surface": "asphalt"
      },
      "geometry": {
        "type": "LineString",
        "coordinates": [
          [
            -43.1849178,
            -22.949369
          ],
          [
            -43.1851369,
            -22.9493823
          ],
          [
            -43.1854173,
            -22.9494046
          ],
          [
            -43.1856424,
            -22.9494227
          ],
          [
            -43.1856917,
            -22.9494256
          ],
          [
            -43.1857812,
            -22.949429
          ],
          [
            -43.1860758,
            -22.9494465
          ],
          [
            -43.1861572,
            -22.9494532
          ],
          [
            -43.1863965,
            -22.9494636
          ],
          [
            -43.1866227,
            -22.9494771
          ],
          [
            -43.1869712,
            -22.9494891
          ],
          [
            -43.1872476,
            -22.9495086
          ],
          [
            -43.1873946,
            -22.9495085
          ],
          [
            -43.1877744,
            -22.9495152
          ],
          [
            -43.1879272,
            -22.9495148
          ],
          [
            -43.1882523,
            -22.949524
          ],
          [
            -43.188689,
            -22.9495364
          ],
          [
            -43.1887665,
            -22.9495415
          ],
          [
            -43.1888539,
            -22.9495515
          ],
          [
            -43.1891951,
            -22.9496241
          ],
          [
            -43.1897608,
            -22.9497451
          ],
          [
            -43.1898428,
            -22.949764
          ],
          [
            -43.1899036,
            -22.9497801
          ],
          [
            -43.1902315,
            -22.9498607
          ],
          [
            -43.1903876,
            -22.9498986
          ],
          [
            -43.1908851,
            -22.9500061
          ],
          [
            -43.1909683,
            -22.950027
          ],
          [
            -43.1910634,
            -22.9500513
          ],
          [
            -43.191951,
            -22.9502839
          ],
          [
            -43.1920353,
            -22.9503075
          ],
          [
            -43.1922622,
            -22.9503654
          ],
          [
            -43.1925156,
            -22.950437
          ],
          [
            -43.1926414,
            -22.9504726
          ],
          [
            -43.1926835,
            -22.950481
          ],
          [
            -43.1928062,
            -22.9505055
          ],
          [
            -43.1928698,
            -22.9505245
          ],
          [
            -43.1929488,
            -22.9505507
          ],
          [
            -43.1935255,
            -22.9508339
          ],
          [
            -43.1935677,
            -22.9508544
          ],
          [
            -43.1936208,
            -22.9508801
          ],
          [
            -43.1937822,
            -22.9509553
          ],
          [
            -43.1941513,
            -22.9511459
          ]
        ]
      },
      "id": "way/44867757"
    },
    {
      "type": "Feature",
      "properties": {
        "@id": "way/45258357",
        "IPP:CodLogradouro": "078329",
        "highway": "primary",
        "lanes": "3",
        "name": "Avenida Oswaldo Cruz",
        "old_name": "Avenida de Ligação",
        "oneway": "yes",
        "postal_code": "22250-060",
        "surface": "asphalt"
      },
      "geometry": {
        "type": "LineString",
        "coordinates": [
          [
            -43.1768191,
            -22.941269
          ],
          [
            -43.1773704,
            -22.9417214
          ],
          [
            -43.1774398,
            -22.9417645
          ],
          [
            -43.1774955,
            -22.9417914
          ],
          [
            -43.1776669,
            -22.9418743
          ],
          [
            -43.1778427,
            -22.9419375
          ],
          [
            -43.1781235,
            -22.9420041
          ],
          [
            -43.1791761,
            -22.9423856
          ]
        ]
      },
      "id": "way/45258357"
    },
    {
      "type": "Feature",
      "properties": {
        "@id": "way/45265688",
        "highway": "trunk",
        "lanes": "2",
        "lit": "yes",
        "name": "Avenida Princesa Isabel",
        "oneway": "yes",
        "surface": "asphalt",
        "vehicle:conditional": "no @ (Su,PH 07:00-18:00)"
      },
      "geometry": {
        "type": "LineString",
        "coordinates": [
          [
            -43.1734653,
            -22.9652455
          ],
          [
            -43.1734126,
            -22.9651718
          ],
          [
            -43.1733831,
            -22.965115
          ],
          [
            -43.1733589,
            -22.9650668
          ],
          [
            -43.1733455,
            -22.9650186
          ],
          [
            -43.1733564,
            -22.964959
          ]
        ]
      },
      "id": "way/45265688"
    },
    {
      "type": "Feature",
      "properties": {
        "@id": "way/45265689",
        "IPP:CodLogradouro": "093278",
        "description": "Praia de Botafogo (pista lateral)",
        "highway": "primary",
        "lanes": "3",
        "name": "Praia de Botafogo",
        "old_name": "Praia João de Sousa do PAA 4.047;Praia Francisco Velho",
        "oneway": "yes",
        "parking_lane": "no",
        "postal_code": "22250-150",
        "surface": "asphalt"
      },
      "geometry": {
        "type": "LineString",
        "coordinates": [
          [
            -43.1788781,
            -22.9418684
          ],
          [
            -43.1786617,
            -22.9418576
          ],
          [
            -43.1784898,
            -22.9418634
          ],
          [
            -43.1782452,
            -22.9418854
          ],
          [
            -43.1778427,
            -22.9419375
          ]
        ]
      },
      "id": "way/45265689"
    },
    {
      "type": "Feature",
      "properties": {
        "@id": "way/45265690",
        "highway": "trunk",
        "lanes": "4",
        "lit": "yes",
        "name": "Avenida Atlântica",
        "oneway": "yes",
        "surface": "paved",
        "vehicle:conditional": "no @ (Su,PH 07:00-18:00)"
      },
      "geometry": {
        "type": "LineString",
        "coordinates": [
          [
            -43.1740433,
            -22.9654998
          ],
          [
            -43.1734653,
            -22.9652455
          ]
        ]
      },
      "id": "way/45265690"
    },
    {
      "type": "Feature",
      "properties": {
        "@id": "way/45265693",
        "highway": "tertiary",
        "lanes": "2",
        "lit": "yes",
        "maxspeed": "70",
        "name": "Avenida Atlântica",
        "oneway": "yes",
        "sidewalk:left": "yes",
        "sidewalk:right": "separate",
        "surface": "asphalt"
      },
      "geometry": {
        "type": "LineString",
        "coordinates": [
          [
            -43.1667409,
            -22.962382
          ],
          [
            -43.1669353,
            -22.9624191
          ],
          [
            -43.1673613,
            -22.962534
          ],
          [
            -43.1676132,
            -22.962608
          ],
          [
            -43.1681232,
            -22.9627953
          ],
          [
            -43.1695406,
            -22.9633534
          ],
          [
            -43.1697819,
            -22.9634441
          ],
          [
            -43.1706931,
            -22.9638231
          ],
          [
            -43.1714256,
            -22.9641289
          ],
          [
            -43.1718887,
            -22.9643278
          ],
          [
            -43.172275,
            -22.9644857
          ],
          [
            -43.1724622,
            -22.9645722
          ]
        ]
      },
      "id": "way/45265693"
    },
    {
      "type": "Feature",
      "properties": {
        "@id": "way/50193105",
        "highway": "primary",
        "lanes": "2",
        "name": "Avenida Pasteur",
        "old_name": "Rua Pedreira de Botafogo;Praia Suzano;Praia de Santa Cecília;Porto de Martim Affonso;Praia Vermelha;Praia da Saudade",
        "oneway": "yes",
        "surface": "asphalt"
      },
      "geometry": {
        "type": "LineString",
        "coordinates": [
          [
            -43.1784414,
            -22.9501774
          ],
          [
            -43.1788818,
            -22.9503341
          ],
          [
            -43.1792456,
            -22.9505238
          ],
          [
            -43.1793962,
            -22.9505911
          ],
          [
            -43.1798209,
            -22.9507577
          ]
        ]
      },
      "id": "way/50193105"
    },
    {
      "type": "Feature",
      "properties": {
        "@id": "way/50485639",
        "highway": "tertiary",
        "lanes": "4",
        "lit": "yes",
        "maxspeed": "40",
        "name": "Rua das Laranjeiras",
        "old_name": "Rua das Larangeiras",
        "oneway": "no",
        "sidewalk": "both",
        "surface": "asphalt"
      },
      "geometry": {
        "type": "LineString",
        "coordinates": [
          [
            -43.1910405,
            -22.9383344
          ],
          [
            -43.1911381,
            -22.9383623
          ],
          [
            -43.1911714,
            -22.9383718
          ],
          [
            -43.1913175,
            -22.938392
          ],
          [
            -43.1915655,
            -22.9384147
          ]
        ]
      },
      "id": "way/50485639"
    },
    {
      "type": "Feature",
      "properties": {
        "@id": "way/50486186",
        "bicycle": "designated",
        "highway": "tertiary",
        "lanes": "4",
        "lit": "yes",
        "maxspeed": "40",
        "name": "Rua das Laranjeiras",
        "old_name": "Rua das Larangeiras",
        "oneway": "no",
        "sidewalk": "both",
        "surface": "asphalt"
      },
      "geometry": {
        "type": "LineString",
        "coordinates": [
          [
            -43.1915655,
            -22.9384147
          ],
          [
            -43.1917042,
            -22.9384322
          ],
          [
            -43.1922398,
            -22.9384886
          ],
          [
            -43.1924889,
            -22.9385153
          ],
          [
            -43.192662,
            -22.9385367
          ],
          [
            -43.1930362,
            -22.9385762
          ],
          [
            -43.1933281,
            -22.9385975
          ],
          [
            -43.1934993,
            -22.9386196
          ],
          [
            -43.1936427,
            -22.9386436
          ],
          [
            -43.193763,
            -22.9386392
          ],
          [
            -43.193811,
            -22.9386363
          ],
          [
            -43.1938861,
            -22.9386298
          ],
          [
            -43.1939283,
            -22.9386261
          ],
          [
            -43.194357,
            -22.9385005
          ],
          [
            -43.1945123,
            -22.9384417
          ],
          [
            -43.1945689,
            -22.9384165
          ],
          [
            -43.1950965,
            -22.9382145
          ]
        ]
      },
      "id": "way/50486186"
    },
    {
      "type": "Feature",
      "properties": {
        "@id": "way/52963756",
        "highway": "tertiary",
        "lanes": "1",
        "maxspeed": "40",
        "name": "Avenida Portugal",
        "oneway": "yes",
        "surface": "asphalt"
      },
      "geometry": {
        "type": "LineString",
        "coordinates": [
          [
            -43.1639844,
            -22.9482836
          ],
          [
            -43.1640916,
            -22.9481767
          ],
          [
            -43.1642477,
            -22.9480209
          ],
          [
            -43.1643767,
            -22.9479351
          ],
          [
            -43.1645215,
            -22.947879
          ],
          [
            -43.1646748,
            -22.9478587
          ],
          [
            -43.1648579,
            -22.9478567
          ],
          [
            -43.1649643,
            -22.9478792
          ],
          [
            -43.165091,
            -22.9479184
          ],
          [
            -43.1653592,
            -22.9480841
          ],
          [
            -43.166137,
            -22.9487115
          ],
          [
            -43.1668914,
            -22.9493324
          ],
          [
            -43.1676534,
            -22.9499496
          ],
          [
            -43.1676824,
            -22.9500106
          ],
          [
            -43.1677961,
            -22.950492
          ],
          [
            -43.1679652,
            -22.9508074
          ]
        ]
      },
      "id": "way/52963756"
    },
    {
      "type": "Feature",
      "properties": {
        "@id": "way/53812839",
        "highway": "tertiary",
        "lanes": "2",
        "lit": "yes",
        "maxspeed": "40",
        "name": "Avenida Pasteur",
        "old_name": "Rua Pedreira de Botafogo;Praia Suzano;Praia de Santa Cecília;Porto de Martim Affonso;Praia Vermelha;Praia da Saudade",
        "oneway": "yes",
        "parking:lane:left": "no_stopping",
        "parking:lane:right": "no_parking",
        "surface": "asphalt"
      },
      "geometry": {
        "type": "LineString",
        "coordinates": [
          [
            -43.1706669,
            -22.9535773
          ],
          [
            -43.170474,
            -22.953644
          ],
          [
            -43.1700252,
            -22.9537753
          ],
          [
            -43.1697943,
            -22.9538429
          ],
          [
            -43.1692623,
            -22.9539986
          ]
        ]
      },
      "id": "way/53812839"
    },
    {
      "type": "Feature",
      "properties": {
        "@id": "way/53812840",
        "highway": "tertiary",
        "lanes": "2",
        "lit": "yes",
        "maxspeed": "40",
        "name": "Avenida Pasteur",
        "old_name": "Rua Pedreira de Botafogo;Praia Suzano;Praia de Santa Cecília;Porto de Martim Affonso;Praia Vermelha;Praia da Saudade",
        "oneway": "yes",
        "parking:lane:left": "no_stopping",
        "parking:lane:right": "no_parking",
        "surface": "asphalt"
      },
      "geometry": {
        "type": "LineString",
        "coordinates": [
          [
            -43.1689939,
            -22.9539374
          ],
          [
            -43.1700422,
            -22.9536269
          ],
          [
            -43.1705484,
            -22.9534659
          ]
        ]
      },
      "id": "way/53812840"
    },
    {
      "type": "Feature",
      "properties": {
        "@id": "way/53812841",
        "highway": "tertiary",
        "lanes": "1",
        "maxspeed": "40",
        "name": "Avenida Pasteur",
        "old_name": "Rua Pedreira de Botafogo;Praia Suzano;Praia de Santa Cecília;Porto de Martim Affonso;Praia Vermelha;Praia da Saudade",
        "oneway": "yes",
        "parking_lane": "no",
        "surface": "asphalt"
      },
      "geometry": {
        "type": "LineString",
        "coordinates": [
          [
            -43.174805,
            -22.9513903
          ],
          [
            -43.1749934,
            -22.9512854
          ],
          [
            -43.1753542,
            -22.9511316
          ]
        ]
      },
      "id": "way/53812841"
    },
    {
      "type": "Feature",
      "properties": {
        "@id": "way/53820538",
        "IPP:CodLogradouro": "077685",
        "cycleway:right": "shared_lane",
        "highway": "secondary",
        "lanes": "3",
        "name": "Rua Muniz Barreto",
        "old_name": "Travessa Evoneas;Travessa Doutor Muniz Barreto",
        "oneway": "yes",
        "parking_lane": "no",
        "postal_code": "22251-090",
        "surface": "asphalt"
      },
      "geometry": {
        "type": "LineString",
        "coordinates": [
          [
            -43.184234,
            -22.9478672
          ],
          [
            -43.1842409,
            -22.948948
          ],
          [
            -43.18424,
            -22.9492071
          ],
          [
            -43.1842408,
            -22.9493
          ]
        ]
      },
      "id": "way/53820538"
    },
    {
      "type": "Feature",
      "properties": {
        "@id": "way/53820601",
        "IPP:CodLogradouro": "078329",
        "highway": "primary",
        "lanes": "4",
        "maxspeed:school_time": "30",
        "name": "Avenida Oswaldo Cruz",
        "old_name": "Avenida de Ligação",
        "oneway": "yes",
        "postal_code": "22250-060",
        "surface": "asphalt"
      },
      "geometry": {
        "type": "LineString",
        "coordinates": [
          [
            -43.1759552,
            -22.9405567
          ],
          [
            -43.1765828,
            -22.9410532
          ],
          [
            -43.1766204,
            -22.9410861
          ],
          [
            -43.1766444,
            -22.9411082
          ],
          [
            -43.1768191,
            -22.941269
          ]
        ]
      },
      "id": "way/53820601"
    },
    {
      "type": "Feature",
      "properties": {
        "@id": "way/54276964",
        "highway": "tertiary",
        "lanes": "1",
        "name": "Rua Lauro Müller",
        "old_name": "Rua Itapemirim",
        "oneway": "yes",
        "parking_lane": "no",
        "source": "survey",
        "surface": "asphalt"
      },
      "geometry": {
        "type": "LineString",
        "coordinates": [
          [
            -43.1772854,
            -22.9561237
          ],
          [
            -43.1772205,
            -22.9561517
          ]
        ]
      },
      "id": "way/54276964"
    },
    {
      "type": "Feature",
      "properties": {
        "@id": "way/54276965",
        "highway": "tertiary_link",
        "lanes": "1",
        "name": "Rua Lauro Müller",
        "oneway": "yes",
        "parking_lane": "no",
        "surface": "asphalt"
      },
      "geometry": {
        "type": "LineString",
        "coordinates": [
          [
            -43.1771519,
            -22.9560717
          ],
          [
            -43.1772205,
            -22.9561517
          ]
        ]
      },
      "id": "way/54276965"
    },
    {
      "type": "Feature",
      "properties": {
        "@id": "way/54276968",
        "highway": "tertiary",
        "lanes": "2",
        "name": "Rua Lauro Müller",
        "oneway": "no",
        "parking_lane": "no",
        "source": "survey",
        "surface": "asphalt"
      },
      "geometry": {
        "type": "LineString",
        "coordinates": [
          [
            -43.1757774,
            -22.9569571
          ],
          [
            -43.1761788,
            -22.9567152
          ]
        ]
      },
      "id": "way/54276968"
    },
    {
      "type": "Feature",
      "properties": {
        "@id": "way/54276969",
        "alt_name": "Rua Lauro Muller",
        "highway": "tertiary",
        "lanes": "2",
        "name": "Rua Lauro Müller",
        "old_name": "Rua Itapemirim",
        "oneway": "yes",
        "parking_lane": "no",
        "source": "survey",
        "surface": "asphalt"
      },
      "geometry": {
        "type": "LineString",
        "coordinates": [
          [
            -43.1772205,
            -22.9561517
          ],
          [
            -43.1763064,
            -22.9567145
          ]
        ]
      },
      "id": "way/54276969"
    },
    {
      "type": "Feature",
      "properties": {
        "@id": "way/56629899",
        "highway": "tertiary",
        "lanes": "4",
        "lit": "yes",
        "maxspeed": "40",
        "name": "Rua das Laranjeiras",
        "old_name": "Rua das Larangeiras",
        "oneway": "no",
        "sidewalk": "both",
        "surface": "asphalt"
      },
      "geometry": {
        "type": "LineString",
        "coordinates": [
          [
            -43.1904397,
            -22.9378456
          ],
          [
            -43.190485,
            -22.9379117
          ],
          [
            -43.1905362,
            -22.9379799
          ],
          [
            -43.1906348,
            -22.938096
          ],
          [
            -43.1907226,
            -22.9381763
          ],
          [
            -43.1908633,
            -22.9382542
          ],
          [
            -43.1909219,
            -22.9382846
          ]
        ]
      },
      "id": "way/56629899"
    },
    {
      "type": "Feature",
      "properties": {
        "@id": "way/56629900",
        "highway": "tertiary",
        "lanes": "4",
        "lit": "yes",
        "maxspeed": "40",
        "name": "Rua das Laranjeiras",
        "old_name": "Rua das Larangeiras",
        "oneway": "no",
        "parking:condition:left": "free",
        "parking:condition:right": "free",
        "parking:lane:left": "parallel",
        "parking:lane:right": "diagonal",
        "sidewalk": "both",
        "surface": "asphalt"
      },
      "geometry": {
        "type": "LineString",
        "coordinates": [
          [
            -43.1889644,
            -22.9353301
          ],
          [
            -43.189014,
            -22.935361
          ],
          [
            -43.1893212,
            -22.9355573
          ],
          [
            -43.1893788,
            -22.9356043
          ]
        ]
      },
      "id": "way/56629900"
    },
    {
      "type": "Feature",
      "properties": {
        "@id": "way/56629901",
        "highway": "tertiary",
        "lanes": "4",
        "lit": "yes",
        "maxspeed": "40",
        "name": "Rua das Laranjeiras",
        "old_name": "Rua das Larangeiras",
        "oneway": "no",
        "parking:condition:both": "free",
        "parking:lane:both": "parallel",
        "sidewalk": "both",
        "surface": "asphalt"
      },
      "geometry": {
        "type": "LineString",
        "coordinates": [
          [
            -43.1893788,
            -22.9356043
          ],
          [
            -43.1895238,
            -22.935742
          ],
          [
            -43.1899272,
            -22.9361826
          ],
          [
            -43.1900004,
            -22.9362778
          ]
        ]
      },
      "id": "way/56629901"
    },
    {
      "type": "Feature",
      "properties": {
        "@id": "way/58586070",
        "foot": "yes",
        "highway": "primary_link",
        "lanes": "1",
        "lit": "yes",
        "name": "Rua Fernando Ferrari",
        "oneway": "yes",
        "parking:lane:both": "no_stopping",
        "surface": "asphalt"
      },
      "geometry": {
        "type": "LineString",
        "coordinates": [
          [
            -43.1822535,
            -22.9423222
          ],
          [
            -43.1822511,
            -22.9421045
          ],
          [
            -43.1822413,
            -22.9419521
          ],
          [
            -43.1822317,
            -22.9418447
          ]
        ]
      },
      "id": "way/58586070"
    },
    {
      "type": "Feature",
      "properties": {
        "@id": "way/58740874",
        "highway": "secondary",
        "lanes": "3",
        "name": "Rua Figueiredo de Magalhães",
        "oneway": "yes",
        "surface": "asphalt"
      },
      "geometry": {
        "type": "LineString",
        "coordinates": [
          [
            -43.1867913,
            -22.9692945
          ],
          [
            -43.1870259,
            -22.9690341
          ],
          [
            -43.1873717,
            -22.968633
          ],
          [
            -43.1878929,
            -22.9680225
          ]
        ]
      },
      "id": "way/58740874"
    },
    {
      "type": "Feature",
      "properties": {
        "@id": "way/59877200",
        "bicycle": "designated",
        "cycleway:right": "shared_lane",
        "highway": "secondary",
        "lanes": "3",
        "name": "Rua Siqueira Campos",
        "old_name": "Rua Barroso",
        "oneway": "yes",
        "surface": "asphalt"
      },
      "geometry": {
        "type": "LineString",
        "coordinates": [
          [
            -43.1852437,
            -22.968324
          ],
          [
            -43.1851372,
            -22.968462
          ],
          [
            -43.1850961,
            -22.9685153
          ],
          [
            -43.1849749,
            -22.9686724
          ],
          [
            -43.1847289,
            -22.9689912
          ],
          [
            -43.1846193,
            -22.9691333
          ]
        ]
      },
      "id": "way/59877200"
    },
    {
      "type": "Feature",
      "properties": {
        "@id": "way/59877201",
        "bicycle": "designated",
        "cycleway:right": "shared_lane",
        "highway": "secondary",
        "lanes": "3",
        "name": "Rua Siqueira Campos",
        "old_name": "Rua Barroso",
        "oneway": "yes",
        "surface": "asphalt"
      },
      "geometry": {
        "type": "LineString",
        "coordinates": [
          [
            -43.1846193,
            -22.9691333
          ],
          [
            -43.1845196,
            -22.9692578
          ],
          [
            -43.1842971,
            -22.9695354
          ],
          [
            -43.1841279,
            -22.9697465
          ],
          [
            -43.1839939,
            -22.9699197
          ],
          [
            -43.1834755,
            -22.9705488
          ],
          [
            -43.1833839,
            -22.97066
          ]
        ]
      },
      "id": "way/59877201"
    },
    {
      "type": "Feature",
      "properties": {
        "@id": "way/59877205",
        "highway": "trunk",
        "lanes": "4",
        "lit": "yes",
        "maxspeed:type": "BR:trunk",
        "name": "Avenida Princesa Isabel",
        "oneway": "yes",
        "parking:lane:left": "no_stopping",
        "parking:lane:right": "no_parking",
        "sidewalk": "both",
        "surface": "asphalt"
      },
      "geometry": {
        "type": "LineString",
        "coordinates": [
          [
            -43.1738886,
            -22.9638829
          ],
          [
            -43.1739595,
            -22.96375
          ],
          [
            -43.174324,
            -22.9630914
          ],
          [
            -43.1743405,
            -22.9630639
          ]
        ]
      },
      "id": "way/59877205"
    },
    {
      "type": "Feature",
      "properties": {
        "@id": "way/59877209",
        "cycleway:right": "no",
        "highway": "secondary",
        "lanes": "4",
        "lanes:psv:forward:conditional": "2 @ (Mo-Fr 06:00-21:00; Sa 06:00-14:00)",
        "maxspeed": "60",
        "name": "Rua Barata Ribeiro",
        "oneway": "yes",
        "parking:lane:left": "parallel",
        "parking:lane:left:conditional": "no_parking @ (Mo-Fr 06:00-21:00; Sa 06:00-14:00)",
        "surface": "asphalt"
      },
      "geometry": {
        "type": "LineString",
        "coordinates": [
          [
            -43.1797819,
            -22.9647478
          ],
          [
            -43.1799997,
            -22.9648914
          ],
          [
            -43.1808494,
            -22.9654356
          ],
          [
            -43.1811458,
            -22.9656381
          ],
          [
            -43.1816739,
            -22.9659956
          ]
        ]
      },
      "id": "way/59877209"
    },
    {
      "type": "Feature",
      "properties": {
        "@id": "way/59877214",
        "IPP:CodLogradouro": "096560",
        "foot": "yes",
        "highway": "trunk",
        "lanes": "4",
        "maxspeed": "70",
        "name": "Avenida Repórter Nestor Moreira",
        "oneway": "yes",
        "postal_code": "22290-210",
        "surface": "paved"
      },
      "geometry": {
        "type": "LineString",
        "coordinates": [
          [
            -43.1795532,
            -22.949471
          ],
          [
            -43.1799124,
            -22.9493946
          ],
          [
            -43.1801807,
            -22.9492893
          ],
          [
            -43.180349,
            -22.9492004
          ],
          [
            -43.1805031,
            -22.9490836
          ],
          [
            -43.1807098,
            -22.9488762
          ]
        ]
      },
      "id": "way/59877214"
    },
    {
      "type": "Feature",
      "properties": {
        "@id": "way/59878551",
        "IPP:CodLogradouro": "096560",
        "foot": "yes",
        "highway": "trunk",
        "lanes": "4",
        "lit": "yes",
        "maxspeed": "70",
        "name": "Avenida Repórter Nestor Moreira",
        "oneway": "yes",
        "postal_code": "22290-210",
        "surface": "asphalt"
      },
      "geometry": {
        "type": "LineString",
        "coordinates": [
          [
            -43.1784381,
            -22.9494834
          ],
          [
            -43.1785521,
            -22.9494637
          ],
          [
            -43.1786768,
            -22.9494562
          ],
          [
            -43.1788954,
            -22.949455
          ],
          [
            -43.1795532,
            -22.949471
          ]
        ]
      },
      "id": "way/59878551"
    },
    {
      "type": "Feature",
      "properties": {
        "@id": "way/59878552",
        "IPP:CodLogradouro": "083873",
        "foot": "yes",
        "highway": "trunk",
        "lanes": "4",
        "lit": "yes",
        "name": "Avenida Venceslau Braz",
        "oneway": "yes",
        "parking:lane:both": "no_parking",
        "postal_code": "22290-140",
        "surface": "asphalt"
      },
      "geometry": {
        "type": "LineString",
        "coordinates": [
          [
            -43.1762942,
            -22.9530494
          ],
          [
            -43.1758,
            -22.9523609
          ]
        ]
      },
      "id": "way/59878552"
    },
    {
      "type": "Feature",
      "properties": {
        "@id": "way/59878563",
        "IPP:CodLogradouro": "077685",
        "bicycle": "designated",
        "cycleway:right": "shared_lane",
        "highway": "secondary",
        "lanes": "2",
        "name": "Rua Muniz Barreto",
        "old_name": "Travessa Evoneas;Travessa Doutor Muniz Barreto",
        "oneway": "yes",
        "parking_lane": "left",
        "postal_code": "22251-090",
        "surface": "asphalt"
      },
      "geometry": {
        "type": "LineString",
        "coordinates": [
          [
            -43.1841918,
            -22.9460738
          ],
          [
            -43.1842113,
            -22.9468813
          ],
          [
            -43.1842135,
            -22.9470993
          ],
          [
            -43.1842172,
            -22.9472738
          ],
          [
            -43.1842203,
            -22.9473382
          ],
          [
            -43.1842338,
            -22.9477114
          ],
          [
            -43.1842339,
            -22.94777
          ],
          [
            -43.184234,
            -22.9478672
          ]
        ]
      },
      "id": "way/59878563"
    },
    {
      "type": "Feature",
      "properties": {
        "@id": "way/59878565",
        "IPP:CodLogradouro": "083667",
        "cycleway:right": "no",
        "highway": "tertiary",
        "lanes": "3",
        "name": "Rua Visconde de Ouro Preto",
        "old_name": "Rua Dona Carlota",
        "oneway": "yes",
        "postal_code": "22250-180",
        "surface": "asphalt"
      },
      "geometry": {
        "type": "LineString",
        "coordinates": [
          [
            -43.1841918,
            -22.9460738
          ],
          [
            -43.1841114,
            -22.9460633
          ],
          [
            -43.1839484,
            -22.9460621
          ],
          [
            -43.1827185,
            -22.9460177
          ],
          [
            -43.1826749,
            -22.9460165
          ],
          [
            -43.1825539,
            -22.9460131
          ]
        ]
      },
      "id": "way/59878565"
    },
    {
      "type": "Feature",
      "properties": {
        "@id": "way/59878567",
        "IPP:CodLogradouro": "067082",
        "cycleway:right": "no",
        "highway": "primary",
        "lanes": "4",
        "name": "Praia de Botafogo",
        "old_name": "Praia João de Sousa do PAA 4.047;Praia Francisco Velho",
        "oneway": "yes",
        "parking_lane": "left",
        "postal_code": "22250-040",
        "surface": "asphalt"
      },
      "geometry": {
        "type": "LineString",
        "coordinates": [
          [
            -43.1825539,
            -22.9460131
          ],
          [
            -43.1825674,
            -22.9463392
          ],
          [
            -43.1825808,
            -22.9466504
          ],
          [
            -43.1825785,
            -22.9469346
          ],
          [
            -43.1825143,
            -22.9475741
          ],
          [
            -43.1824965,
            -22.9476812
          ]
        ]
      },
      "id": "way/59878567"
    },
    {
      "type": "Feature",
      "properties": {
        "@id": "way/59878576",
        "foot": "yes",
        "highway": "primary",
        "lanes": "2",
        "lit": "yes",
        "name": "Rua Pinheiro Machado",
        "old_name": "Rua Guanabara",
        "oneway": "yes",
        "parking:lane:left": "no_stopping",
        "parking:lane:right": "no_parking",
        "postal_code": "22231-090",
        "source": "Yahoo; survey",
        "surface": "asphalt"
      },
      "geometry": {
        "type": "LineString",
        "coordinates": [
          [
            -43.1842748,
            -22.9351441
          ],
          [
            -43.184116,
            -22.9355736
          ],
          [
            -43.18405,
            -22.9357909
          ],
          [
            -43.1837636,
            -22.9369005
          ],
          [
            -43.1837572,
            -22.9369253
          ],
          [
            -43.1837519,
            -22.9369495
          ],
          [
            -43.1837442,
            -22.9369851
          ],
          [
            -43.183712,
            -22.9371514
          ],
          [
            -43.1835723,
            -22.9376976
          ]
        ]
      },
      "id": "way/59878576"
    },
    {
      "type": "Feature",
      "properties": {
        "@id": "way/61013324",
        "highway": "tertiary",
        "lanes": "2",
        "lit": "yes",
        "name": "Rua Cosme Velho",
        "oneway": "no",
        "sidewalk": "both",
        "surface": "asphalt"
      },
      "geometry": {
        "type": "LineString",
        "coordinates": [
          [
            -43.1997402,
            -22.9402554
          ],
          [
            -43.1996604,
            -22.9402488
          ],
          [
            -43.1995035,
            -22.9402298
          ],
          [
            -43.1994769,
            -22.9402248
          ]
        ]
      },
      "id": "way/61013324"
    },
    {
      "type": "Feature",
      "properties": {
        "@id": "way/61322055",
        "cycleway:both": "no",
        "highway": "tertiary",
        "lanes": "1",
        "lit": "yes",
        "maxspeed": "40",
        "name": "Avenida Portugal",
        "parking:condition:left": "free",
        "parking:lane:left": "parallel",
        "parking:lane:right": "no_parking",
        "surface": "asphalt"
      },
      "geometry": {
        "type": "LineString",
        "coordinates": [
          [
            -43.1681974,
            -22.9510068
          ],
          [
            -43.1679652,
            -22.9508074
          ]
        ]
      },
      "id": "way/61322055"
    },
    {
      "type": "Feature",
      "properties": {
        "@id": "way/61322056",
        "highway": "tertiary",
        "lanes": "1",
        "lit": "yes",
        "name": "Rua Ramon Franco",
        "oneway": "yes",
        "parking:condition:left": "free",
        "parking:lane:left": "parallel",
        "parking:lane:right": "no_parking",
        "surface": "asphalt"
      },
      "geometry": {
        "type": "LineString",
        "coordinates": [
          [
            -43.1674562,
            -22.9527542
          ],
          [
            -43.1675518,
            -22.9525258
          ],
          [
            -43.1678326,
            -22.9518496
          ],
          [
            -43.1681695,
            -22.9510736
          ],
          [
            -43.1681974,
            -22.9510068
          ]
        ]
      },
      "id": "way/61322056"
    },
    {
      "type": "Feature",
      "properties": {
        "@id": "way/61322057",
        "highway": "tertiary",
        "lanes": "2",
        "lit": "yes",
        "maxspeed": "40",
        "name": "Avenida Pasteur",
        "old_name": "Rua Pedreira de Botafogo;Praia Suzano;Praia de Santa Cecília;Porto de Martim Affonso;Praia Vermelha;Praia da Saudade",
        "oneway": "yes",
        "parking:condition:left": "free",
        "parking:lane:left": "parallel",
        "parking:lane:right": "no_parking",
        "parking_lane": "left",
        "surface": "asphalt"
      },
      "geometry": {
        "type": "LineString",
        "coordinates": [
          [
            -43.1727629,
            -22.9526279
          ],
          [
            -43.1728707,
            -22.9525592
          ],
          [
            -43.1733357,
            -22.9522695
          ],
          [
            -43.1737933,
            -22.9519847
          ],
          [
            -43.1738265,
            -22.951964
          ],
          [
            -43.1741378,
            -22.9517701
          ]
        ]
      },
      "id": "way/61322057"
    },
    {
      "type": "Feature",
      "properties": {
        "@id": "way/66641887",
        "highway": "secondary",
        "lanes": "4",
        "lit": "yes",
        "name": "Rua Humaitá",
        "oneway": "yes",
        "source": "survey",
        "surface": "asphalt"
      },
      "geometry": {
        "type": "LineString",
        "coordinates": [
          [
            -43.2031159,
            -22.9603235
          ],
          [
            -43.2029859,
            -22.9603024
          ]
        ]
      },
      "id": "way/66641887"
    },
    {
      "type": "Feature",
      "properties": {
        "@id": "way/66641895",
        "highway": "secondary",
        "lanes": "4",
        "lit": "yes",
        "maxspeed": "60",
        "name": "Rua Jardim Botânico",
        "oneway": "no",
        "parking:lanes:both": "no_parking",
        "source": "Bing; survey",
        "surface": "asphalt"
      },
      "geometry": {
        "type": "LineString",
        "coordinates": [
          [
            -43.2045122,
            -22.9603236
          ],
          [
            -43.204945,
            -22.960395
          ]
        ]
      },
      "id": "way/66641895"
    },
    {
      "type": "Feature",
      "properties": {
        "@id": "way/72145316",
        "cycleway:right": "no",
        "highway": "secondary",
        "lanes": "4",
        "lanes:psv:forward:conditional": "2 @ (Mo-Fr 06:00-21:00;Sa 06:00-14:00)",
        "lit": "yes",
        "maxspeed": "60",
        "name": "Avenida Nossa Senhora de Copacabana",
        "oneway": "yes",
        "sidewalk": "both",
        "surface": "asphalt"
      },
      "geometry": {
        "type": "LineString",
        "coordinates": [
          [
            -43.1814562,
            -22.9671834
          ],
          [
            -43.1805762,
            -22.9671574
          ],
          [
            -43.180443,
            -22.9671335
          ],
          [
            -43.1803197,
            -22.9670883
          ],
          [
            -43.1789583,
            -22.966339
          ],
          [
            -43.1788095,
            -22.9662571
          ],
          [
            -43.1786796,
            -22.9661856
          ],
          [
            -43.1779612,
            -22.9657902
          ],
          [
            -43.1777973,
            -22.9656995
          ],
          [
            -43.1776911,
            -22.9656429
          ],
          [
            -43.176992,
            -22.9652667
          ],
          [
            -43.1767991,
            -22.9651674
          ]
        ]
      },
      "id": "way/72145316"
    },
    {
      "type": "Feature",
      "properties": {
        "@id": "way/72145319",
        "highway": "trunk",
        "lanes": "5",
        "maxspeed:type": "BR:trunk",
        "name": "Avenida Princesa Isabel",
        "oneway": "yes",
        "sidewalk": "both",
        "surface": "asphalt"
      },
      "geometry": {
        "type": "LineString",
        "coordinates": [
          [
            -43.1743405,
            -22.9630639
          ],
          [
            -43.1744094,
            -22.9629283
          ],
          [
            -43.1749108,
            -22.961935
          ],
          [
            -43.1749837,
            -22.9617907
          ],
          [
            -43.1755071,
            -22.9607633
          ],
          [
            -43.1755202,
            -22.9607375
          ]
        ]
      },
      "id": "way/72145319"
    },
    {
      "type": "Feature",
      "properties": {
        "@id": "way/72145324",
        "cycleway:right": "no",
        "highway": "secondary",
        "lanes": "4",
        "lanes:psv:forward:conditional": "2 @ (Mo-Fr 06:00-21:00; Sa 06:00-14:00)",
        "lit": "yes",
        "maxspeed": "60",
        "name": "Rua Barata Ribeiro",
        "note": "Right lane exclusive for psv",
        "oneway": "yes",
        "parking:lane:left": "parallel",
        "parking:lane:left:conditional": "no_parking @ (Mo-Fr 06:00-21:00; Sa 06:00-14:00)",
        "sidewalk": "both",
        "surface": "paved"
      },
      "geometry": {
        "type": "LineString",
        "coordinates": [
          [
            -43.1816739,
            -22.9659956
          ],
          [
            -43.1825277,
            -22.9665525
          ],
          [
            -43.1826281,
            -22.966618
          ],
          [
            -43.1834793,
            -22.9671732
          ],
          [
            -43.1835746,
            -22.9672354
          ],
          [
            -43.1842904,
            -22.9677022
          ],
          [
            -43.1843795,
            -22.9677588
          ],
          [
            -43.1848251,
            -22.9680509
          ],
          [
            -43.1852437,
            -22.968324
          ]
        ]
      },
      "id": "way/72145324"
    },
    {
      "type": "Feature",
      "properties": {
        "@id": "way/72157029",
        "cycleway:both": "no",
        "highway": "tertiary",
        "lanes": "2",
        "name": "Rua Santa Clara",
        "oneway": "yes",
        "sidewalk": "both",
        "surface": "asphalt"
      },
      "geometry": {
        "type": "LineString",
        "coordinates": [
          [
            -43.1930079,
            -22.9651069
          ],
          [
            -43.1908412,
            -22.9675009
          ],
          [
            -43.1904185,
            -22.9679885
          ],
          [
            -43.1894318,
            -22.9690208
          ],
          [
            -43.1888203,
            -22.9697096
          ],
          [
            -43.1882871,
            -22.9702981
          ],
          [
            -43.1873511,
            -22.9713735
          ],
          [
            -43.1872333,
            -22.9714995
          ]
        ]
      },
      "id": "way/72157029"
    },
    {
      "type": "Feature",
      "properties": {
        "@id": "way/73233876",
        "bicycle": "designated",
        "highway": "tertiary",
        "lanes": "2",
        "lit": "yes",
        "maxspeed": "40",
        "name": "Rua Cosme Velho",
        "oneway": "no",
        "sidewalk": "both",
        "surface": "asphalt"
      },
      "geometry": {
        "type": "LineString",
        "coordinates": [
          [
            -43.1978129,
            -22.9405423
          ],
          [
            -43.1976904,
            -22.9405746
          ],
          [
            -43.1976031,
            -22.9405913
          ],
          [
            -43.1975105,
            -22.9406021
          ],
          [
            -43.1973455,
            -22.9406119
          ],
          [
            -43.1972029,
            -22.9405736
          ],
          [
            -43.1969547,
            -22.9404124
          ],
          [
            -43.1962949,
            -22.9398776
          ],
          [
            -43.1962265,
            -22.9397936
          ],
          [
            -43.1961648,
            -22.9396652
          ],
          [
            -43.1961312,
            -22.9393664
          ],
          [
            -43.1960931,
            -22.9392203
          ],
          [
            -43.1959341,
            -22.9386104
          ],
          [
            -43.1958738,
            -22.9385017
          ],
          [
            -43.1957853,
            -22.9383992
          ],
          [
            -43.19567,
            -22.9382757
          ],
          [
            -43.1954541,
            -22.9381745
          ],
          [
            -43.19529,
            -22.9381691
          ],
          [
            -43.1950965,
            -22.9382145
          ]
        ]
      },
      "id": "way/73233876"
    },
    {
      "type": "Feature",
      "properties": {
        "@id": "way/74379654",
        "IPP:CodLogradouro": "188532",
        "cycleway:both": "no",
        "highway": "tertiary",
        "lanes": "2",
        "lit": "yes",
        "name": "Rua Nelson Mandela",
        "oneway": "yes",
        "parking:lane:left": "diagonal",
        "parking:lane:right": "no_stopping",
        "postal_code": "22251-090",
        "surface": "asphalt"
      },
      "geometry": {
        "type": "LineString",
        "coordinates": [
          [
            -43.1841472,
            -22.9511231
          ],
          [
            -43.1841397,
            -22.9512469
          ],
          [
            -43.1841357,
            -22.9513156
          ]
        ]
      },
      "id": "way/74379654"
    },
    {
      "type": "Feature",
      "properties": {
        "@id": "way/74379667",
        "IPP:CodLogradouro": "071233",
        "highway": "tertiary",
        "lanes": "2",
        "lit": "yes",
        "name": "Rua Farani",
        "oneway": "yes",
        "parking:lane:both": "no_parking",
        "postal_code": "22231-020",
        "surface": "asphalt"
      },
      "geometry": {
        "type": "LineString",
        "coordinates": [
          [
            -43.1819389,
            -22.9412565
          ],
          [
            -43.1822301,
            -22.9410497
          ],
          [
            -43.1826379,
            -22.940775
          ]
        ]
      },
      "id": "way/74379667"
    },
    {
      "type": "Feature",
      "properties": {
        "@id": "way/74516587",
        "highway": "tertiary",
        "lanes": "2",
        "lit": "yes",
        "maxspeed": "40",
        "name": "Avenida Pasteur",
        "old_name": "Rua Pedreira de Botafogo;Praia Suzano;Praia de Santa Cecília;Porto de Martim Affonso;Praia Vermelha;Praia da Saudade",
        "oneway": "yes",
        "parking:lane:left": "no_stopping",
        "parking:lane:right": "no_parking",
        "surface": "asphalt"
      },
      "geometry": {
        "type": "LineString",
        "coordinates": [
          [
            -43.1710444,
            -22.9533055
          ],
          [
            -43.1711065,
            -22.9532828
          ],
          [
            -43.1713108,
            -22.9532136
          ],
          [
            -43.1715225,
            -22.9531485
          ],
          [
            -43.1721449,
            -22.9529142
          ],
          [
            -43.1725037,
            -22.9527834
          ],
          [
            -43.1725679,
            -22.9527445
          ],
          [
            -43.1727629,
            -22.9526279
          ]
        ]
      },
      "id": "way/74516587"
    },
    {
      "type": "Feature",
      "properties": {
        "@id": "way/75968102",
        "highway": "tertiary_link",
        "lanes": "1",
        "name": "Acesso Rua da Passagem",
        "oneway": "yes",
        "surface": "asphalt"
      },
      "geometry": {
        "type": "LineString",
        "coordinates": [
          [
            -43.1818671,
            -22.9510311
          ],
          [
            -43.18188,
            -22.9510554
          ],
          [
            -43.1818765,
            -22.9510771
          ],
          [
            -43.1818668,
            -22.951097
          ],
          [
            -43.1818516,
            -22.9511139
          ],
          [
            -43.1818312,
            -22.9511267
          ],
          [
            -43.1818078,
            -22.9511338
          ],
          [
            -43.1817832,
            -22.9511347
          ],
          [
            -43.1817593,
            -22.9511292
          ]
        ]
      },
      "id": "way/75968102"
    },
    {
      "type": "Feature",
      "properties": {
        "@id": "way/77069704",
        "IPP:CodLogradouro": "082024",
        "highway": "tertiary",
        "lanes": "1",
        "lit": "yes",
        "name": "Rua Sorocaba",
        "old_name": "Travessa Sorocaba;Rua Dona Constança;Rua Marechal Niemeyer;Travessa Marques e Figueiredo",
        "oneway": "yes",
        "postal_code": "22271-110",
        "surface": "asphalt"
      },
      "geometry": {
        "type": "LineString",
        "coordinates": [
          [
            -43.1898082,
            -22.9533446
          ],
          [
            -43.1898323,
            -22.9532389
          ],
          [
            -43.1900129,
            -22.9528023
          ],
          [
            -43.1901462,
            -22.9524547
          ],
          [
            -43.1905179,
            -22.9514755
          ],
          [
            -43.1908272,
            -22.9506805
          ],
          [
            -43.1910193,
            -22.9501584
          ],
          [
            -43.1910401,
            -22.9501087
          ],
          [
            -43.1910634,
            -22.9500513
          ]
        ]
      },
      "id": "way/77069704"
    },
    {
      "type": "Feature",
      "properties": {
        "@id": "way/83772349",
        "highway": "primary",
        "lanes": "4",
        "name": "Avenida Oswaldo Cruz",
        "old_name": "Avenida de Ligação",
        "oneway": "yes",
        "postal_code": "22280-060",
        "source": "asphalt",
        "surface": "asphalt"
      },
      "geometry": {
        "type": "LineString",
        "coordinates": [
          [
            -43.1736877,
            -22.9385381
          ],
          [
            -43.1737242,
            -22.9385976
          ],
          [
            -43.1737583,
            -22.9386644
          ],
          [
            -43.1738088,
            -22.9387263
          ],
          [
            -43.1741473,
            -22.9390071
          ],
          [
            -43.174494,
            -22.9392778
          ],
          [
            -43.1745271,
            -22.9393028
          ],
          [
            -43.1745967,
            -22.9393527
          ],
          [
            -43.1751774,
            -22.939881
          ],
          [
            -43.1759552,
            -22.9405567
          ]
        ]
      },
      "id": "way/83772349"
    },
    {
      "type": "Feature",
      "properties": {
        "@id": "way/92742552",
        "IPP:CodLogradouro": "093278",
        "cycleway:right": "no",
        "description": "Praia de Botafogo (pista central)",
        "highway": "primary",
        "lanes": "2",
        "name": "Praia de Botafogo",
        "old_name": "Praia João de Sousa do PAA 4.047;Praia Francisco Velho",
        "oneway": "yes",
        "parking_lane": "no",
        "postal_code": "22250-150",
        "surface": "asphalt"
      },
      "geometry": {
        "type": "LineString",
        "coordinates": [
          [
            -43.1821551,
            -22.9453455
          ],
          [
            -43.1819029,
            -22.9446797
          ],
          [
            -43.1817733,
            -22.9443579
          ],
          [
            -43.1815355,
            -22.9439266
          ],
          [
            -43.181422,
            -22.9437346
          ],
          [
            -43.1811595,
            -22.9433398
          ],
          [
            -43.1810456,
            -22.9432387
          ]
        ]
      },
      "id": "way/92742552"
    },
    {
      "type": "Feature",
      "properties": {
        "@id": "way/93268228",
        "highway": "trunk_link",
        "lanes": "1",
        "name": "Praça Engenheiro Bernardo Saião",
        "oneway": "yes",
        "source": "Bing",
        "surface": "paved"
      },
      "geometry": {
        "type": "LineString",
        "coordinates": [
          [
            -43.1788875,
            -22.9534277
          ],
          [
            -43.1788954,
            -22.9534724
          ],
          [
            -43.1789109,
            -22.9535155
          ],
          [
            -43.1789337,
            -22.9535557
          ],
          [
            -43.1789631,
            -22.9535921
          ],
          [
            -43.1789973,
            -22.9536227
          ],
          [
            -43.1790362,
            -22.9536482
          ],
          [
            -43.1790789,
            -22.9536678
          ],
          [
            -43.1793125,
            -22.953739
          ],
          [
            -43.1793439,
            -22.9537509
          ],
          [
            -43.1793773,
            -22.9537566
          ],
          [
            -43.1794113,
            -22.9537561
          ],
          [
            -43.1794444,
            -22.9537493
          ],
          [
            -43.1794754,
            -22.9537365
          ],
          [
            -43.1795068,
            -22.953715
          ],
          [
            -43.1795319,
            -22.9536874
          ],
          [
            -43.1795493,
            -22.9536552
          ],
          [
            -43.1795583,
            -22.9536201
          ],
          [
            -43.1795581,
            -22.9535841
          ]
        ]
      },
      "id": "way/93268228"
    },
    {
      "type": "Feature",
      "properties": {
        "@id": "way/93268229",
        "driving_side": "left",
        "highway": "primary",
        "lanes": "2",
        "lit": "yes",
        "name": "Avenida Pasteur",
        "old_name": "Rua Pedreira de Botafogo;Praia Suzano;Praia de Santa Cecília;Porto de Martim Affonso;Praia Vermelha;Praia da Saudade",
        "oneway": "no",
        "surface": "asphalt"
      },
      "geometry": {
        "type": "LineString",
        "coordinates": [
          [
            -43.1797906,
            -22.9508315
          ],
          [
            -43.1796366,
            -22.9507696
          ],
          [
            -43.1788245,
            -22.950503
          ],
          [
            -43.1782582,
            -22.9503405
          ]
        ]
      },
      "id": "way/93268229"
    },
    {
      "type": "Feature",
      "properties": {
        "@id": "way/104832548",
        "destination": "Para Jardim Botânico",
        "highway": "tertiary",
        "lanes": "2",
        "lit": "yes",
        "name": "Rua Frei Veloso",
        "oneway": "yes",
        "surface": "asphalt"
      },
      "geometry": {
        "type": "LineString",
        "coordinates": [
          [
            -43.2038413,
            -22.9632722
          ],
          [
            -43.2038185,
            -22.9631549
          ],
          [
            -43.2038118,
            -22.9631067
          ],
          [
            -43.2038118,
            -22.9630327
          ],
          [
            -43.2038495,
            -22.9626326
          ],
          [
            -43.2038523,
            -22.9626031
          ],
          [
            -43.2038507,
            -22.96254
          ]
        ]
      },
      "id": "way/104832548"
    },
    {
      "type": "Feature",
      "properties": {
        "@id": "way/104832551",
        "cycleway:right": "no",
        "highway": "tertiary",
        "lanes": "3",
        "name": "Rua Humaitá",
        "oneway": "yes",
        "surface": "asphalt"
      },
      "geometry": {
        "type": "LineString",
        "coordinates": [
          [
            -43.2034307,
            -22.9604275
          ],
          [
            -43.2032131,
            -22.9603409
          ]
        ]
      },
      "id": "way/104832551"
    },
    {
      "type": "Feature",
      "properties": {
        "@id": "way/104833853",
        "description": "alça de acesso à Rua Jardim Botânico (sentido Gávea)",
        "destination": "Para Jardim Botânico e Gávea",
        "highway": "trunk_link",
        "lanes": "1",
        "oneway": "yes"
      },
      "geometry": {
        "type": "LineString",
        "coordinates": [
          [
            -43.2045101,
            -22.9590646
          ],
          [
            -43.2044294,
            -22.9598684
          ],
          [
            -43.2044327,
            -22.9599832
          ],
          [
            -43.2044468,
            -22.9600641
          ],
          [
            -43.2045132,
            -22.9601684
          ],
          [
            -43.2047237,
            -22.9603061
          ],
          [
            -43.204945,
            -22.960395
          ]
        ]
      },
      "id": "way/104833853"
    },
    {
      "type": "Feature",
      "properties": {
        "@id": "way/104833854",
        "highway": "tertiary",
        "lanes": "1",
        "name": "Rua Frei Veloso",
        "oneway": "yes",
        "surface": "asphalt"
      },
      "geometry": {
        "type": "LineString",
        "coordinates": [
          [
            -43.2040931,
            -22.9594824
          ],
          [
            -43.2041758,
            -22.9591351
          ],
          [
            -43.2042136,
            -22.9590294
          ],
          [
            -43.2042604,
            -22.9588996
          ],
          [
            -43.204309,
            -22.9587517
          ]
        ]
      },
      "id": "way/104833854"
    },
    {
      "type": "Feature",
      "properties": {
        "@id": "way/104835433",
        "cycleway:right": "no",
        "highway": "secondary",
        "lanes": "2",
        "name": "Rua Humaitá",
        "oneway": "yes",
        "surface": "asphalt"
      },
      "geometry": {
        "type": "LineString",
        "coordinates": [
          [
            -43.2037664,
            -22.9603656
          ],
          [
            -43.2032131,
            -22.9603409
          ]
        ]
      },
      "id": "way/104835433"
    },
    {
      "type": "Feature",
      "properties": {
        "@id": "way/104835435",
        "cycleway:right": "no",
        "highway": "tertiary",
        "lanes": "2",
        "lit": "yes",
        "name": "Rua Humaitá",
        "oneway": "yes",
        "source": "survey",
        "surface": "asphalt"
      },
      "geometry": {
        "type": "LineString",
        "coordinates": [
          [
            -43.2037664,
            -22.9603656
          ],
          [
            -43.2038808,
            -22.9604472
          ],
          [
            -43.2039918,
            -22.9605444
          ],
          [
            -43.2041958,
            -22.9607368
          ]
        ]
      },
      "id": "way/104835435"
    },
    {
      "type": "Feature",
      "properties": {
        "@id": "way/104974735",
        "highway": "secondary_link",
        "lanes": "1",
        "oneway": "yes",
        "surface": "asphalt"
      },
      "geometry": {
        "type": "LineString",
        "coordinates": [
          [
            -43.198062,
            -22.955895
          ],
          [
            -43.1980823,
            -22.9558665
          ],
          [
            -43.1981088,
            -22.9558475
          ],
          [
            -43.1981393,
            -22.9558438
          ],
          [
            -43.1981849,
            -22.9558464
          ]
        ]
      },
      "id": "way/104974735"
    },
    {
      "type": "Feature",
      "properties": {
        "@id": "way/104974737",
        "highway": "secondary_link",
        "lanes": "2",
        "oneway": "no",
        "surface": "asphalt"
      },
      "geometry": {
        "type": "LineString",
        "coordinates": [
          [
            -43.1973443,
            -22.954456
          ],
          [
            -43.1972573,
            -22.9545283
          ]
        ]
      },
      "id": "way/104974737"
    },
    {
      "type": "Feature",
      "properties": {
        "@id": "way/131594482",
        "highway": "tertiary",
        "lanes": "2",
        "lit": "yes",
        "maxspeed": "40",
        "name": "Avenida Pasteur",
        "old_name": "Rua Pedreira de Botafogo;Praia Suzano;Praia de Santa Cecília;Porto de Martim Affonso;Praia Vermelha;Praia da Saudade",
        "oneway": "yes",
        "parking:lane:left": "no_stopping",
        "parking:lane:right": "no_parking",
        "surface": "asphalt"
      },
      "geometry": {
        "type": "LineString",
        "coordinates": [
          [
            -43.1705484,
            -22.9534659
          ],
          [
            -43.1710444,
            -22.9533055
          ]
        ]
      },
      "id": "way/131594482"
    },
    {
      "type": "Feature",
      "properties": {
        "@id": "way/131594483",
        "highway": "tertiary",
        "lanes": "2",
        "lit": "yes",
        "maxspeed": "40",
        "name": "Avenida Pasteur",
        "old_name": "Rua Pedreira de Botafogo;Praia Suzano;Praia de Santa Cecília;Porto de Martim Affonso;Praia Vermelha;Praia da Saudade",
        "oneway": "yes",
        "parking:lane:left": "no_stopping",
        "parking:lane:right": "no_parking",
        "surface": "asphalt"
      },
      "geometry": {
        "type": "LineString",
        "coordinates": [
          [
            -43.1676724,
            -22.9543334
          ],
          [
            -43.1683725,
            -22.9541248
          ]
        ]
      },
      "id": "way/131594483"
    },
    {
      "type": "Feature",
      "properties": {
        "@id": "way/131594485",
        "highway": "tertiary",
        "lanes": "2",
        "lit": "yes",
        "maxspeed": "40",
        "name": "Avenida Pasteur",
        "old_name": "Rua Pedreira de Botafogo;Praia Suzano;Praia de Santa Cecília;Porto de Martim Affonso;Praia Vermelha;Praia da Saudade",
        "oneway": "yes",
        "parking:lane:left": "no_stopping",
        "parking:lane:right": "no_parking",
        "surface": "asphalt"
      },
      "geometry": {
        "type": "LineString",
        "coordinates": [
          [
            -43.1692623,
            -22.9539986
          ],
          [
            -43.1690389,
            -22.954064
          ],
          [
            -43.1684093,
            -22.9542482
          ],
          [
            -43.16773,
            -22.9544469
          ],
          [
            -43.1676102,
            -22.954482
          ]
        ]
      },
      "id": "way/131594485"
    },
    {
      "type": "Feature",
      "properties": {
        "@id": "way/134216626",
        "IPP:CodLogradouro": "078741",
        "foot": "yes",
        "highway": "trunk",
        "lanes": "4",
        "lit": "yes",
        "maxspeed": "70",
        "name": "Avenida Pasteur",
        "old_name": "Rua Pedreira de Botafogo;Praia Suzano;Praia de Santa Cecília;Porto de Martim Affonso;Praia Vermelha;Praia da Saudade",
        "oneway": "yes",
        "postal_code": "22290-240",
        "surface": "asphalt"
      },
      "geometry": {
        "type": "LineString",
        "coordinates": [
          [
            -43.175618,
            -22.9509739
          ],
          [
            -43.1760696,
            -22.9507022
          ]
        ]
      },
      "id": "way/134216626"
    },
    {
      "type": "Feature",
      "properties": {
        "@id": "way/134216629",
        "cycleway:right": "no",
        "highway": "secondary",
        "lanes": "4",
        "lanes:psv:forward:conditional": "2 @ (Mo-Fr 06:00-21:00; Sa 06:00-14:00)",
        "lit": "yes",
        "maxspeed": "60",
        "name": "Avenida Nossa Senhora de Copacabana",
        "oneway": "yes",
        "sidewalk": "both",
        "surface": "asphalt"
      },
      "geometry": {
        "type": "LineString",
        "coordinates": [
          [
            -43.1840063,
            -22.9687397
          ],
          [
            -43.1838511,
            -22.9686401
          ],
          [
            -43.1837721,
            -22.9685856
          ],
          [
            -43.1836413,
            -22.9685054
          ],
          [
            -43.1830609,
            -22.9681327
          ],
          [
            -43.1829077,
            -22.9680344
          ],
          [
            -43.1827662,
            -22.9679435
          ],
          [
            -43.1821018,
            -22.9675169
          ],
          [
            -43.1819594,
            -22.9674254
          ],
          [
            -43.1818176,
            -22.9673344
          ],
          [
            -43.1816725,
            -22.9672413
          ],
          [
            -43.1815679,
            -22.9672028
          ],
          [
            -43.1814562,
            -22.9671834
          ]
        ]
      },
      "id": "way/134216629"
    },
    {
      "type": "Feature",
      "properties": {
        "@id": "way/134216631",
        "IPP:CodLogradouro": "093278",
        "alt_name": "Avenida Infante Dom Henrique",
        "foot": "yes",
        "highway": "trunk",
        "lanes": "4",
        "maxspeed": "70",
        "name": "Avenida das Nações Unidas",
        "oneway": "yes",
        "parking:lane:both": "no_stopping",
        "postal_code": "20021-140",
        "surface": "asphalt"
      },
      "geometry": {
        "type": "LineString",
        "coordinates": [
          [
            -43.181492,
            -22.9476743
          ],
          [
            -43.1815412,
            -22.9475394
          ],
          [
            -43.181613,
            -22.9472576
          ],
          [
            -43.1816698,
            -22.9469256
          ],
          [
            -43.181683,
            -22.9467219
          ],
          [
            -43.1817037,
            -22.9464695
          ],
          [
            -43.1816911,
            -22.9461257
          ],
          [
            -43.1816567,
            -22.9458419
          ],
          [
            -43.1816214,
            -22.9456199
          ],
          [
            -43.1815733,
            -22.9453999
          ],
          [
            -43.1815132,
            -22.945184
          ],
          [
            -43.1814347,
            -22.9449605
          ],
          [
            -43.18133,
            -22.9447196
          ],
          [
            -43.1812401,
            -22.9445339
          ],
          [
            -43.1810948,
            -22.9442728
          ],
          [
            -43.1809435,
            -22.9440495
          ],
          [
            -43.1807661,
            -22.9438148
          ],
          [
            -43.1806544,
            -22.9436872
          ],
          [
            -43.1804174,
            -22.9434447
          ],
          [
            -43.1801419,
            -22.9432003
          ],
          [
            -43.1798631,
            -22.9429756
          ],
          [
            -43.1795942,
            -22.9427799
          ],
          [
            -43.1795078,
            -22.9427297
          ]
        ]
      },
      "id": "way/134216631"
    },
    {
      "type": "Feature",
      "properties": {
        "@id": "way/153656598",
        "highway": "tertiary",
        "lanes": "2",
        "lit": "yes",
        "name": "Rua Cosme Velho",
        "oneway": "no",
        "sidewalk": "both",
        "source": "Yahoo",
        "surface": "asphalt"
      },
      "geometry": {
        "type": "LineString",
        "coordinates": [
          [
            -43.201576,
            -22.9399126
          ],
          [
            -43.2013208,
            -22.9399082
          ],
          [
            -43.1999003,
            -22.9402329
          ],
          [
            -43.199853,
            -22.9402437
          ],
          [
            -43.1997942,
            -22.9402523
          ],
          [
            -43.1997402,
            -22.9402554
          ]
        ]
      },
      "id": "way/153656598"
    },
    {
      "type": "Feature",
      "properties": {
        "@id": "way/153660274",
        "alt_name": "Encosta Morro do Corovado",
        "bicycle": "no",
        "foot": "no",
        "highway": "motorway",
        "lanes": "3",
        "layer": "-1",
        "lit": "yes",
        "maxspeed": "90",
        "name": "Túnel Antônio Rebouças",
        "oneway": "yes",
        "parking:lane:both": "no_stopping",
        "source": "Yahoo;survey",
        "surface": "asphalt",
        "tunnel": "yes",
        "url": "http://www.rio.rj.gov.br/smtu/smtr/hp_cve_reboucas.htm"
      },
      "geometry": {
        "type": "LineString",
        "coordinates": [
          [
            -43.2023793,
            -22.9407366
          ],
          [
            -43.2023963,
            -22.9415917
          ],
          [
            -43.2045715,
            -22.9585403
          ]
        ]
      },
      "id": "way/153660274"
    },
    {
      "type": "Feature",
      "properties": {
        "@id": "way/160970033",
        "bridge": "yes",
        "bridge:name": "Viaduto Engenheiro Humberto Vital Bandeira de Mello",
        "highway": "trunk",
        "lanes": "2",
        "layer": "1",
        "lit": "yes",
        "name": "Avenida Epitácio Pessoa",
        "oneway": "yes",
        "parking:lane:both": "no_stopping",
        "source": "Yahoo;survey",
        "surface": "asphalt"
      },
      "geometry": {
        "type": "LineString",
        "coordinates": [
          [
            -43.2041471,
            -22.9619114
          ],
          [
            -43.2041873,
            -22.9621226
          ],
          [
            -43.2042068,
            -22.9622485
          ],
          [
            -43.2042181,
            -22.962322
          ],
          [
            -43.2042309,
            -22.9624264
          ],
          [
            -43.2042363,
            -22.9625474
          ],
          [
            -43.2042275,
            -22.9626752
          ],
          [
            -43.2042135,
            -22.9627993
          ],
          [
            -43.204192,
            -22.9628913
          ],
          [
            -43.2041524,
            -22.9630228
          ],
          [
            -43.2041048,
            -22.9631598
          ],
          [
            -43.2040331,
            -22.9633401
          ],
          [
            -43.2039285,
            -22.9635982
          ],
          [
            -43.2038923,
            -22.9636871
          ],
          [
            -43.2038735,
            -22.9637501
          ],
          [
            -43.2038577,
            -22.9638257
          ],
          [
            -43.20384,
            -22.9639958
          ]
        ]
      },
      "id": "way/160970033"
    },
    {
      "type": "Feature",
      "properties": {
        "@id": "way/162529939",
        "date_off": "sunday",
        "date_on": "sunday",
        "highway": "trunk",
        "hour_off": "07:00",
        "hour_on": "18:00",
        "lanes": "4",
        "lit": "yes",
        "maxspeed": "70",
        "name": "Avenida Infante Dom Henrique",
        "oneway": "yes",
        "opening_hours": "18:00-07:00",
        "parking:lane:both": "no_stopping",
        "surface": "asphalt"
      },
      "geometry": {
        "type": "LineString",
        "coordinates": [
          [
            -43.1704813,
            -22.9394589
          ],
          [
            -43.17048,
            -22.9395948
          ],
          [
            -43.1704853,
            -22.9397059
          ],
          [
            -43.1704961,
            -22.9398319
          ],
          [
            -43.1705368,
            -22.9400021
          ],
          [
            -43.1705803,
            -22.9401552
          ],
          [
            -43.1706549,
            -22.9403867
          ],
          [
            -43.1707852,
            -22.9406751
          ],
          [
            -43.1709049,
            -22.9408891
          ],
          [
            -43.1710465,
            -22.9411035
          ],
          [
            -43.1712025,
            -22.9413003
          ],
          [
            -43.1713403,
            -22.9414652
          ],
          [
            -43.1715029,
            -22.9416281
          ],
          [
            -43.1718893,
            -22.941969
          ],
          [
            -43.1722753,
            -22.9422987
          ],
          [
            -43.1727365,
            -22.942667
          ],
          [
            -43.1732421,
            -22.9430483
          ],
          [
            -43.1735911,
            -22.9432956
          ]
        ]
      },
      "id": "way/162529939"
    },
    {
      "type": "Feature",
      "properties": {
        "@id": "way/162641740",
        "highway": "tertiary",
        "lanes": "1",
        "name": "Avenida Pasteur",
        "old_name": "Rua Pedreira de Botafogo;Praia Suzano;Praia de Santa Cecília;Porto de Martim Affonso;Praia Vermelha;Praia da Saudade",
        "oneway": "yes",
        "surface": "asphalt"
      },
      "geometry": {
        "type": "LineString",
        "coordinates": [
          [
            -43.1778033,
            -22.9502119
          ],
          [
            -43.1782582,
            -22.9503405
          ]
        ]
      },
      "id": "way/162641740"
    },
    {
      "type": "Feature",
      "properties": {
        "@id": "way/162641742",
        "highway": "primary",
        "lanes": "1",
        "lit": "yes",
        "name": "Praça Praia Nova",
        "oneway": "yes",
        "surface": "asphalt"
      },
      "geometry": {
        "type": "LineString",
        "coordinates": [
          [
            -43.1782582,
            -22.9503405
          ],
          [
            -43.1781897,
            -22.9502999
          ],
          [
            -43.178159,
            -22.9502761
          ],
          [
            -43.1781155,
            -22.9502382
          ],
          [
            -43.1780846,
            -22.9502074
          ],
          [
            -43.1780546,
            -22.9501762
          ],
          [
            -43.1780279,
            -22.9501457
          ],
          [
            -43.1780034,
            -22.9501082
          ],
          [
            -43.1780016,
            -22.9500845
          ]
        ]
      },
      "id": "way/162641742"
    },
    {
      "type": "Feature",
      "properties": {
        "@id": "way/162641744",
        "highway": "primary",
        "lanes": "2",
        "lit": "yes",
        "name": "Avenida Pasteur",
        "oneway": "yes",
        "parking:lane:both": "no_stopping",
        "surface": "asphalt"
      },
      "geometry": {
        "type": "LineString",
        "coordinates": [
          [
            -43.1810183,
            -22.951024
          ],
          [
            -43.1809822,
            -22.9510493
          ]
        ]
      },
      "id": "way/162641744"
    },
    {
      "type": "Feature",
      "properties": {
        "@id": "way/162641747",
        "bridge": "viaduct",
        "highway": "primary",
        "lanes": "2",
        "layer": "1",
        "lit": "yes",
        "name": "Viaduto Pedro Álvares Cabral",
        "oneway": "yes",
        "parking:lane:both": "no_stopping",
        "source": "survey",
        "surface": "asphalt"
      },
      "geometry": {
        "type": "LineString",
        "coordinates": [
          [
            -43.1809863,
            -22.9509654
          ],
          [
            -43.1811022,
            -22.9508614
          ],
          [
            -43.1812403,
            -22.9507036
          ],
          [
            -43.1813774,
            -22.9505189
          ],
          [
            -43.1814935,
            -22.9502688
          ],
          [
            -43.1817825,
            -22.9494768
          ]
        ]
      },
      "id": "way/162641747"
    },
    {
      "type": "Feature",
      "properties": {
        "@id": "way/162641748",
        "bridge": "yes",
        "bridge:name": "Viaduto Rainha Carlota Joaquina de Portugal e Brasil",
        "driving_side": "left",
        "highway": "primary",
        "lanes": "2",
        "layer": "1",
        "lit": "yes",
        "name": "Avenida Pasteur",
        "old_name": "Rua Pedreira de Botafogo;Praia Suzano;Praia de Santa Cecília;Porto de Martim Affonso;Praia Vermelha;Praia da Saudade",
        "oneway": "no",
        "surface": "asphalt"
      },
      "geometry": {
        "type": "LineString",
        "coordinates": [
          [
            -43.180042,
            -22.9509197
          ],
          [
            -43.1797906,
            -22.9508315
          ]
        ]
      },
      "id": "way/162641748"
    },
    {
      "type": "Feature",
      "properties": {
        "@id": "way/162641751",
        "highway": "primary",
        "lanes": "2",
        "name": "Avenida Pasteur",
        "old_name": "Rua Pedreira de Botafogo;Praia Suzano;Praia de Santa Cecília;Porto de Martim Affonso;Praia Vermelha;Praia da Saudade",
        "oneway": "yes",
        "surface": "asphalt"
      },
      "geometry": {
        "type": "LineString",
        "coordinates": [
          [
            -43.1800729,
            -22.9508475
          ],
          [
            -43.1803659,
            -22.9509523
          ],
          [
            -43.1805133,
            -22.9509981
          ]
        ]
      },
      "id": "way/162641751"
    },
    {
      "type": "Feature",
      "properties": {
        "@id": "way/162641752",
        "IPP:CodLogradouro": "093278",
        "cycleway:right": "no",
        "description": "Praia de Botafogo (pista lateral)",
        "highway": "primary",
        "lanes": "3",
        "name": "Praia de Botafogo",
        "old_name": "Praia João de Sousa do PAA 4.047;Praia Francisco Velho",
        "oneway": "yes",
        "postal_code": "22250-150",
        "surface": "paved"
      },
      "geometry": {
        "type": "LineString",
        "coordinates": [
          [
            -43.1816801,
            -22.9492451
          ],
          [
            -43.1817262,
            -22.9491158
          ],
          [
            -43.1818665,
            -22.9487526
          ],
          [
            -43.1819543,
            -22.9484982
          ],
          [
            -43.1820037,
            -22.9483318
          ]
        ]
      },
      "id": "way/162641752"
    },
    {
      "type": "Feature",
      "properties": {
        "@id": "way/162641756",
        "driving_side": "left",
        "highway": "primary",
        "lanes": "2",
        "lit": "yes",
        "name": "Avenida Pasteur",
        "old_name": "Rua Pedreira de Botafogo;Praia Suzano;Praia de Santa Cecília;Porto de Martim Affonso;Praia Vermelha;Praia da Saudade",
        "oneway": "no",
        "surface": "asphalt"
      },
      "geometry": {
        "type": "LineString",
        "coordinates": [
          [
            -43.1803321,
            -22.951023
          ],
          [
            -43.1802008,
            -22.9509749
          ],
          [
            -43.180042,
            -22.9509197
          ]
        ]
      },
      "id": "way/162641756"
    },
    {
      "type": "Feature",
      "properties": {
        "@id": "way/162641759",
        "destination": "Jardim Botánico",
        "highway": "trunk_link",
        "lanes": "1",
        "lit": "yes",
        "oneway": "yes",
        "source": "survey",
        "surface": "asphalt"
      },
      "geometry": {
        "type": "LineString",
        "coordinates": [
          [
            -43.1811382,
            -22.9507023
          ],
          [
            -43.1811784,
            -22.950672
          ],
          [
            -43.1811958,
            -22.9506599
          ],
          [
            -43.1812147,
            -22.9506484
          ],
          [
            -43.1812252,
            -22.9506433
          ],
          [
            -43.1812378,
            -22.9506392
          ],
          [
            -43.1812494,
            -22.9506368
          ],
          [
            -43.181261,
            -22.9506344
          ],
          [
            -43.1812847,
            -22.9506312
          ],
          [
            -43.1813091,
            -22.950629
          ],
          [
            -43.1813207,
            -22.9506288
          ],
          [
            -43.1813322,
            -22.9506291
          ],
          [
            -43.1813435,
            -22.9506305
          ],
          [
            -43.1813547,
            -22.950633
          ],
          [
            -43.181365,
            -22.9506362
          ],
          [
            -43.1813748,
            -22.9506397
          ],
          [
            -43.1814054,
            -22.9506565
          ],
          [
            -43.1814991,
            -22.9507156
          ],
          [
            -43.1815767,
            -22.950759
          ]
        ]
      },
      "id": "way/162641759"
    },
    {
      "type": "Feature",
      "properties": {
        "@id": "way/164081428",
        "description": "agulha de acesso à Praia de Botafogo (pista lateral) após Rua São Clemente",
        "highway": "primary_link",
        "lanes": "1",
        "oneway": "yes",
        "surface": "paved"
      },
      "geometry": {
        "type": "LineString",
        "coordinates": [
          [
            -43.1821133,
            -22.9485283
          ],
          [
            -43.1821591,
            -22.9479109
          ],
          [
            -43.1821401,
            -22.9477869
          ]
        ]
      },
      "id": "way/164081428"
    },
    {
      "type": "Feature",
      "properties": {
        "@id": "way/169049934",
        "highway": "secondary",
        "lanes": "1",
        "lit": "yes",
        "name": "Praça Vereador Rocha Leão",
        "oneway": "yes",
        "surface": "asphalt"
      },
      "geometry": {
        "type": "LineString",
        "coordinates": [
          [
            -43.1906962,
            -22.9647308
          ],
          [
            -43.1905245,
            -22.9645106
          ],
          [
            -43.1904705,
            -22.9644403
          ]
        ]
      },
      "id": "way/169049934"
    },
    {
      "type": "Feature",
      "properties": {
        "@id": "way/170845572",
        "bicycle": "designated",
        "highway": "tertiary",
        "lanes": "1",
        "lit": "yes",
        "maxspeed": "30",
        "name": "Rua Mário Portela",
        "oneway": "yes",
        "surface": "asphalt"
      },
      "geometry": {
        "type": "LineString",
        "coordinates": [
          [
            -43.193991,
            -22.9357608
          ],
          [
            -43.1939458,
            -22.9357768
          ],
          [
            -43.1938869,
            -22.9357819
          ],
          [
            -43.1938101,
            -22.9357852
          ],
          [
            -43.1937126,
            -22.9357749
          ],
          [
            -43.1936423,
            -22.9357641
          ],
          [
            -43.1933431,
            -22.935726
          ],
          [
            -43.1932442,
            -22.93572
          ],
          [
            -43.1931835,
            -22.9357241
          ],
          [
            -43.1930246,
            -22.9357568
          ],
          [
            -43.1927651,
            -22.9358303
          ],
          [
            -43.192566,
            -22.9359044
          ],
          [
            -43.1916493,
            -22.9362947
          ],
          [
            -43.1915487,
            -22.9363361
          ],
          [
            -43.1914455,
            -22.9363571
          ],
          [
            -43.1903258,
            -22.9364534
          ],
          [
            -43.1902294,
            -22.936461
          ],
          [
            -43.1901719,
            -22.9364757
          ],
          [
            -43.1901233,
            -22.936484
          ]
        ]
      },
      "id": "way/170845572"
    },
    {
      "type": "Feature",
      "properties": {
        "@id": "way/170845575",
        "bicycle": "designated",
        "highway": "tertiary",
        "lanes": "1",
        "lit": "yes",
        "maxspeed": "30",
        "name": "Rua Alice",
        "oneway": "yes",
        "surface": "asphalt"
      },
      "geometry": {
        "type": "LineString",
        "coordinates": [
          [
            -43.1900004,
            -22.9362778
          ],
          [
            -43.1900803,
            -22.936315
          ],
          [
            -43.1901404,
            -22.9363271
          ],
          [
            -43.190184,
            -22.9363342
          ],
          [
            -43.1902617,
            -22.9363177
          ],
          [
            -43.1906361,
            -22.9360464
          ],
          [
            -43.1907347,
            -22.9359865
          ],
          [
            -43.1908648,
            -22.9359161
          ],
          [
            -43.1919222,
            -22.9354573
          ],
          [
            -43.1921683,
            -22.9353616
          ],
          [
            -43.1924667,
            -22.9352523
          ],
          [
            -43.1927416,
            -22.9351924
          ],
          [
            -43.1929433,
            -22.9351649
          ],
          [
            -43.1930065,
            -22.9351655
          ],
          [
            -43.1930727,
            -22.935183
          ],
          [
            -43.1931235,
            -22.9352348
          ],
          [
            -43.193152,
            -22.9352865
          ],
          [
            -43.193163,
            -22.9353461
          ],
          [
            -43.1931369,
            -22.9353997
          ],
          [
            -43.1930976,
            -22.9354399
          ],
          [
            -43.1930788,
            -22.9354578
          ],
          [
            -43.1930377,
            -22.9354656
          ],
          [
            -43.1930072,
            -22.9354702
          ],
          [
            -43.1927048,
            -22.9354561
          ],
          [
            -43.192623,
            -22.9354548
          ],
          [
            -43.19258,
            -22.935469
          ],
          [
            -43.1925479,
            -22.9354999
          ],
          [
            -43.1925358,
            -22.9355394
          ],
          [
            -43.1925331,
            -22.9356185
          ],
          [
            -43.1925445,
            -22.9356555
          ],
          [
            -43.1925807,
            -22.9356839
          ],
          [
            -43.1926437,
            -22.9356944
          ],
          [
            -43.1927839,
            -22.9356809
          ],
          [
            -43.1933433,
            -22.9355063
          ],
          [
            -43.1934176,
            -22.9354903
          ],
          [
            -43.193475,
            -22.9354859
          ],
          [
            -43.1935205,
            -22.9354888
          ],
          [
            -43.1935803,
            -22.9355101
          ],
          [
            -43.1936223,
            -22.9355333
          ],
          [
            -43.1937429,
            -22.9356025
          ]
        ]
      },
      "id": "way/170845575"
    },
    {
      "type": "Feature",
      "properties": {
        "@id": "way/179723261",
        "highway": "secondary",
        "lanes": "4",
        "lanes:psv:forward:conditional": "2 @ (Mo-Fr 6:00-21:00;Sa 6:00-14:00)",
        "lit": "yes",
        "maxspeed": "60",
        "name": "Rua Barata Ribeiro",
        "oneway": "yes",
        "parking:lane:left": "parallel",
        "parking:lane:left:conditional": "no_parking @ (Mo-Fr 6:00-21:00;Sa 6:00-14:00)",
        "surface": "asphalt"
      },
      "geometry": {
        "type": "LineString",
        "coordinates": [
          [
            -43.1867913,
            -22.9692945
          ],
          [
            -43.1868384,
            -22.9693256
          ],
          [
            -43.1873309,
            -22.9696515
          ],
          [
            -43.1875214,
            -22.9697748
          ],
          [
            -43.1882871,
            -22.9702981
          ],
          [
            -43.1892723,
            -22.9713022
          ],
          [
            -43.1900291,
            -22.9720798
          ],
          [
            -43.1906704,
            -22.9727567
          ],
          [
            -43.1908224,
            -22.9729138
          ],
          [
            -43.1909019,
            -22.973046
          ],
          [
            -43.1911705,
            -22.9735827
          ],
          [
            -43.1915423,
            -22.9742952
          ],
          [
            -43.1922824,
            -22.9757039
          ],
          [
            -43.1924674,
            -22.9763324
          ],
          [
            -43.1924938,
            -22.9764229
          ],
          [
            -43.1927407,
            -22.9773447
          ],
          [
            -43.1927734,
            -22.9774534
          ]
        ]
      },
      "id": "way/179723261"
    },
    {
      "type": "Feature",
      "properties": {
        "@id": "way/179723958",
        "highway": "trunk",
        "lanes": "4",
        "maxspeed:type": "BR:trunk",
        "name": "Avenida Princesa Isabel",
        "oneway": "yes",
        "surface": "paved"
      },
      "geometry": {
        "type": "LineString",
        "coordinates": [
          [
            -43.173455,
            -22.9647011
          ],
          [
            -43.173653,
            -22.9643305
          ],
          [
            -43.173815,
            -22.9640351
          ],
          [
            -43.1738886,
            -22.9638829
          ]
        ]
      },
      "id": "way/179723958"
    },
    {
      "type": "Feature",
      "properties": {
        "@id": "way/179731689",
        "highway": "tertiary",
        "lanes": "1",
        "name": "Praça Vereador Rocha Leão",
        "oneway": "yes",
        "surface": "asphalt"
      },
      "geometry": {
        "type": "LineString",
        "coordinates": [
          [
            -43.1905712,
            -22.9648833
          ],
          [
            -43.1906936,
            -22.9648052
          ],
          [
            -43.1908098,
            -22.9646867
          ],
          [
            -43.1910498,
            -22.9644404
          ],
          [
            -43.1911806,
            -22.964323
          ],
          [
            -43.1912175,
            -22.9643058
          ],
          [
            -43.1912747,
            -22.9642994
          ],
          [
            -43.1913073,
            -22.9642881
          ],
          [
            -43.1913505,
            -22.9642524
          ],
          [
            -43.1913695,
            -22.9642339
          ],
          [
            -43.1914327,
            -22.9641724
          ],
          [
            -43.1915447,
            -22.9640761
          ],
          [
            -43.1916305,
            -22.9640218
          ],
          [
            -43.1917006,
            -22.9639915
          ],
          [
            -43.1917667,
            -22.9639717
          ],
          [
            -43.1918431,
            -22.9639612
          ],
          [
            -43.1919035,
            -22.9639662
          ],
          [
            -43.1919859,
            -22.9639798
          ],
          [
            -43.1921261,
            -22.9640193
          ]
        ]
      },
      "id": "way/179731689"
    },
    {
      "type": "Feature",
      "properties": {
        "@id": "way/180212411",
        "destination": "Copacabana;Ipanema",
        "highway": "tertiary_link",
        "lanes": "1",
        "oneway": "yes",
        "surface": "asphalt"
      },
      "geometry": {
        "type": "LineString",
        "coordinates": [
          [
            -43.1917249,
            -22.9580866
          ],
          [
            -43.1916352,
            -22.9581226
          ],
          [
            -43.1915695,
            -22.9581564
          ],
          [
            -43.1915491,
            -22.9581744
          ],
          [
            -43.1914235,
            -22.9582854
          ]
        ]
      },
      "id": "way/180212411"
    },
    {
      "type": "Feature",
      "properties": {
        "@id": "way/180212412",
        "highway": "tertiary",
        "lanes": "2",
        "maxspeed": "60",
        "name": "Rua Visconde de Silva",
        "oneway": "yes",
        "surface": "asphalt"
      },
      "geometry": {
        "type": "LineString",
        "coordinates": [
          [
            -43.1985684,
            -22.9586714
          ],
          [
            -43.1984908,
            -22.9586527
          ],
          [
            -43.1984719,
            -22.9586482
          ],
          [
            -43.197841,
            -22.9584964
          ],
          [
            -43.1974511,
            -22.9584031
          ],
          [
            -43.1973581,
            -22.9583884
          ],
          [
            -43.197281,
            -22.9584023
          ]
        ]
      },
      "id": "way/180212412"
    },
    {
      "type": "Feature",
      "properties": {
        "@id": "way/185021775",
        "highway": "tertiary",
        "lanes": "1",
        "lit": "yes",
        "maxspeed": "40",
        "name": "Rua Marechal Cantuária",
        "oneway": "yes",
        "parking:left:fee": "no",
        "parking:left:orientation": "parallel",
        "parking:right": "no",
        "parking:right:restriction": "no_parking",
        "surface": "asphalt"
      },
      "geometry": {
        "type": "LineString",
        "coordinates": [
          [
            -43.1679652,
            -22.9508074
          ],
          [
            -43.1676973,
            -22.9505898
          ],
          [
            -43.166908,
            -22.9498613
          ],
          [
            -43.1659564,
            -22.9490055
          ],
          [
            -43.1657861,
            -22.9488709
          ],
          [
            -43.1656238,
            -22.9487647
          ],
          [
            -43.1654388,
            -22.948677
          ],
          [
            -43.1650968,
            -22.9485251
          ],
          [
            -43.1648795,
            -22.948451
          ],
          [
            -43.1645818,
            -22.9483794
          ],
          [
            -43.1641286,
            -22.9483067
          ],
          [
            -43.1639844,
            -22.9482836
          ]
        ]
      },
      "id": "way/185021775"
    },
    {
      "type": "Feature",
      "properties": {
        "@id": "way/187900222",
        "IPP:CodLogradouro": "079350",
        "highway": "primary",
        "lanes": "2",
        "lit": "yes",
        "name": "Rua Fernando Ferrari",
        "oneway": "yes",
        "parking:lane:both": "no_stopping",
        "postal_code": "22231-040",
        "surface": "asphalt"
      },
      "geometry": {
        "type": "LineString",
        "coordinates": [
          [
            -43.1819571,
            -22.9425478
          ],
          [
            -43.1821925,
            -22.9419474
          ],
          [
            -43.1822317,
            -22.9418447
          ]
        ]
      },
      "id": "way/187900222"
    },
    {
      "type": "Feature",
      "properties": {
        "@id": "way/187900225",
        "IPP:CodLogradouro": "077685",
        "highway": "secondary",
        "lanes": "3",
        "maxspeed": "60",
        "name": "Rua Muniz Barreto",
        "old_name": "Travessa Dona Carlota",
        "oneway": "yes",
        "postal_code": "22251-090",
        "surface": "asphalt"
      },
      "geometry": {
        "type": "LineString",
        "coordinates": [
          [
            -43.1826447,
            -22.9423744
          ],
          [
            -43.1830436,
            -22.9427437
          ],
          [
            -43.1832976,
            -22.9430981
          ],
          [
            -43.1835601,
            -22.9435232
          ],
          [
            -43.1836491,
            -22.9436616
          ],
          [
            -43.183657,
            -22.943681
          ],
          [
            -43.1836692,
            -22.9437102
          ],
          [
            -43.1837252,
            -22.9438552
          ]
        ]
      },
      "id": "way/187900225"
    },
    {
      "type": "Feature",
      "properties": {
        "@id": "way/206232952",
        "highway": "tertiary",
        "lanes": "2",
        "lit": "yes",
        "maxspeed": "30",
        "name": "Avenida Prado Júnior",
        "oneway": "yes",
        "surface": "paved"
      },
      "geometry": {
        "type": "LineString",
        "coordinates": [
          [
            -43.1742088,
            -22.9653636
          ],
          [
            -43.1740433,
            -22.9654998
          ]
        ]
      },
      "id": "way/206232952"
    },
    {
      "type": "Feature",
      "properties": {
        "@id": "way/206233086",
        "highway": "tertiary",
        "lanes": "2",
        "maxspeed": "30",
        "name": "Avenida Prado Júnior",
        "oneway": "yes",
        "sidewalk": "both",
        "surface": "paved"
      },
      "geometry": {
        "type": "LineString",
        "coordinates": [
          [
            -43.1747791,
            -22.9642721
          ],
          [
            -43.1747184,
            -22.9644003
          ],
          [
            -43.1744018,
            -22.9650255
          ]
        ]
      },
      "id": "way/206233086"
    },
    {
      "type": "Feature",
      "properties": {
        "@id": "way/206260190",
        "highway": "primary_link",
        "lanes": "1",
        "oneway": "yes",
        "source": "Bing 2013; survey",
        "surface": "paved"
      },
      "geometry": {
        "type": "LineString",
        "coordinates": [
          [
            -43.1801542,
            -22.9418925
          ],
          [
            -43.1801867,
            -22.941976
          ],
          [
            -43.1801958,
            -22.942027
          ],
          [
            -43.1801919,
            -22.9420802
          ],
          [
            -43.180168,
            -22.9421251
          ],
          [
            -43.1801336,
            -22.9421597
          ],
          [
            -43.1800757,
            -22.9421819
          ],
          [
            -43.1800301,
            -22.9421885
          ],
          [
            -43.179978,
            -22.9421822
          ]
        ]
      },
      "id": "way/206260190"
    },
    {
      "type": "Feature",
      "properties": {
        "@id": "way/207143229",
        "bicycle": "designated",
        "highway": "tertiary",
        "lanes": "3",
        "lit": "yes",
        "name": "Rua Tonelero",
        "oneway": "yes",
        "parking:lane:both": "no_parking",
        "sidewalk": "both",
        "surface": "asphalt"
      },
      "geometry": {
        "type": "LineString",
        "coordinates": [
          [
            -43.1807971,
            -22.9644641
          ],
          [
            -43.1808942,
            -22.9645061
          ],
          [
            -43.1810742,
            -22.9645838
          ],
          [
            -43.1813491,
            -22.9647085
          ],
          [
            -43.182264,
            -22.9651648
          ],
          [
            -43.1823791,
            -22.9652222
          ],
          [
            -43.18329,
            -22.9656852
          ],
          [
            -43.183409,
            -22.9657457
          ],
          [
            -43.1841081,
            -22.9660994
          ]
        ]
      },
      "id": "way/207143229"
    },
    {
      "type": "Feature",
      "properties": {
        "@id": "way/211849766",
        "highway": "tertiary_link",
        "lanes": "2",
        "lit": "yes",
        "name": "Jardim Juíza Cristiane Tomaz Buosi",
        "oneway": "yes",
        "surface": "asphalt"
      },
      "geometry": {
        "type": "LineString",
        "coordinates": [
          [
            -43.1969436,
            -22.9582346
          ],
          [
            -43.1969893,
            -22.9582688
          ],
          [
            -43.1970179,
            -22.9582941
          ],
          [
            -43.1970429,
            -22.9583342
          ],
          [
            -43.1970524,
            -22.9583581
          ],
          [
            -43.1970571,
            -22.958383
          ],
          [
            -43.1970513,
            -22.9584236
          ],
          [
            -43.1970352,
            -22.9584575
          ],
          [
            -43.1970048,
            -22.9585102
          ]
        ]
      },
      "id": "way/211849766"
    },
    {
      "type": "Feature",
      "properties": {
        "@id": "way/223353194",
        "highway": "secondary",
        "lanes": "3",
        "maxheight": "3.8",
        "name": "Rua Humaitá",
        "oneway": "yes",
        "surface": "asphalt"
      },
      "geometry": {
        "type": "LineString",
        "coordinates": [
          [
            -43.1965131,
            -22.9528118
          ],
          [
            -43.1969196,
            -22.953605
          ],
          [
            -43.1969732,
            -22.9537149
          ],
          [
            -43.1971165,
            -22.9539942
          ],
          [
            -43.1973443,
            -22.954456
          ],
          [
            -43.1974421,
            -22.9546045
          ],
          [
            -43.1975213,
            -22.954712
          ],
          [
            -43.1977653,
            -22.9550579
          ],
          [
            -43.1978782,
            -22.9552275
          ],
          [
            -43.1980184,
            -22.9554472
          ],
          [
            -43.1981352,
            -22.9556877
          ],
          [
            -43.1981849,
            -22.9558464
          ]
        ]
      },
      "id": "way/223353194"
    },
    {
      "type": "Feature",
      "properties": {
        "@id": "way/225172127",
        "cycleway:right": "no",
        "highway": "secondary",
        "lanes": "3",
        "lit": "yes",
        "name": "Rua Humaitá",
        "oneway": "yes",
        "source": "survey",
        "surface": "asphalt"
      },
      "geometry": {
        "type": "LineString",
        "coordinates": [
          [
            -43.2000617,
            -22.958967
          ],
          [
            -43.1998485,
            -22.958685
          ],
          [
            -43.1993353,
            -22.9579169
          ],
          [
            -43.1991915,
            -22.9577291
          ]
        ]
      },
      "id": "way/225172127"
    },
    {
      "type": "Feature",
      "properties": {
        "@id": "way/225172128",
        "highway": "tertiary",
        "lanes": "3",
        "name": "Rua Visconde de Silva",
        "oneway": "yes",
        "surface": "asphalt"
      },
      "geometry": {
        "type": "LineString",
        "coordinates": [
          [
            -43.2000617,
            -22.958967
          ],
          [
            -43.1999501,
            -22.9589222
          ],
          [
            -43.1998663,
            -22.9589096
          ],
          [
            -43.1997561,
            -22.9589096
          ],
          [
            -43.1996013,
            -22.9589331
          ],
          [
            -43.1993525,
            -22.9589032
          ],
          [
            -43.1992415,
            -22.958877
          ],
          [
            -43.1986105,
            -22.9586842
          ],
          [
            -43.1985684,
            -22.9586714
          ]
        ]
      },
      "id": "way/225172128"
    },
    {
      "type": "Feature",
      "properties": {
        "@id": "way/227117823",
        "IPP:CodLogradouro": "105262",
        "date_off": "sunday",
        "date_on": "sunday",
        "foot": "yes",
        "highway": "trunk",
        "hour_off": "07:00",
        "hour_on": "18:00",
        "lanes": "4",
        "lit": "yes",
        "maxspeed": "70",
        "name": "Avenida Infante Dom Henrique",
        "oneway": "yes",
        "opening_hours": "18:00-07:00",
        "parking:lane:both": "no_stopping",
        "postal_code": "20021-140",
        "surface": "asphalt"
      },
      "geometry": {
        "type": "LineString",
        "coordinates": [
          [
            -43.1757471,
            -22.9435887
          ],
          [
            -43.1759276,
            -22.9435041
          ],
          [
            -43.1761253,
            -22.9433872
          ],
          [
            -43.1763877,
            -22.9431934
          ],
          [
            -43.1768502,
            -22.942859
          ],
          [
            -43.1771037,
            -22.9426823
          ]
        ]
      },
      "id": "way/227117823"
    },
    {
      "type": "Feature",
      "properties": {
        "@id": "way/227117824",
        "IPP:CodLogradouro": "093278",
        "alt_name": "Avenida Infante Dom Henrique",
        "date_off": "sunday",
        "date_on": "sunday",
        "highway": "trunk",
        "hour_off": "07:00",
        "hour_on": "18:00",
        "lanes": "4",
        "lit": "yes",
        "maxspeed": "70",
        "name": "Avenida das Nações Unidas",
        "official_name": "Avenida Infante Dom Henrique",
        "oneway": "yes",
        "opening_hours": "18:00-07:00",
        "parking:lane:both": "no_stopping",
        "postal_code": "20021-140",
        "surface": "asphalt"
      },
      "geometry": {
        "type": "LineString",
        "coordinates": [
          [
            -43.1771037,
            -22.9426823
          ],
          [
            -43.1773263,
            -22.942557
          ],
          [
            -43.1774805,
            -22.9424773
          ],
          [
            -43.1776981,
            -22.9423925
          ],
          [
            -43.1778156,
            -22.942359
          ]
        ]
      },
      "id": "way/227117824"
    },
    {
      "type": "Feature",
      "properties": {
        "@id": "way/228176849",
        "highway": "trunk",
        "lanes": "2",
        "lit": "yes",
        "name": "Avenida Borges de Medeiros",
        "oneway": "yes",
        "parking:lane:both": "no_stopping",
        "source": "Yahoo; survey",
        "surface": "asphalt"
      },
      "geometry": {
        "type": "LineString",
        "coordinates": [
          [
            -43.2047962,
            -22.9628919
          ],
          [
            -43.2046654,
            -22.962903
          ],
          [
            -43.2046151,
            -22.962903
          ],
          [
            -43.2045642,
            -22.9629011
          ],
          [
            -43.2045098,
            -22.9628907
          ],
          [
            -43.2044582,
            -22.9628771
          ],
          [
            -43.2043918,
            -22.9628425
          ],
          [
            -43.2042939,
            -22.9627838
          ],
          [
            -43.2041665,
            -22.9626715
          ],
          [
            -43.2041276,
            -22.9626381
          ],
          [
            -43.2040773,
            -22.9625807
          ],
          [
            -43.2040277,
            -22.9625091
          ],
          [
            -43.2039787,
            -22.9624177
          ]
        ]
      },
      "id": "way/228176849"
    },
    {
      "type": "Feature",
      "properties": {
        "@id": "way/230467818",
        "IPP:CodLogradouro": "077685",
        "cycleway:left": "shared_lane",
        "highway": "secondary",
        "lanes": "2",
        "maxspeed": "60",
        "name": "Rua Muniz Barreto",
        "old_name": "Travessa Dona Carlota",
        "oneway": "yes",
        "parking_lane": "left",
        "postal_code": "22251-090",
        "surface": "asphalt"
      },
      "geometry": {
        "type": "LineString",
        "coordinates": [
          [
            -43.1837252,
            -22.9438552
          ],
          [
            -43.1838803,
            -22.9444363
          ],
          [
            -43.1839467,
            -22.9447474
          ],
          [
            -43.1841739,
            -22.9458923
          ],
          [
            -43.1841862,
            -22.9459754
          ],
          [
            -43.1841918,
            -22.9460738
          ]
        ]
      },
      "id": "way/230467818"
    },
    {
      "type": "Feature",
      "properties": {
        "@id": "way/230467829",
        "highway": "secondary",
        "lanes": "1",
        "lit": "yes",
        "name": "Rua Marquês de Olinda",
        "old_name": "Rua de Olinda",
        "oneway": "yes",
        "parking:lane:both": "no_parking",
        "postal_code": "22251-040",
        "source": "survey",
        "surface": "asphalt"
      },
      "geometry": {
        "type": "LineString",
        "coordinates": [
          [
            -43.1822657,
            -22.9440705
          ],
          [
            -43.1822295,
            -22.9440988
          ],
          [
            -43.1822005,
            -22.9441335
          ],
          [
            -43.1821799,
            -22.9441729
          ],
          [
            -43.1821706,
            -22.9442046
          ],
          [
            -43.1821668,
            -22.9442373
          ],
          [
            -43.1821686,
            -22.9442701
          ],
          [
            -43.1821759,
            -22.9443023
          ],
          [
            -43.1821964,
            -22.9444539
          ]
        ]
      },
      "id": "way/230467829"
    },
    {
      "type": "Feature",
      "properties": {
        "@id": "way/232344638",
        "bridge": "viaduct",
        "highway": "primary",
        "lanes": "1",
        "layer": "1",
        "lit": "yes",
        "name": "Praça Praia Nova",
        "oneway": "yes",
        "surface": "asphalt"
      },
      "geometry": {
        "type": "LineString",
        "coordinates": [
          [
            -43.1780016,
            -22.9500845
          ],
          [
            -43.1779972,
            -22.9499806
          ],
          [
            -43.1779982,
            -22.9499577
          ]
        ]
      },
      "id": "way/232344638"
    },
    {
      "type": "Feature",
      "properties": {
        "@id": "way/232344639",
        "highway": "primary",
        "lanes": "1",
        "lit": "yes",
        "name": "Praça Praia Nova",
        "oneway": "yes",
        "source": "survey",
        "surface": "asphalt"
      },
      "geometry": {
        "type": "LineString",
        "coordinates": [
          [
            -43.1779982,
            -22.9499577
          ],
          [
            -43.1780005,
            -22.9499332
          ],
          [
            -43.178007,
            -22.9499071
          ],
          [
            -43.1780168,
            -22.9498858
          ],
          [
            -43.1780284,
            -22.949864
          ],
          [
            -43.178056,
            -22.9498242
          ],
          [
            -43.1781207,
            -22.949745
          ],
          [
            -43.1782253,
            -22.94964
          ],
          [
            -43.1783101,
            -22.9495759
          ],
          [
            -43.1784381,
            -22.9494834
          ]
        ]
      },
      "id": "way/232344639"
    },
    {
      "type": "Feature",
      "properties": {
        "@id": "way/232350139",
        "highway": "tertiary_link",
        "lanes": "1",
        "oneway": "yes",
        "surface": "asphalt"
      },
      "geometry": {
        "type": "LineString",
        "coordinates": [
          [
            -43.1821494,
            -22.9492745
          ],
          [
            -43.1821495,
            -22.9492332
          ],
          [
            -43.1821414,
            -22.9492124
          ],
          [
            -43.1821233,
            -22.9491973
          ],
          [
            -43.182101,
            -22.9491967
          ],
          [
            -43.1820862,
            -22.9492059
          ],
          [
            -43.1820539,
            -22.949256
          ]
        ]
      },
      "id": "way/232350139"
    },
    {
      "type": "Feature",
      "properties": {
        "@id": "way/232350141",
        "cycleway:right": "no",
        "highway": "tertiary",
        "lanes": "1",
        "name": "Praia de Botafogo",
        "old_name": "Praia João de Sousa do PAA 4.047;Praia Francisco Velho",
        "oneway": "yes",
        "surface": "paved"
      },
      "geometry": {
        "type": "LineString",
        "coordinates": [
          [
            -43.1822852,
            -22.9486662
          ],
          [
            -43.1820539,
            -22.949256
          ],
          [
            -43.181779,
            -22.9499412
          ],
          [
            -43.181749,
            -22.9500323
          ],
          [
            -43.1817302,
            -22.9500476
          ],
          [
            -43.1817078,
            -22.9500521
          ],
          [
            -43.1816722,
            -22.9500552
          ],
          [
            -43.1816416,
            -22.9500528
          ],
          [
            -43.1816262,
            -22.95005
          ],
          [
            -43.181608,
            -22.950045
          ],
          [
            -43.1815823,
            -22.9500361
          ],
          [
            -43.1815555,
            -22.9500206
          ],
          [
            -43.1815419,
            -22.950006
          ],
          [
            -43.1815346,
            -22.9499912
          ],
          [
            -43.1815296,
            -22.9499759
          ],
          [
            -43.1815228,
            -22.9499395
          ],
          [
            -43.1815245,
            -22.9499037
          ],
          [
            -43.1815308,
            -22.9498743
          ],
          [
            -43.1816156,
            -22.949591
          ],
          [
            -43.1816326,
            -22.9494772
          ],
          [
            -43.1816396,
            -22.9493596
          ]
        ]
      },
      "id": "way/232350141"
    },
    {
      "type": "Feature",
      "properties": {
        "@id": "way/232350142",
        "cycleway:right": "no",
        "highway": "secondary",
        "lanes": "2",
        "name": "Rua São Clemente",
        "oneway": "yes",
        "source": "Yahoo; survey",
        "surface": "asphalt"
      },
      "geometry": {
        "type": "LineString",
        "coordinates": [
          [
            -43.1824898,
            -22.9490962
          ],
          [
            -43.1825301,
            -22.9491098
          ],
          [
            -43.1825764,
            -22.9491192
          ],
          [
            -43.1826564,
            -22.9491286
          ],
          [
            -43.1827395,
            -22.9491357
          ],
          [
            -43.1834423,
            -22.949217
          ]
        ]
      },
      "id": "way/232350142"
    },
    {
      "type": "Feature",
      "properties": {
        "@id": "way/232350143",
        "highway": "tertiary_link",
        "lanes": "1",
        "oneway": "yes",
        "surface": "asphalt"
      },
      "geometry": {
        "type": "LineString",
        "coordinates": [
          [
            -43.181749,
            -22.9500323
          ],
          [
            -43.1817492,
            -22.950056
          ],
          [
            -43.1817556,
            -22.9500749
          ],
          [
            -43.1817706,
            -22.9500883
          ],
          [
            -43.1817944,
            -22.9500949
          ],
          [
            -43.1818201,
            -22.950094
          ],
          [
            -43.1818488,
            -22.9500824
          ]
        ]
      },
      "id": "way/232350143"
    },
    {
      "type": "Feature",
      "properties": {
        "@id": "way/232354856",
        "highway": "primary_link",
        "lanes": "1",
        "oneway": "yes",
        "parking_lane": "no",
        "surface": "asphalt"
      },
      "geometry": {
        "type": "LineString",
        "coordinates": [
          [
            -43.1797057,
            -22.9420097
          ],
          [
            -43.1794474,
            -22.9419863
          ],
          [
            -43.1793237,
            -22.9419796
          ]
        ]
      },
      "id": "way/232354856"
    },
    {
      "type": "Feature",
      "properties": {
        "@id": "way/232356134",
        "IPP:CodLogradouro": "128637",
        "cycleway:right": "shoulder",
        "highway": "tertiary",
        "lanes": "2",
        "lit": "yes",
        "name": "Rua Professor Álvaro Rodrigues",
        "oneway": "yes",
        "oneway:bicycle": "no",
        "parking_lane": "no",
        "postal_code": "22280-040",
        "surface": "asphalt"
      },
      "geometry": {
        "type": "LineString",
        "coordinates": [
          [
            -43.1815767,
            -22.950759
          ],
          [
            -43.1816663,
            -22.9508426
          ],
          [
            -43.1818671,
            -22.9510311
          ],
          [
            -43.1819862,
            -22.9511207
          ],
          [
            -43.1822318,
            -22.951302
          ],
          [
            -43.1823591,
            -22.9513865
          ],
          [
            -43.1825775,
            -22.9515271
          ],
          [
            -43.1828098,
            -22.9516476
          ],
          [
            -43.1830996,
            -22.9517868
          ],
          [
            -43.1837755,
            -22.9520725
          ]
        ]
      },
      "id": "way/232356134"
    },
    {
      "type": "Feature",
      "properties": {
        "@id": "way/232356135",
        "IPP:CodLogradouro": "093278",
        "cycleway:right": "no",
        "description": "Praia de Botafogo (pista central)",
        "highway": "primary",
        "lanes": "2",
        "name": "Praia de Botafogo",
        "old_name": "Praia João de Sousa do PAA 4.047;Praia Francisco Velho",
        "oneway": "yes",
        "parking_lane": "no",
        "postal_code": "22250-150",
        "surface": "asphalt"
      },
      "geometry": {
        "type": "LineString",
        "coordinates": [
          [
            -43.1821133,
            -22.9485283
          ],
          [
            -43.182172,
            -22.9483376
          ],
          [
            -43.1822329,
            -22.9480863
          ],
          [
            -43.1822928,
            -22.9477667
          ],
          [
            -43.1822944,
            -22.9477247
          ],
          [
            -43.1822896,
            -22.94755
          ]
        ]
      },
      "id": "way/232356135"
    },
    {
      "type": "Feature",
      "properties": {
        "@id": "way/232356684",
        "description": "agulha de acesso à Praia de Botafogo (pista central) em frente à Rua Marquês de Abrantes",
        "highway": "primary_link",
        "lanes": "1",
        "oneway": "yes",
        "surface": "asphalt"
      },
      "geometry": {
        "type": "LineString",
        "coordinates": [
          [
            -43.1788781,
            -22.9418684
          ],
          [
            -43.1786608,
            -22.9418147
          ],
          [
            -43.178567,
            -22.9417978
          ],
          [
            -43.1784653,
            -22.9417873
          ],
          [
            -43.1783592,
            -22.941788
          ],
          [
            -43.1781432,
            -22.941802
          ],
          [
            -43.1779938,
            -22.9418041
          ]
        ]
      },
      "id": "way/232356684"
    },
    {
      "type": "Feature",
      "properties": {
        "@id": "way/234509633",
        "bicycle": "designated",
        "highway": "secondary",
        "lanes": "2",
        "lit": "yes",
        "name": "Rua Siqueira Campos",
        "old_name": "Rua Barroso",
        "oneway": "yes",
        "source": "survey",
        "surface": "asphalt"
      },
      "geometry": {
        "type": "LineString",
        "coordinates": [
          [
            -43.187992,
            -22.9659691
          ],
          [
            -43.1874314,
            -22.9662929
          ],
          [
            -43.1870111,
            -22.966508
          ],
          [
            -43.1869698,
            -22.9665303
          ],
          [
            -43.1867352,
            -22.9666477
          ],
          [
            -43.1866277,
            -22.9667046
          ],
          [
            -43.1865298,
            -22.9667614
          ]
        ]
      },
      "id": "way/234509633"
    },
    {
      "type": "Feature",
      "properties": {
        "@id": "way/237330083",
        "IPP:CodLogradouro": "093278",
        "highway": "secondary",
        "lanes": "3",
        "maxspeed": "60",
        "name": "Praia de Botafogo",
        "oneway": "yes",
        "postal_code": "22250-150",
        "surface": "asphalt"
      },
      "geometry": {
        "type": "LineString",
        "coordinates": [
          [
            -43.181669,
            -22.9504703
          ],
          [
            -43.1816378,
            -22.9504571
          ],
          [
            -43.1816088,
            -22.9504427
          ],
          [
            -43.1815841,
            -22.9504266
          ],
          [
            -43.1815615,
            -22.9504093
          ],
          [
            -43.181535,
            -22.950384
          ],
          [
            -43.1815106,
            -22.9503583
          ],
          [
            -43.1814831,
            -22.9503251
          ],
          [
            -43.1814614,
            -22.950292
          ],
          [
            -43.1814476,
            -22.9502664
          ],
          [
            -43.1814348,
            -22.9502388
          ],
          [
            -43.1814246,
            -22.950213
          ],
          [
            -43.1814148,
            -22.950184
          ],
          [
            -43.1814056,
            -22.9501466
          ],
          [
            -43.181399,
            -22.9501133
          ],
          [
            -43.1813922,
            -22.9500669
          ],
          [
            -43.181389,
            -22.9500196
          ],
          [
            -43.1813903,
            -22.9499828
          ],
          [
            -43.1813956,
            -22.9499398
          ],
          [
            -43.1814046,
            -22.9498973
          ],
          [
            -43.1814189,
            -22.9498524
          ],
          [
            -43.1814754,
            -22.9497024
          ],
          [
            -43.1816396,
            -22.9493596
          ],
          [
            -43.1816801,
            -22.9492451
          ]
        ]
      },
      "id": "way/237330083"
    },
    {
      "type": "Feature",
      "properties": {
        "@id": "way/240449845",
        "highway": "primary_link",
        "lanes": "1",
        "oneway": "yes",
        "source": "survey",
        "surface": "asphalt"
      },
      "geometry": {
        "type": "LineString",
        "coordinates": [
          [
            -43.1817733,
            -22.9443579
          ],
          [
            -43.18175,
            -22.9441933
          ],
          [
            -43.1817117,
            -22.9440451
          ],
          [
            -43.1816501,
            -22.9439489
          ],
          [
            -43.181576,
            -22.9438236
          ],
          [
            -43.1815548,
            -22.9437814
          ],
          [
            -43.1815542,
            -22.9437378
          ],
          [
            -43.1815663,
            -22.9437051
          ],
          [
            -43.1815931,
            -22.943676
          ],
          [
            -43.1816233,
            -22.9436594
          ],
          [
            -43.1816691,
            -22.9436508
          ],
          [
            -43.1817083,
            -22.9436522
          ],
          [
            -43.1817478,
            -22.9436689
          ],
          [
            -43.1817792,
            -22.9436943
          ],
          [
            -43.1818523,
            -22.9437748
          ]
        ]
      },
      "id": "way/240449845"
    },
    {
      "type": "Feature",
      "properties": {
        "@id": "way/258787315",
        "highway": "secondary_link",
        "lanes": "1",
        "oneway": "yes",
        "surface": "asphalt"
      },
      "geometry": {
        "type": "LineString",
        "coordinates": [
          [
            -43.2026722,
            -22.9600267
          ],
          [
            -43.2026905,
            -22.9600497
          ],
          [
            -43.202706,
            -22.9600671
          ],
          [
            -43.2027275,
            -22.9600862
          ],
          [
            -43.2027545,
            -22.9601029
          ],
          [
            -43.2027835,
            -22.9601151
          ],
          [
            -43.2028213,
            -22.9601291
          ],
          [
            -43.2028581,
            -22.9601485
          ],
          [
            -43.2028866,
            -22.9601711
          ],
          [
            -43.2029132,
            -22.9602083
          ],
          [
            -43.2029859,
            -22.9603024
          ]
        ]
      },
      "id": "way/258787315"
    },
    {
      "type": "Feature",
      "properties": {
        "@id": "way/302825749",
        "IPP:CodLogradouro": "093278",
        "alt_name": "Avenida Infante Dom Henrique",
        "foot": "yes",
        "highway": "trunk",
        "lanes": "4",
        "maxspeed": "70",
        "name": "Avenida das Nações Unidas",
        "oneway": "yes",
        "parking:lane:both": "no_stopping",
        "postal_code": "20021-140",
        "surface": "asphalt"
      },
      "geometry": {
        "type": "LineString",
        "coordinates": [
          [
            -43.1795331,
            -22.9425615
          ],
          [
            -43.1797698,
            -22.9427039
          ],
          [
            -43.1800867,
            -22.9429388
          ],
          [
            -43.1803634,
            -22.9431625
          ],
          [
            -43.1805759,
            -22.9433709
          ],
          [
            -43.180739,
            -22.9435493
          ],
          [
            -43.1808723,
            -22.943724
          ],
          [
            -43.1810204,
            -22.9439168
          ],
          [
            -43.1812535,
            -22.944264
          ],
          [
            -43.1814211,
            -22.9445745
          ],
          [
            -43.1815071,
            -22.9447509
          ],
          [
            -43.1815955,
            -22.9449816
          ],
          [
            -43.181676,
            -22.9452305
          ],
          [
            -43.1817393,
            -22.945462
          ],
          [
            -43.1818006,
            -22.9457761
          ],
          [
            -43.1818263,
            -22.9460184
          ],
          [
            -43.1818423,
            -22.9462562
          ],
          [
            -43.1818427,
            -22.9464825
          ],
          [
            -43.1818293,
            -22.9467551
          ],
          [
            -43.1818031,
            -22.9469871
          ],
          [
            -43.1817672,
            -22.9472285
          ],
          [
            -43.1817038,
            -22.9474954
          ],
          [
            -43.1816322,
            -22.9477243
          ]
        ]
      },
      "id": "way/302825749"
    },
    {
      "type": "Feature",
      "properties": {
        "@id": "way/302825754",
        "IPP:CodLogradouro": "093278",
        "alt_name": "Avenida Infante Dom Henrique",
        "date_off": "sunday",
        "date_on": "sunday",
        "highway": "trunk",
        "hour_off": "07:00",
        "hour_on": "18:00",
        "lanes": "4",
        "lit": "yes",
        "maxspeed": "70",
        "name": "Avenida das Nações Unidas",
        "official_name": "Avenida Infante Dom Henrique",
        "oneway": "yes",
        "opening_hours": "18:00-07:00",
        "overtaking": "no",
        "parking:lane:both": "no_stopping",
        "postal_code": "20021-140",
        "surface": "asphalt"
      },
      "geometry": {
        "type": "LineString",
        "coordinates": [
          [
            -43.1778156,
            -22.942359
          ],
          [
            -43.1780361,
            -22.9423158
          ],
          [
            -43.178242,
            -22.9422937
          ],
          [
            -43.1783782,
            -22.9422872
          ],
          [
            -43.1785893,
            -22.9422939
          ],
          [
            -43.1788276,
            -22.9423223
          ],
          [
            -43.1791761,
            -22.9423856
          ]
        ]
      },
      "id": "way/302825754"
    },
    {
      "type": "Feature",
      "properties": {
        "@id": "way/329047309",
        "highway": "secondary",
        "lanes": "4",
        "lit": "yes",
        "maxspeed": "60",
        "name": "Rua Jardim Botânico",
        "oneway": "no",
        "parking:lanes:both": "no_parking",
        "source": "Bing; survey",
        "surface": "asphalt"
      },
      "geometry": {
        "type": "LineString",
        "coordinates": [
          [
            -43.2050389,
            -22.9604012
          ],
          [
            -43.2056672,
            -22.9604599
          ],
          [
            -43.2060429,
            -22.9605003
          ]
        ]
      },
      "id": "way/329047309"
    },
    {
      "type": "Feature",
      "properties": {
        "@id": "way/329047310",
        "highway": "secondary",
        "lanes": "3",
        "lit": "yes",
        "name": "Rua Humaitá",
        "oneway": "yes",
        "source": "survey",
        "surface": "asphalt"
      },
      "geometry": {
        "type": "LineString",
        "coordinates": [
          [
            -43.1991915,
            -22.9577291
          ],
          [
            -43.1990929,
            -22.9576314
          ],
          [
            -43.1989809,
            -22.9575087
          ],
          [
            -43.1985195,
            -22.9568401
          ]
        ]
      },
      "id": "way/329047310"
    },
    {
      "type": "Feature",
      "properties": {
        "@id": "way/329047311",
        "highway": "tertiary",
        "lanes": "2",
        "name": "Rua Macedo Sobrinho",
        "oneway": "yes",
        "surface": "asphalt"
      },
      "geometry": {
        "type": "LineString",
        "coordinates": [
          [
            -43.1991915,
            -22.9577291
          ],
          [
            -43.1993173,
            -22.9577021
          ]
        ]
      },
      "id": "way/329047311"
    },
    {
      "type": "Feature",
      "properties": {
        "@id": "way/329058901",
        "foot": "yes",
        "highway": "trunk",
        "lanes": "2",
        "lit": "yes",
        "name": "Avenida Epitácio Pessoa",
        "oneway": "yes",
        "parking:lane:both": "no_stopping",
        "source": "Yahoo; survey",
        "surface": "asphalt"
      },
      "geometry": {
        "type": "LineString",
        "coordinates": [
          [
            -43.2039651,
            -22.9626135
          ],
          [
            -43.2039787,
            -22.9624177
          ]
        ]
      },
      "id": "way/329058901"
    },
    {
      "type": "Feature",
      "properties": {
        "@id": "way/329058902",
        "highway": "tertiary",
        "lanes": "2",
        "lit": "yes",
        "name": "Rua Frei Veloso",
        "oneway": "yes",
        "surface": "asphalt"
      },
      "geometry": {
        "type": "LineString",
        "coordinates": [
          [
            -43.2038507,
            -22.96254
          ],
          [
            -43.2038695,
            -22.9619164
          ],
          [
            -43.2038856,
            -22.9611285
          ],
          [
            -43.2038842,
            -22.9609915
          ],
          [
            -43.2038963,
            -22.9609334
          ],
          [
            -43.2039314,
            -22.9608949
          ],
          [
            -43.2040003,
            -22.9608438
          ],
          [
            -43.2041145,
            -22.960774
          ]
        ]
      },
      "id": "way/329058902"
    },
    {
      "type": "Feature",
      "properties": {
        "@id": "way/329058904",
        "highway": "tertiary",
        "lanes": "3",
        "lit": "yes",
        "name": "Rua Humaitá",
        "oneway": "yes",
        "source": "survey",
        "surface": "asphalt"
      },
      "geometry": {
        "type": "LineString",
        "coordinates": [
          [
            -43.2041145,
            -22.960774
          ],
          [
            -43.2040018,
            -22.960668
          ]
        ]
      },
      "id": "way/329058904"
    },
    {
      "type": "Feature",
      "properties": {
        "@id": "way/329058905",
        "highway": "tertiary",
        "lanes": "1",
        "lit": "yes",
        "maxheight": "3.8",
        "name": "Rua Francisco Veloso",
        "oneway": "yes"
      },
      "geometry": {
        "type": "LineString",
        "coordinates": [
          [
            -43.2041145,
            -22.960774
          ],
          [
            -43.2041958,
            -22.9607368
          ]
        ]
      },
      "id": "way/329058905"
    },
    {
      "type": "Feature",
      "properties": {
        "@id": "way/329058979",
        "highway": "secondary",
        "lanes": "3",
        "lit": "yes",
        "name": "Rua Humaitá",
        "oneway": "yes",
        "source": "survey",
        "surface": "asphalt"
      },
      "geometry": {
        "type": "LineString",
        "coordinates": [
          [
            -43.1985195,
            -22.9568401
          ],
          [
            -43.1983622,
            -22.9565513
          ],
          [
            -43.1983164,
            -22.9564734
          ]
        ]
      },
      "id": "way/329058979"
    },
    {
      "type": "Feature",
      "properties": {
        "@id": "way/329059591",
        "highway": "tertiary_link",
        "lanes": "1",
        "oneway": "yes",
        "surface": "asphalt"
      },
      "geometry": {
        "type": "LineString",
        "coordinates": [
          [
            -43.191445,
            -22.9579812
          ],
          [
            -43.1913947,
            -22.9580001
          ],
          [
            -43.191346,
            -22.9580051
          ],
          [
            -43.1911907,
            -22.9579772
          ],
          [
            -43.1910566,
            -22.9579407
          ],
          [
            -43.1908919,
            -22.957953
          ]
        ]
      },
      "id": "way/329059591"
    },
    {
      "type": "Feature",
      "properties": {
        "@id": "way/329059592",
        "highway": "tertiary",
        "lanes": "2",
        "name": "Rua Real Grandeza",
        "old_name": "Rua Sergipe;Rua Demétrio Ribeiro",
        "oneway": "yes",
        "surface": "asphalt"
      },
      "geometry": {
        "type": "LineString",
        "coordinates": [
          [
            -43.1914235,
            -22.9582854
          ],
          [
            -43.1913571,
            -22.9584675
          ],
          [
            -43.1912128,
            -22.9588403
          ],
          [
            -43.1911264,
            -22.9590436
          ],
          [
            -43.1907126,
            -22.9601481
          ],
          [
            -43.1906712,
            -22.9602662
          ],
          [
            -43.190654,
            -22.9603621
          ],
          [
            -43.1906609,
            -22.960471
          ],
          [
            -43.1906864,
            -22.9605593
          ]
        ]
      },
      "id": "way/329059592"
    },
    {
      "type": "Feature",
      "properties": {
        "@id": "way/329061384",
        "IPP:CodLogradouro": "093278",
        "alt_name": "Avenida Infante Dom Henrique",
        "foot": "yes",
        "highway": "trunk",
        "lanes": "4",
        "lanes:backward:conditional": "2 @ (Mo-Fr 7:00-10:00)",
        "name": "Avenida das Nações Unidas",
        "oneway": "yes",
        "oneway:conditional": "no @ (Mo-Fr 07:00-10:00)",
        "parking_lane": "no",
        "postal_code": "20021-140",
        "surface": "asphalt"
      },
      "geometry": {
        "type": "LineString",
        "coordinates": [
          [
            -43.1801282,
            -22.950402
          ],
          [
            -43.1799795,
            -22.9506897
          ],
          [
            -43.1798668,
            -22.9509688
          ],
          [
            -43.179747,
            -22.9512288
          ],
          [
            -43.1797052,
            -22.9513295
          ]
        ]
      },
      "id": "way/329061384"
    },
    {
      "type": "Feature",
      "properties": {
        "@id": "way/329119146",
        "highway": "secondary",
        "lanes": "4",
        "lit": "yes",
        "maxspeed": "60",
        "name": "Rua Jardim Botânico",
        "oneway": "no",
        "parking:lanes:both": "no_parking",
        "source": "Bing; survey",
        "surface": "asphalt"
      },
      "geometry": {
        "type": "LineString",
        "coordinates": [
          [
            -43.204945,
            -22.960395
          ],
          [
            -43.2050389,
            -22.9604012
          ]
        ]
      },
      "id": "way/329119146"
    },
    {
      "type": "Feature",
      "properties": {
        "@id": "way/329121780",
        "highway": "secondary_link",
        "lanes": "1",
        "oneway": "yes",
        "surface": "asphalt"
      },
      "geometry": {
        "type": "LineString",
        "coordinates": [
          [
            -43.2029859,
            -22.9603024
          ],
          [
            -43.2030323,
            -22.9603698
          ],
          [
            -43.203063,
            -22.960421
          ],
          [
            -43.2030729,
            -22.9604473
          ],
          [
            -43.2030788,
            -22.9604735
          ],
          [
            -43.2030968,
            -22.9605943
          ]
        ]
      },
      "id": "way/329121780"
    },
    {
      "type": "Feature",
      "properties": {
        "@id": "way/329121784",
        "highway": "secondary",
        "lanes": "4",
        "lit": "yes",
        "name": "Rua Humaitá",
        "oneway": "yes",
        "source": "survey",
        "surface": "asphalt"
      },
      "geometry": {
        "type": "LineString",
        "coordinates": [
          [
            -43.2029859,
            -22.9603024
          ],
          [
            -43.202743,
            -22.9602273
          ],
          [
            -43.2025446,
            -22.9601662
          ],
          [
            -43.2021217,
            -22.9599501
          ]
        ]
      },
      "id": "way/329121784"
    },
    {
      "type": "Feature",
      "properties": {
        "@id": "way/331159750",
        "highway": "trunk",
        "lanes": "4",
        "lanes:backward:conditional": "2 @ (Mo-Fr 7:00-10:00)",
        "lit": "yes",
        "maxspeed:type": "BR:trunk",
        "name": "Avenida Princesa Isabel",
        "oneway": "yes",
        "oneway:conditional": "no @ (Mo-Fr 07:00-10:00)",
        "parking:lane:left": "no_stopping",
        "parking:lane:right": "no_parking",
        "postal_code": "22011-010",
        "surface": "asphalt"
      },
      "geometry": {
        "type": "LineString",
        "coordinates": [
          [
            -43.1742012,
            -22.9640217
          ],
          [
            -43.1741263,
            -22.9641741
          ],
          [
            -43.1737629,
            -22.9648431
          ],
          [
            -43.173737,
            -22.964892
          ],
          [
            -43.1736827,
            -22.9649947
          ],
          [
            -43.1736837,
            -22.965038
          ],
          [
            -43.1737025,
            -22.9650806
          ],
          [
            -43.1737293,
            -22.9651449
          ]
        ]
      },
      "id": "way/331159750"
    },
    {
      "type": "Feature",
      "properties": {
        "@id": "way/331159751",
        "highway": "secondary",
        "lanes": "4",
        "lanes:psv:forward:conditional": "2 @ (Mo-Fr 06:00-21:00; Sa 06:00-14:00)",
        "maxspeed": "60",
        "name": "Avenida Nossa Senhora de Copacabana",
        "oneway": "yes",
        "surface": "paved"
      },
      "geometry": {
        "type": "LineString",
        "coordinates": [
          [
            -43.1742012,
            -22.9640217
          ],
          [
            -43.174076,
            -22.9639681
          ],
          [
            -43.1738886,
            -22.9638829
          ]
        ]
      },
      "id": "way/331159751"
    },
    {
      "type": "Feature",
      "properties": {
        "@id": "way/331159752",
        "description": "Avenida Atlântica (pista junto aos prédios)",
        "highway": "tertiary",
        "lanes": "2",
        "name": "Avenida Atlântica",
        "oneway": "yes",
        "surface": "asphalt"
      },
      "geometry": {
        "type": "LineString",
        "coordinates": [
          [
            -43.1733564,
            -22.964959
          ],
          [
            -43.1737293,
            -22.9651449
          ]
        ]
      },
      "id": "way/331159752"
    },
    {
      "type": "Feature",
      "properties": {
        "@id": "way/331159753",
        "highway": "trunk",
        "lanes": "3",
        "lit": "yes",
        "name": "Avenida Princesa Isabel",
        "oneway": "yes",
        "surface": "asphalt"
      },
      "geometry": {
        "type": "LineString",
        "coordinates": [
          [
            -43.1733564,
            -22.964959
          ],
          [
            -43.1733621,
            -22.9649096
          ],
          [
            -43.1733933,
            -22.9648178
          ]
        ]
      },
      "id": "way/331159753"
    },
    {
      "type": "Feature",
      "properties": {
        "@id": "way/333708680",
        "highway": "tertiary",
        "lanes": "2",
        "name": "Rua Lauro Müller",
        "old_name": "Rua Itapemirim",
        "oneway": "yes",
        "parking_lane": "no",
        "source": "survey",
        "surface": "asphalt"
      },
      "geometry": {
        "type": "LineString",
        "coordinates": [
          [
            -43.1762696,
            -22.9566613
          ],
          [
            -43.1763779,
            -22.956592
          ]
        ]
      },
      "id": "way/333708680"
    },
    {
      "type": "Feature",
      "properties": {
        "@id": "way/333708681",
        "highway": "tertiary_link",
        "lanes": "2",
        "layer": "-1",
        "surface": "paved",
        "tunnel": "building_passage"
      },
      "geometry": {
        "type": "LineString",
        "coordinates": [
          [
            -43.1760715,
            -22.9579027
          ],
          [
            -43.1759341,
            -22.9578186
          ],
          [
            -43.1759004,
            -22.9577859
          ],
          [
            -43.1755494,
            -22.9572943
          ],
          [
            -43.1755126,
            -22.9572354
          ],
          [
            -43.1755018,
            -22.9571799
          ],
          [
            -43.1755219,
            -22.9571244
          ]
        ]
      },
      "id": "way/333708681"
    },
    {
      "type": "Feature",
      "properties": {
        "@id": "way/333708684",
        "highway": "tertiary",
        "lanes": "1",
        "name": "Rua Lauro Müller",
        "oneway": "no",
        "parking_lane": "no",
        "source": "survey",
        "surface": "asphalt"
      },
      "geometry": {
        "type": "LineString",
        "coordinates": [
          [
            -43.1763064,
            -22.9567145
          ],
          [
            -43.1762696,
            -22.9566613
          ]
        ]
      },
      "id": "way/333708684"
    },
    {
      "type": "Feature",
      "properties": {
        "@id": "way/341671964",
        "description": "Avenida Atlântica (pista junto aos prédios)",
        "highway": "trunk",
        "lanes": "3",
        "lanes:backward:conditional": "3 @ (Mo-Fr 7:00-10:00)",
        "lit": "yes",
        "maxspeed": "70",
        "maxspeed:type": "sign",
        "name": "Avenida Atlântica",
        "oneway": "yes",
        "oneway:conditional": "-1 @ (Mo-Fr 07:00-10:00)",
        "sidewalk:left": "yes",
        "sidewalk:right": "separate",
        "surface": "asphalt",
        "wikidata": "Q3375901",
        "wikipedia": "pt:Avenida Atlântica"
      },
      "geometry": {
        "type": "LineString",
        "coordinates": [
          [
            -43.1782093,
            -22.9673275
          ],
          [
            -43.1783484,
            -22.9673869
          ],
          [
            -43.1783998,
            -22.967413
          ],
          [
            -43.1784989,
            -22.9674707
          ],
          [
            -43.1786756,
            -22.9675753
          ],
          [
            -43.1797612,
            -22.9682093
          ],
          [
            -43.1805497,
            -22.9687018
          ],
          [
            -43.1805876,
            -22.9687235
          ],
          [
            -43.1807318,
            -22.9688084
          ],
          [
            -43.180877,
            -22.9689004
          ],
          [
            -43.1817293,
            -22.9694461
          ],
          [
            -43.1817702,
            -22.9695092
          ],
          [
            -43.1824049,
            -22.9699475
          ],
          [
            -43.1826188,
            -22.9700955
          ],
          [
            -43.1832558,
            -22.9705493
          ],
          [
            -43.1833839,
            -22.97066
          ]
        ]
      },
      "id": "way/341671964"
    },
    {
      "type": "Feature",
      "properties": {
        "@id": "way/341671973",
        "highway": "secondary",
        "lanes": "3",
        "name": "Rua Figueiredo de Magalhães",
        "oneway": "yes",
        "surface": "asphalt"
      },
      "geometry": {
        "type": "LineString",
        "coordinates": [
          [
            -43.1846901,
            -22.9718123
          ],
          [
            -43.18473,
            -22.9717629
          ],
          [
            -43.1848917,
            -22.9715586
          ],
          [
            -43.1849101,
            -22.9715362
          ],
          [
            -43.1853153,
            -22.9710477
          ],
          [
            -43.1854969,
            -22.9708294
          ]
        ]
      },
      "id": "way/341671973"
    },
    {
      "type": "Feature",
      "properties": {
        "@id": "way/341676702",
        "destination": "Para Humaitá e Leblon",
        "highway": "trunk",
        "lanes": "3",
        "lit": "yes",
        "name": "Avenida Borges de Medeiros",
        "oneway": "yes",
        "parking:lane:left": "no_stopping",
        "parking:lane:right": "no_parking",
        "surface": "asphalt"
      },
      "geometry": {
        "type": "LineString",
        "coordinates": [
          [
            -43.2041154,
            -22.9614927
          ],
          [
            -43.2041638,
            -22.9616286
          ],
          [
            -43.2042068,
            -22.9617406
          ],
          [
            -43.2042714,
            -22.9618744
          ],
          [
            -43.2043435,
            -22.9620052
          ],
          [
            -43.2044305,
            -22.9621506
          ]
        ]
      },
      "id": "way/341676702"
    },
    {
      "type": "Feature",
      "properties": {
        "@id": "way/354932474",
        "foot": "yes",
        "highway": "primary",
        "lanes": "2",
        "lit": "yes",
        "name": "Rua Pinheiro Machado",
        "old_name": "Rua Guanabara",
        "oneway": "yes",
        "parking:lane:left": "no_stopping",
        "parking:lane:right": "no_parking",
        "postal_code": "22231-090",
        "source": "Yahoo; survey",
        "surface": "asphalt"
      },
      "geometry": {
        "type": "LineString",
        "coordinates": [
          [
            -43.1835723,
            -22.9376976
          ],
          [
            -43.1835413,
            -22.937787
          ],
          [
            -43.1835261,
            -22.9378348
          ],
          [
            -43.1834954,
            -22.9379124
          ],
          [
            -43.1834712,
            -22.9379864
          ],
          [
            -43.1833636,
            -22.9384363
          ],
          [
            -43.1832066,
            -22.9390584
          ]
        ]
      },
      "id": "way/354932474"
    },
    {
      "type": "Feature",
      "properties": {
        "@id": "way/356385131",
        "foot": "yes",
        "highway": "primary",
        "lanes": "2",
        "lit": "yes",
        "name": "Rua Pinheiro Machado",
        "old_name": "Rua Guanabara",
        "oneway": "yes",
        "parking:lane:left": "no_stopping",
        "parking:lane:right": "no_parking",
        "surface": "asphalt"
      },
      "geometry": {
        "type": "LineString",
        "coordinates": [
          [
            -43.1836654,
            -22.9369101
          ],
          [
            -43.183923,
            -22.9358845
          ],
          [
            -43.1840028,
            -22.9355616
          ],
          [
            -43.1841633,
            -22.935103
          ]
        ]
      },
      "id": "way/356385131"
    },
    {
      "type": "Feature",
      "properties": {
        "@id": "way/369372950",
        "highway": "secondary_link",
        "lanes": "1",
        "oneway": "yes",
        "surface": "asphalt"
      },
      "geometry": {
        "type": "LineString",
        "coordinates": [
          [
            -43.1989575,
            -22.9578343
          ],
          [
            -43.1989704,
            -22.957751
          ],
          [
            -43.1989778,
            -22.9576887
          ],
          [
            -43.1989775,
            -22.9576243
          ],
          [
            -43.1989809,
            -22.9575087
          ]
        ]
      },
      "id": "way/369372950"
    },
    {
      "type": "Feature",
      "properties": {
        "@id": "way/370562367",
        "cycleway:right": "no",
        "highway": "primary",
        "lanes": "2",
        "name": "Praia de Botafogo",
        "old_name": "Praia João de Sousa do PAA 4.047;Praia Francisco Velho",
        "oneway": "yes",
        "parking_lane": "left",
        "source": "Yahoo;survey",
        "surface": "asphalt"
      },
      "geometry": {
        "type": "LineString",
        "coordinates": [
          [
            -43.1823474,
            -22.9482976
          ],
          [
            -43.1822991,
            -22.9483954
          ],
          [
            -43.1822267,
            -22.9485484
          ],
          [
            -43.1818529,
            -22.949504
          ]
        ]
      },
      "id": "way/370562367"
    },
    {
      "type": "Feature",
      "properties": {
        "@id": "way/370604462",
        "highway": "tertiary",
        "lanes": "2",
        "maxspeed": "70",
        "name": "Rua Fonte da Saudade",
        "oneway": "yes",
        "surface": "asphalt"
      },
      "geometry": {
        "type": "LineString",
        "coordinates": [
          [
            -43.2027956,
            -22.9614737
          ],
          [
            -43.2026794,
            -22.9613325
          ],
          [
            -43.2026599,
            -22.9613043
          ],
          [
            -43.2026456,
            -22.9612809
          ],
          [
            -43.2026261,
            -22.9612391
          ],
          [
            -43.2026156,
            -22.9612038
          ],
          [
            -43.2026105,
            -22.9611701
          ],
          [
            -43.2026064,
            -22.9611254
          ],
          [
            -43.2026054,
            -22.9610955
          ],
          [
            -43.2026059,
            -22.9610704
          ],
          [
            -43.202608,
            -22.9610446
          ],
          [
            -43.2026114,
            -22.9610238
          ],
          [
            -43.2026206,
            -22.9609874
          ],
          [
            -43.2026297,
            -22.9609649
          ],
          [
            -43.2026401,
            -22.9609437
          ],
          [
            -43.2026524,
            -22.9609219
          ],
          [
            -43.2026707,
            -22.9608893
          ],
          [
            -43.2027133,
            -22.9608211
          ],
          [
            -43.2027505,
            -22.9607043
          ],
          [
            -43.2027714,
            -22.9606588
          ],
          [
            -43.2027909,
            -22.9605967
          ],
          [
            -43.202793,
            -22.9605594
          ],
          [
            -43.2027886,
            -22.96052
          ],
          [
            -43.2027791,
            -22.9604871
          ],
          [
            -43.2027613,
            -22.9604566
          ],
          [
            -43.2027457,
            -22.9604353
          ],
          [
            -43.2027262,
            -22.9604149
          ],
          [
            -43.2026852,
            -22.96038
          ],
          [
            -43.2026306,
            -22.9603424
          ],
          [
            -43.2025507,
            -22.9602812
          ],
          [
            -43.2024241,
            -22.960179
          ],
          [
            -43.2023342,
            -22.9601109
          ]
        ]
      },
      "id": "way/370604462"
    },
    {
      "type": "Feature",
      "properties": {
        "@id": "way/371389505",
        "cycleway:right": "no",
        "highway": "secondary",
        "lanes": "3",
        "maxspeed": "60",
        "name": "Rua Voluntários da Pátria",
        "name:etymology:wikidata": "Q10392480",
        "old_name": "Rua Nova de São Joaquim",
        "oneway": "yes",
        "source": "Yahoo;survey",
        "surface": "asphalt"
      },
      "geometry": {
        "type": "LineString",
        "coordinates": [
          [
            -43.1909365,
            -22.953741
          ],
          [
            -43.1906725,
            -22.9536475
          ],
          [
            -43.1899458,
            -22.9533932
          ],
          [
            -43.1898082,
            -22.9533446
          ],
          [
            -43.188752,
            -22.9529764
          ],
          [
            -43.188611,
            -22.9529309
          ],
          [
            -43.1877325,
            -22.9526218
          ],
          [
            -43.1874769,
            -22.9525391
          ],
          [
            -43.1871743,
            -22.9524236
          ],
          [
            -43.1870573,
            -22.9523821
          ],
          [
            -43.1866928,
            -22.9522544
          ],
          [
            -43.1865985,
            -22.9522198
          ],
          [
            -43.1845408,
            -22.9514632
          ],
          [
            -43.1844668,
            -22.9514364
          ]
        ]
      },
      "id": "way/371389505"
    },
    {
      "type": "Feature",
      "properties": {
        "@id": "way/371389506",
        "cycleway:right": "no",
        "highway": "secondary",
        "lanes": "3",
        "maxspeed": "60",
        "name": "Rua Voluntários da Pátria",
        "name:etymology:wikidata": "Q10392480",
        "old_name": "Rua Nova de São Joaquim",
        "oneway": "yes",
        "source": "Yahoo;survey",
        "surface": "asphalt"
      },
      "geometry": {
        "type": "LineString",
        "coordinates": [
          [
            -43.1965854,
            -22.9557562
          ],
          [
            -43.196218,
            -22.9556263
          ],
          [
            -43.1953968,
            -22.9553212
          ],
          [
            -43.1953436,
            -22.9552986
          ],
          [
            -43.1952647,
            -22.9552661
          ]
        ]
      },
      "id": "way/371389506"
    },
    {
      "type": "Feature",
      "properties": {
        "@id": "way/371405366",
        "highway": "tertiary",
        "lanes": "3",
        "lit": "yes",
        "name": "Rua Humaitá",
        "oneway": "yes",
        "source": "survey",
        "surface": "asphalt"
      },
      "geometry": {
        "type": "LineString",
        "coordinates": [
          [
            -43.2040018,
            -22.960668
          ],
          [
            -43.2038053,
            -22.9605314
          ],
          [
            -43.2037048,
            -22.9604981
          ],
          [
            -43.2036705,
            -22.9604873
          ],
          [
            -43.2034307,
            -22.9604275
          ]
        ]
      },
      "id": "way/371405366"
    },
    {
      "type": "Feature",
      "properties": {
        "@id": "way/371405370",
        "cycleway:right": "no",
        "highway": "secondary",
        "lanes": "4",
        "name": "Rua Humaitá",
        "oneway": "yes",
        "surface": "asphalt"
      },
      "geometry": {
        "type": "LineString",
        "coordinates": [
          [
            -43.2032131,
            -22.9603409
          ],
          [
            -43.2031159,
            -22.9603235
          ]
        ]
      },
      "id": "way/371405370"
    },
    {
      "type": "Feature",
      "properties": {
        "@id": "way/371405372",
        "highway": "secondary",
        "lanes": "4",
        "lit": "yes",
        "name": "Rua Humaitá",
        "oneway": "yes",
        "source": "survey",
        "surface": "asphalt"
      },
      "geometry": {
        "type": "LineString",
        "coordinates": [
          [
            -43.2010185,
            -22.959462
          ],
          [
            -43.2007044,
            -22.9593177
          ],
          [
            -43.2003037,
            -22.9591337
          ],
          [
            -43.2002009,
            -22.9590749
          ],
          [
            -43.2001362,
            -22.9590285
          ],
          [
            -43.2000617,
            -22.958967
          ]
        ]
      },
      "id": "way/371405372"
    },
    {
      "type": "Feature",
      "properties": {
        "@id": "way/372935977",
        "bridge": "yes",
        "cycleway:right": "no",
        "highway": "tertiary",
        "lanes": "1",
        "layer": "1",
        "lit": "yes",
        "maxspeed": "40",
        "maxspeed:type": "sign",
        "name": "Avenida Portugal",
        "oneway": "yes",
        "parking:lane:right": "no_stopping",
        "surface": "asphalt"
      },
      "geometry": {
        "type": "LineString",
        "coordinates": [
          [
            -43.1696186,
            -22.9520917
          ],
          [
            -43.1698236,
            -22.9522592
          ]
        ]
      },
      "id": "way/372935977"
    },
    {
      "type": "Feature",
      "properties": {
        "@id": "way/372935978",
        "cycleway:right": "no",
        "highway": "tertiary",
        "lanes": "1",
        "lit": "yes",
        "maxspeed": "40",
        "maxspeed:type": "sign",
        "name": "Avenida Portugal",
        "oneway": "yes",
        "parking:lane:right": "no_stopping",
        "surface": "asphalt"
      },
      "geometry": {
        "type": "LineString",
        "coordinates": [
          [
            -43.1698236,
            -22.9522592
          ],
          [
            -43.1701393,
            -22.9525238
          ]
        ]
      },
      "id": "way/372935978"
    },
    {
      "type": "Feature",
      "properties": {
        "@id": "way/372935995",
        "highway": "tertiary_link",
        "lanes": "1",
        "lit": "yes",
        "oneway": "yes",
        "surface": "asphalt"
      },
      "geometry": {
        "type": "LineString",
        "coordinates": [
          [
            -43.1677961,
            -22.950492
          ],
          [
            -43.1677562,
            -22.9505324
          ],
          [
            -43.1676973,
            -22.9505898
          ]
        ]
      },
      "id": "way/372935995"
    },
    {
      "type": "Feature",
      "properties": {
        "@id": "way/373162652",
        "date_off": "sunday",
        "date_on": "sunday",
        "foot": "yes",
        "highway": "trunk",
        "hour_off": "07:00",
        "hour_on": "18:00",
        "lanes": "4",
        "lit": "yes",
        "maxspeed": "70",
        "name": "Avenida Infante Dom Henrique",
        "oneway": "yes",
        "opening_hours": "18:00-07:00",
        "overtaking": "no",
        "parking:lane:both": "no_stopping",
        "surface": "asphalt"
      },
      "geometry": {
        "type": "LineString",
        "coordinates": [
          [
            -43.1759081,
            -22.9439238
          ],
          [
            -43.1756518,
            -22.9439966
          ],
          [
            -43.1754659,
            -22.9440425
          ],
          [
            -43.1752362,
            -22.9440675
          ],
          [
            -43.1749274,
            -22.9440635
          ],
          [
            -43.1746466,
            -22.9440272
          ],
          [
            -43.1743338,
            -22.9439343
          ],
          [
            -43.1740602,
            -22.9438078
          ],
          [
            -43.1737778,
            -22.9436237
          ],
          [
            -43.1734586,
            -22.9434083
          ]
        ]
      },
      "id": "way/373162652"
    },
    {
      "type": "Feature",
      "properties": {
        "@id": "way/373162653",
        "date_off": "sunday",
        "date_on": "sunday",
        "highway": "trunk",
        "hour_off": "07:00",
        "hour_on": "18:00",
        "lanes": "4",
        "lit": "yes",
        "maxspeed": "70",
        "name": "Avenida Infante Dom Henrique",
        "oneway": "yes",
        "opening_hours": "18:00-07:00",
        "overtaking": "no",
        "parking:lane:both": "no_stopping",
        "surface": "asphalt"
      },
      "geometry": {
        "type": "LineString",
        "coordinates": [
          [
            -43.1741034,
            -22.9435888
          ],
          [
            -43.1742616,
            -22.9436448
          ],
          [
            -43.1744594,
            -22.9436976
          ],
          [
            -43.1746038,
            -22.9437239
          ],
          [
            -43.1747568,
            -22.9437409
          ],
          [
            -43.1749204,
            -22.9437485
          ],
          [
            -43.1750736,
            -22.9437425
          ],
          [
            -43.1752024,
            -22.9437303
          ],
          [
            -43.1754143,
            -22.9436945
          ],
          [
            -43.1755876,
            -22.9436477
          ],
          [
            -43.1757471,
            -22.9435887
          ]
        ]
      },
      "id": "way/373162653"
    },
    {
      "type": "Feature",
      "properties": {
        "@id": "way/373162654",
        "date_off": "sunday",
        "date_on": "sunday",
        "foot": "yes",
        "highway": "trunk",
        "hour_off": "07:00",
        "hour_on": "18:00",
        "lanes": "4",
        "lit": "yes",
        "maxspeed": "70",
        "name": "Avenida Infante Dom Henrique",
        "oneway": "yes",
        "opening_hours": "18:00-07:00",
        "parking:lane:both": "no_stopping",
        "surface": "asphalt"
      },
      "geometry": {
        "type": "LineString",
        "coordinates": [
          [
            -43.1734586,
            -22.9434083
          ],
          [
            -43.1729837,
            -22.9430809
          ],
          [
            -43.1723932,
            -22.942627
          ],
          [
            -43.1721081,
            -22.9423917
          ],
          [
            -43.1713345,
            -22.941698
          ],
          [
            -43.1709731,
            -22.9413574
          ],
          [
            -43.1708763,
            -22.9412616
          ],
          [
            -43.1707441,
            -22.9411078
          ],
          [
            -43.1706181,
            -22.9409385
          ],
          [
            -43.1704209,
            -22.9406595
          ],
          [
            -43.1703157,
            -22.9404359
          ],
          [
            -43.1702234,
            -22.9402082
          ],
          [
            -43.1701416,
            -22.9398876
          ],
          [
            -43.170113,
            -22.9396718
          ],
          [
            -43.1701,
            -22.9395135
          ]
        ]
      },
      "id": "way/373162654"
    },
    {
      "type": "Feature",
      "properties": {
        "@id": "way/373162655",
        "IPP:CodLogradouro": "093278",
        "alt_name": "Avenida Infante Dom Henrique",
        "date_off": "sunday",
        "date_on": "sunday",
        "foot": "yes",
        "highway": "trunk",
        "hour_off": "07:00",
        "hour_on": "18:00",
        "lanes": "4",
        "lit": "yes",
        "maxspeed": "70",
        "name": "Avenida das Nações Unidas",
        "official_name": "Avenida Infante Dom Henrique",
        "oneway": "yes",
        "opening_hours": "18:00-07:00",
        "parking:lane:both": "no_stopping",
        "postal_code": "20021-140",
        "surface": "asphalt"
      },
      "geometry": {
        "type": "LineString",
        "coordinates": [
          [
            -43.1779676,
            -22.942697
          ],
          [
            -43.1774228,
            -22.9430049
          ]
        ]
      },
      "id": "way/373162655"
    },
    {
      "type": "Feature",
      "properties": {
        "@id": "way/373162657",
        "IPP:CodLogradouro": "093278",
        "alt_name": "Avenida Infante Dom Henrique",
        "foot": "yes",
        "highway": "trunk",
        "lanes": "4",
        "maxspeed": "70",
        "name": "Avenida das Nações Unidas",
        "oneway": "yes",
        "overtaking": "no",
        "parking:lane:both": "no_stopping",
        "postal_code": "20021-140",
        "surface": "asphalt"
      },
      "geometry": {
        "type": "LineString",
        "coordinates": [
          [
            -43.1795078,
            -22.9427297
          ],
          [
            -43.1793865,
            -22.9426688
          ],
          [
            -43.1792627,
            -22.942619
          ],
          [
            -43.1790526,
            -22.9425623
          ],
          [
            -43.1788663,
            -22.9425341
          ],
          [
            -43.1787217,
            -22.9425222
          ]
        ]
      },
      "id": "way/373162657"
    },
    {
      "type": "Feature",
      "properties": {
        "@id": "way/373162659",
        "IPP:CodLogradouro": "067082",
        "highway": "primary",
        "lanes": "3",
        "name": "Praia de Botafogo",
        "old_name": "Praia João de Sousa do PAA 4.047;Praia Francisco Velho",
        "oneway": "yes",
        "parking_lane": "both",
        "postal_code": "22250-040",
        "surface": "asphalt"
      },
      "geometry": {
        "type": "LineString",
        "coordinates": [
          [
            -43.1775435,
            -22.9409702
          ],
          [
            -43.177679,
            -22.9409607
          ],
          [
            -43.178013,
            -22.940978
          ],
          [
            -43.1783576,
            -22.9410151
          ],
          [
            -43.1785376,
            -22.941045
          ],
          [
            -43.178593,
            -22.9410602
          ],
          [
            -43.1787631,
            -22.9411238
          ]
        ]
      },
      "id": "way/373162659"
    },
    {
      "type": "Feature",
      "properties": {
        "@id": "way/373162670",
        "date_off": "sunday",
        "date_on": "sunday",
        "highway": "trunk_link",
        "hour_off": "07:00",
        "hour_on": "18:00",
        "lanes": "1",
        "lit": "no",
        "oneway": "yes",
        "opening_hours": "18:00-07:00",
        "surface": "paved"
      },
      "geometry": {
        "type": "LineString",
        "coordinates": [
          [
            -43.1748278,
            -22.9431863
          ],
          [
            -43.1747803,
            -22.9431891
          ],
          [
            -43.1747289,
            -22.9432007
          ],
          [
            -43.1746813,
            -22.9432374
          ],
          [
            -43.1744823,
            -22.943502
          ],
          [
            -43.1744706,
            -22.9435449
          ],
          [
            -43.1744755,
            -22.9435941
          ],
          [
            -43.1744997,
            -22.9436451
          ],
          [
            -43.1745395,
            -22.9436862
          ],
          [
            -43.1746038,
            -22.9437239
          ]
        ]
      },
      "id": "way/373162670"
    },
    {
      "type": "Feature",
      "properties": {
        "@id": "way/374883654",
        "alt_name": "Rua Alvaro Ramos",
        "highway": "tertiary",
        "lanes": "2",
        "name": "Rua General Góis Monteiro",
        "oneway": "yes",
        "surface": "paved"
      },
      "geometry": {
        "type": "LineString",
        "coordinates": [
          [
            -43.1781779,
            -22.955721
          ],
          [
            -43.1780519,
            -22.9557902
          ],
          [
            -43.1779955,
            -22.9558297
          ],
          [
            -43.1779459,
            -22.9558816
          ],
          [
            -43.1777876,
            -22.9560872
          ]
        ]
      },
      "id": "way/374883654"
    },
    {
      "type": "Feature",
      "properties": {
        "@id": "way/392002073",
        "cycleway:left": "lane",
        "cycleway:left:oneway": "no",
        "cycleway:right": "no",
        "highway": "tertiary",
        "lanes": "3",
        "lit": "yes",
        "name": "Rua Tonelero",
        "oneway": "yes",
        "oneway:bicycle": "no",
        "parking:lane:both": "no_parking",
        "sidewalk": "both",
        "surface": "asphalt"
      },
      "geometry": {
        "type": "LineString",
        "coordinates": [
          [
            -43.1878929,
            -22.9680225
          ],
          [
            -43.1879446,
            -22.9680552
          ],
          [
            -43.1885903,
            -22.9684627
          ],
          [
            -43.1894318,
            -22.9690208
          ],
          [
            -43.1898201,
            -22.9692758
          ],
          [
            -43.1899536,
            -22.9693655
          ],
          [
            -43.1901312,
            -22.9694789
          ],
          [
            -43.190276,
            -22.9695954
          ],
          [
            -43.1902975,
            -22.9696129
          ],
          [
            -43.1903454,
            -22.9696555
          ],
          [
            -43.1903736,
            -22.9696876
          ]
        ]
      },
      "id": "way/392002073"
    },
    {
      "type": "Feature",
      "properties": {
        "@id": "way/552626101",
        "IPP:CodLogradouro": "093278",
        "description": "Praça Marinha do Brasil",
        "highway": "primary",
        "lanes": "3",
        "name": "Praia de Botafogo",
        "old_name": "Praia João de Sousa do PAA 4.047;Praia Francisco Velho",
        "oneway": "yes",
        "postal_code": "22250-150",
        "surface": "paving_stones"
      },
      "geometry": {
        "type": "LineString",
        "coordinates": [
          [
            -43.1779938,
            -22.9418041
          ],
          [
            -43.1779077,
            -22.941809
          ],
          [
            -43.1778085,
            -22.9418031
          ],
          [
            -43.1777264,
            -22.9417833
          ],
          [
            -43.1776659,
            -22.9417611
          ],
          [
            -43.1775871,
            -22.9417169
          ],
          [
            -43.177525,
            -22.9416648
          ],
          [
            -43.1774829,
            -22.9416014
          ],
          [
            -43.1774554,
            -22.9415288
          ],
          [
            -43.1774543,
            -22.9414427
          ],
          [
            -43.1775062,
            -22.9411945
          ],
          [
            -43.177516,
            -22.9411411
          ],
          [
            -43.1775435,
            -22.9409702
          ]
        ]
      },
      "id": "way/552626101"
    },
    {
      "type": "Feature",
      "properties": {
        "@id": "way/555338774",
        "highway": "tertiary",
        "lanes": "1",
        "name": "Rua Henrique Oswald",
        "oneway": "yes",
        "surface": "asphalt"
      },
      "geometry": {
        "type": "LineString",
        "coordinates": [
          [
            -43.1930135,
            -22.9647885
          ],
          [
            -43.1930778,
            -22.9648113
          ],
          [
            -43.1931274,
            -22.9648255
          ],
          [
            -43.1931738,
            -22.9648291
          ],
          [
            -43.1932307,
            -22.9648181
          ],
          [
            -43.1933012,
            -22.9647828
          ]
        ]
      },
      "id": "way/555338774"
    },
    {
      "type": "Feature",
      "properties": {
        "@id": "way/555338775",
        "highway": "tertiary",
        "lanes": "1",
        "name": "Rua Santa Clara",
        "oneway": "yes",
        "surface": "asphalt"
      },
      "geometry": {
        "type": "LineString",
        "coordinates": [
          [
            -43.1933012,
            -22.9647828
          ],
          [
            -43.1931727,
            -22.9649248
          ],
          [
            -43.1930079,
            -22.9651069
          ]
        ]
      },
      "id": "way/555338775"
    },
    {
      "type": "Feature",
      "properties": {
        "@id": "way/555338776",
        "highway": "tertiary",
        "lanes": "1",
        "name": "Rua Henrique Oswald",
        "oneway": "yes",
        "surface": "asphalt"
      },
      "geometry": {
        "type": "LineString",
        "coordinates": [
          [
            -43.1930135,
            -22.9647885
          ],
          [
            -43.1930266,
            -22.9648602
          ],
          [
            -43.1930266,
            -22.964938
          ],
          [
            -43.1930226,
            -22.964996
          ],
          [
            -43.1930079,
            -22.9651069
          ]
        ]
      },
      "id": "way/555338776"
    },
    {
      "type": "Feature",
      "properties": {
        "@id": "way/569205395",
        "highway": "tertiary",
        "lanes": "2",
        "maxspeed": "30",
        "name": "Avenida Prado Júnior",
        "oneway": "yes",
        "sidewalk": "both",
        "surface": "paved"
      },
      "geometry": {
        "type": "LineString",
        "coordinates": [
          [
            -43.1754801,
            -22.9628563
          ],
          [
            -43.1752479,
            -22.9633243
          ],
          [
            -43.1752295,
            -22.963359
          ],
          [
            -43.1751888,
            -22.9634358
          ]
        ]
      },
      "id": "way/569205395"
    },
    {
      "type": "Feature",
      "properties": {
        "@id": "way/569278214",
        "foot": "yes",
        "highway": "primary",
        "lanes": "2",
        "lit": "yes",
        "name": "Rua Pinheiro Machado",
        "old_name": "Rua Guanabara",
        "oneway": "yes",
        "parking:lane:left": "no_stopping",
        "parking:lane:right": "no_parking",
        "surface": "asphalt"
      },
      "geometry": {
        "type": "LineString",
        "coordinates": [
          [
            -43.1834541,
            -22.9376973
          ],
          [
            -43.1835485,
            -22.9373696
          ],
          [
            -43.1836587,
            -22.9369362
          ],
          [
            -43.1836654,
            -22.9369101
          ]
        ]
      },
      "id": "way/569278214"
    },
    {
      "type": "Feature",
      "properties": {
        "@id": "way/569512939",
        "IPP:CodLogradouro": "128637",
        "highway": "tertiary",
        "lanes": "2",
        "name": "Rua Professor Álvaro Rodrigues",
        "oneway": "yes",
        "postal_code": "22280-040",
        "surface": "asphalt"
      },
      "geometry": {
        "type": "LineString",
        "coordinates": [
          [
            -43.1841092,
            -22.9522242
          ],
          [
            -43.1841657,
            -22.9522582
          ],
          [
            -43.1842687,
            -22.9523204
          ],
          [
            -43.1843461,
            -22.9523802
          ],
          [
            -43.1844661,
            -22.95249
          ],
          [
            -43.1845536,
            -22.9525702
          ],
          [
            -43.1845859,
            -22.9525997
          ],
          [
            -43.1852218,
            -22.9531634
          ],
          [
            -43.1853251,
            -22.9532436
          ],
          [
            -43.1853497,
            -22.9532627
          ],
          [
            -43.185387,
            -22.9532916
          ],
          [
            -43.1859437,
            -22.9538221
          ]
        ]
      },
      "id": "way/569512939"
    },
    {
      "type": "Feature",
      "properties": {
        "@id": "way/569527789",
        "IPP:CodLogradouro": "073593",
        "foot": "yes",
        "highway": "trunk",
        "lanes": "4",
        "lanes:backward:conditional": "2 @ (Mo-Fr 07:00-10:00)",
        "lit": "yes",
        "name": "Avenida Lauro Sodré",
        "old_name": "Rua do Túnel;Rua Honório de Lemos",
        "oneway": "yes",
        "oneway:conditional": "no @ (Mo-Fr 07:00-10:00)",
        "postal_code": "22290-070",
        "surface": "paved"
      },
      "geometry": {
        "type": "LineString",
        "coordinates": [
          [
            -43.1788875,
            -22.9534277
          ],
          [
            -43.1787447,
            -22.9538307
          ]
        ]
      },
      "id": "way/569527789"
    },
    {
      "type": "Feature",
      "properties": {
        "@id": "way/647497024",
        "IPP:CodLogradouro": "077172",
        "highway": "tertiary",
        "lanes": "2",
        "name": "Rua Mena Barreto",
        "old_name": "Rua de Todos os Santos;Rua General Menna Barreto",
        "oneway": "yes",
        "parking:lane:both": "no_parking",
        "postal_code": "22271-100",
        "surface": "asphalt"
      },
      "geometry": {
        "type": "LineString",
        "coordinates": [
          [
            -43.1899752,
            -22.9558097
          ],
          [
            -43.1899885,
            -22.9558157
          ],
          [
            -43.1901312,
            -22.9558831
          ],
          [
            -43.191366,
            -22.9564445
          ]
        ]
      },
      "id": "way/647497024"
    },
    {
      "type": "Feature",
      "properties": {
        "@id": "way/649249201",
        "highway": "tertiary",
        "lanes": "1",
        "lit": "yes",
        "name": "Rua Ramon Franco",
        "oneway": "yes",
        "parking:condition:left": "free",
        "parking:lane:left": "parallel",
        "parking:lane:right": "no_parking",
        "surface": "asphalt"
      },
      "geometry": {
        "type": "LineString",
        "coordinates": [
          [
            -43.167565,
            -22.9543655
          ],
          [
            -43.1672762,
            -22.9535926
          ],
          [
            -43.1672359,
            -22.9534303
          ],
          [
            -43.1672318,
            -22.9533525
          ],
          [
            -43.1672493,
            -22.9532636
          ],
          [
            -43.1674562,
            -22.9527542
          ]
        ]
      },
      "id": "way/649249201"
    },
    {
      "type": "Feature",
      "properties": {
        "@id": "way/649249203",
        "bicycle": "yes",
        "cycleway": "lane",
        "highway": "tertiary",
        "lanes": "2",
        "lit": "yes",
        "name": "Avenida Pasteur",
        "old_name": "Rua Pedreira de Botafogo;Praia Suzano;Praia de Santa Cecília;Porto de Martim Affonso;Praia Vermelha;Praia da Saudade",
        "oneway": "yes",
        "parking:lane:both": "no_parking",
        "surface": "asphalt"
      },
      "geometry": {
        "type": "LineString",
        "coordinates": [
          [
            -43.167565,
            -22.9543655
          ],
          [
            -43.1676724,
            -22.9543334
          ]
        ]
      },
      "id": "way/649249203"
    },
    {
      "type": "Feature",
      "properties": {
        "@id": "way/680913348",
        "highway": "tertiary",
        "lanes": "2",
        "lit": "yes",
        "maxspeed": "40",
        "maxspeed:type": "sign",
        "name": "Avenida Portugal",
        "oneway": "yes",
        "parking:condition:left": "free",
        "parking:lane:left": "parallel",
        "parking:lane:right": "no_parking",
        "surface": "asphalt"
      },
      "geometry": {
        "type": "LineString",
        "coordinates": [
          [
            -43.1711093,
            -22.9534452
          ],
          [
            -43.1710865,
            -22.9533922
          ],
          [
            -43.1710444,
            -22.9533055
          ]
        ]
      },
      "id": "way/680913348"
    },
    {
      "type": "Feature",
      "properties": {
        "@id": "way/680913349",
        "highway": "tertiary_link",
        "lanes": "1",
        "oneway": "yes"
      },
      "geometry": {
        "type": "LineString",
        "coordinates": [
          [
            -43.1713108,
            -22.9532136
          ],
          [
            -43.1713463,
            -22.9532946
          ],
          [
            -43.1713706,
            -22.9533533
          ]
        ]
      },
      "id": "way/680913349"
    },
    {
      "type": "Feature",
      "properties": {
        "@id": "way/681147791",
        "highway": "tertiary_link",
        "lanes": "1",
        "oneway": "yes"
      },
      "geometry": {
        "type": "LineString",
        "coordinates": [
          [
            -43.1741378,
            -22.9517701
          ],
          [
            -43.1741757,
            -22.9518325
          ],
          [
            -43.1742171,
            -22.9518921
          ]
        ]
      },
      "id": "way/681147791"
    },
    {
      "type": "Feature",
      "properties": {
        "@id": "way/696151106",
        "IPP:CodLogradouro": "105262",
        "date_off": "sunday",
        "date_on": "sunday",
        "foot": "yes",
        "highway": "trunk",
        "hour_off": "07:00",
        "hour_on": "18:00",
        "lanes": "4",
        "lit": "yes",
        "maxspeed": "70",
        "name": "Avenida Infante Dom Henrique",
        "oneway": "yes",
        "opening_hours": "18:00-07:00",
        "parking:lane:both": "no_stopping",
        "postal_code": "20021-140",
        "surface": "asphalt"
      },
      "geometry": {
        "type": "LineString",
        "coordinates": [
          [
            -43.1774228,
            -22.9430049
          ],
          [
            -43.1769738,
            -22.9432971
          ],
          [
            -43.1765837,
            -22.9435398
          ],
          [
            -43.1761545,
            -22.9437919
          ],
          [
            -43.1759081,
            -22.9439238
          ]
        ]
      },
      "id": "way/696151106"
    },
    {
      "type": "Feature",
      "properties": {
        "@id": "way/709675641",
        "IPP:CodLogradouro": "112375",
        "foot": "yes",
        "highway": "primary",
        "lanes": "2",
        "name": "Rua Fernando Ferrari",
        "old_name": "Rua Guanabara",
        "oneway": "yes",
        "parking_lane": "no",
        "postal_code": "22231-040",
        "surface": "asphalt"
      },
      "geometry": {
        "type": "LineString",
        "coordinates": [
          [
            -43.1827079,
            -22.9408187
          ],
          [
            -43.1825852,
            -22.9411111
          ],
          [
            -43.1825699,
            -22.9411509
          ],
          [
            -43.1823389,
            -22.9417734
          ]
        ]
      },
      "id": "way/709675641"
    },
    {
      "type": "Feature",
      "properties": {
        "@id": "way/773869379",
        "alt_name": "Largo do Ibam",
        "highway": "tertiary",
        "lanes": "2",
        "name": "Largo Ibam",
        "oneway": "yes",
        "surface": "asphalt"
      },
      "geometry": {
        "type": "LineString",
        "coordinates": [
          [
            -43.197281,
            -22.9584023
          ],
          [
            -43.1972431,
            -22.9584147
          ],
          [
            -43.1972052,
            -22.958427
          ],
          [
            -43.1970839,
            -22.9584765
          ],
          [
            -43.1970048,
            -22.9585102
          ]
        ]
      },
      "id": "way/773869379"
    },
    {
      "type": "Feature",
      "properties": {
        "@id": "way/773869380",
        "IPP:CodLogradouro": "148858",
        "highway": "tertiary",
        "lanes": "2",
        "lit": "yes",
        "name": "Rua Pinheiro Guimarães",
        "oneway": "yes",
        "postal_code": "22281-080",
        "surface": "asphalt"
      },
      "geometry": {
        "type": "LineString",
        "coordinates": [
          [
            -43.1970048,
            -22.9585102
          ],
          [
            -43.1967269,
            -22.9586616
          ],
          [
            -43.1965838,
            -22.9587159
          ],
          [
            -43.1965007,
            -22.9587368
          ],
          [
            -43.1964099,
            -22.9587436
          ],
          [
            -43.1962934,
            -22.9587376
          ],
          [
            -43.196154,
            -22.9587293
          ],
          [
            -43.1949659,
            -22.9585499
          ]
        ]
      },
      "id": "way/773869380"
    },
    {
      "type": "Feature",
      "properties": {
        "@id": "way/783216747",
        "IPP:CodLogradouro": "093278",
        "cycleway:right": "no",
        "description": "Praia de Botafogo (pista lateral)",
        "highway": "primary",
        "lanes": "3",
        "name": "Praia de Botafogo",
        "old_name": "Praia João de Sousa do PAA 4.047;Praia Francisco Velho",
        "oneway": "yes",
        "postal_code": "22250-150",
        "surface": "paved"
      },
      "geometry": {
        "type": "LineString",
        "coordinates": [
          [
            -43.1821401,
            -22.9477869
          ],
          [
            -43.1821443,
            -22.9477491
          ],
          [
            -43.1821491,
            -22.947713
          ]
        ]
      },
      "id": "way/783216747"
    },
    {
      "type": "Feature",
      "properties": {
        "@id": "way/783216748",
        "description": "Avenida Atlântica (pista junto aos prédios)",
        "highway": "trunk",
        "lanes": "3",
        "lanes:backward:conditional": "3 @ (Mo-Fr 7:00-10:00)",
        "lit": "yes",
        "maxspeed": "70",
        "maxspeed:type": "sign",
        "name": "Avenida Atlântica",
        "oneway": "yes",
        "oneway:conditional": "-1 @ (Mo-Fr 07:00-10:00)",
        "parking:condition:right": "ticket",
        "parking:lane:left": "no_parking",
        "parking:lane:right": "perpendicular",
        "sidewalk:left": "yes",
        "sidewalk:right": "separate",
        "surface": "asphalt"
      },
      "geometry": {
        "type": "LineString",
        "coordinates": [
          [
            -43.1737293,
            -22.9651449
          ],
          [
            -43.1739628,
            -22.9652492
          ],
          [
            -43.1742088,
            -22.9653636
          ]
        ]
      },
      "id": "way/783216748"
    },
    {
      "type": "Feature",
      "properties": {
        "@id": "way/785221955",
        "cycleway:right": "no",
        "highway": "secondary",
        "lanes": "3",
        "name": "Rua São Clemente",
        "oneway": "yes",
        "source": "Yahoo; survey",
        "surface": "asphalt"
      },
      "geometry": {
        "type": "LineString",
        "coordinates": [
          [
            -43.1842408,
            -22.9493
          ],
          [
            -43.1847613,
            -22.9493608
          ],
          [
            -43.1849178,
            -22.949369
          ]
        ]
      },
      "id": "way/785221955"
    },
    {
      "type": "Feature",
      "properties": {
        "@id": "way/785225489",
        "highway": "primary",
        "lanes": "3",
        "lit": "yes",
        "name": "Avenida Rui Barbosa",
        "old_name": "Rua Duque Estrada Teixeira;Avenida do Contorno",
        "oneway": "yes",
        "parking_lane": "left",
        "source": "Yahoo;survey",
        "surface": "asphalt"
      },
      "geometry": {
        "type": "LineString",
        "coordinates": [
          [
            -43.1746353,
            -22.9430408
          ],
          [
            -43.1745031,
            -22.9429158
          ],
          [
            -43.173864,
            -22.9423018
          ],
          [
            -43.1734478,
            -22.9420006
          ],
          [
            -43.1729682,
            -22.9416535
          ],
          [
            -43.171765,
            -22.9408034
          ],
          [
            -43.1716481,
            -22.9406809
          ],
          [
            -43.1715905,
            -22.9405939
          ],
          [
            -43.171171,
            -22.9398465
          ],
          [
            -43.1710529,
            -22.9396361
          ],
          [
            -43.1710287,
            -22.9395914
          ],
          [
            -43.1709639,
            -22.939472
          ],
          [
            -43.1709287,
            -22.9393625
          ],
          [
            -43.1709151,
            -22.939265
          ],
          [
            -43.1709133,
            -22.9391236
          ],
          [
            -43.1709218,
            -22.9389936
          ],
          [
            -43.1709505,
            -22.938849
          ],
          [
            -43.1710023,
            -22.9387114
          ]
        ]
      },
      "id": "way/785225489"
    },
    {
      "type": "Feature",
      "properties": {
        "@id": "way/785225490",
        "date_off": "sunday",
        "date_on": "sunday",
        "highway": "trunk",
        "hour_off": "07:00",
        "hour_on": "18:00",
        "lanes": "4",
        "lit": "yes",
        "maxspeed": "70",
        "name": "Avenida Infante Dom Henrique",
        "oneway": "yes",
        "opening_hours": "18:00-07:00",
        "overtaking": "no",
        "parking:lane:both": "no_stopping",
        "surface": "asphalt"
      },
      "geometry": {
        "type": "LineString",
        "coordinates": [
          [
            -43.1735911,
            -22.9432956
          ],
          [
            -43.1737789,
            -22.9434213
          ],
          [
            -43.1739597,
            -22.9435237
          ],
          [
            -43.1741034,
            -22.9435888
          ]
        ]
      },
      "id": "way/785225490"
    },
    {
      "type": "Feature",
      "properties": {
        "@id": "way/787019672",
        "highway": "tertiary",
        "lanes": "4",
        "lit": "yes",
        "maxspeed": "40",
        "name": "Rua das Laranjeiras",
        "old_name": "Rua das Larangeiras",
        "oneway": "no",
        "sidewalk": "both",
        "surface": "asphalt"
      },
      "geometry": {
        "type": "LineString",
        "coordinates": [
          [
            -43.1901233,
            -22.936484
          ],
          [
            -43.190174,
            -22.9366059
          ],
          [
            -43.1902186,
            -22.9368184
          ],
          [
            -43.1902311,
            -22.9368721
          ],
          [
            -43.1904162,
            -22.9376811
          ],
          [
            -43.1904397,
            -22.9378456
          ]
        ]
      },
      "id": "way/787019672"
    },
    {
      "type": "Feature",
      "properties": {
        "@id": "way/787028042",
        "highway": "secondary",
        "lanes": "4",
        "lit": "yes",
        "name": "Rua Humaitá",
        "oneway": "yes",
        "source": "survey",
        "surface": "asphalt"
      },
      "geometry": {
        "type": "LineString",
        "coordinates": [
          [
            -43.2021217,
            -22.9599501
          ],
          [
            -43.2019322,
            -22.9598605
          ],
          [
            -43.2010185,
            -22.959462
          ]
        ]
      },
      "id": "way/787028042"
    },
    {
      "type": "Feature",
      "properties": {
        "@id": "way/787028043",
        "highway": "tertiary",
        "lanes": "2",
        "maxspeed": "70",
        "name": "Rua Fonte da Saudade",
        "oneway": "yes",
        "surface": "asphalt"
      },
      "geometry": {
        "type": "LineString",
        "coordinates": [
          [
            -43.2027238,
            -22.9641045
          ],
          [
            -43.2029066,
            -22.962685
          ],
          [
            -43.2030032,
            -22.9621108
          ],
          [
            -43.2030148,
            -22.9619883
          ],
          [
            -43.2030188,
            -22.9619002
          ],
          [
            -43.2030169,
            -22.9618598
          ],
          [
            -43.2030091,
            -22.9618151
          ],
          [
            -43.2029919,
            -22.9617593
          ],
          [
            -43.2029685,
            -22.9617092
          ],
          [
            -43.2029398,
            -22.9616615
          ],
          [
            -43.2027956,
            -22.9614737
          ]
        ]
      },
      "id": "way/787028043"
    },
    {
      "type": "Feature",
      "properties": {
        "@id": "way/787028044",
        "highway": "tertiary",
        "lanes": "2",
        "maxspeed": "70",
        "name": "Rua Fonte da Saudade",
        "oneway": "yes",
        "surface": "asphalt"
      },
      "geometry": {
        "type": "LineString",
        "coordinates": [
          [
            -43.2030968,
            -22.9605943
          ],
          [
            -43.2030967,
            -22.9607424
          ],
          [
            -43.2030854,
            -22.9609281
          ],
          [
            -43.2030896,
            -22.9613167
          ]
        ]
      },
      "id": "way/787028044"
    },
    {
      "type": "Feature",
      "properties": {
        "@id": "way/787028045",
        "highway": "tertiary",
        "lanes": "1",
        "maxspeed": "70",
        "name": "Rua Fonte da Saudade",
        "oneway": "yes",
        "surface": "asphalt"
      },
      "geometry": {
        "type": "LineString",
        "coordinates": [
          [
            -43.2034307,
            -22.9604275
          ],
          [
            -43.2033185,
            -22.9604316
          ],
          [
            -43.203294,
            -22.9604334
          ],
          [
            -43.2032607,
            -22.9604403
          ],
          [
            -43.2032313,
            -22.9604467
          ],
          [
            -43.2032093,
            -22.9604572
          ],
          [
            -43.2031954,
            -22.9604656
          ],
          [
            -43.2031708,
            -22.9604825
          ],
          [
            -43.2031538,
            -22.9605013
          ],
          [
            -43.2031333,
            -22.9605337
          ],
          [
            -43.2030968,
            -22.9605943
          ]
        ]
      },
      "id": "way/787028045"
    },
    {
      "type": "Feature",
      "properties": {
        "@id": "way/787028046",
        "highway": "secondary",
        "lanes": "4",
        "maxheight": "3.8",
        "name": "Rua Humaitá",
        "oneway": "yes",
        "surface": "asphalt"
      },
      "geometry": {
        "type": "LineString",
        "coordinates": [
          [
            -43.2026722,
            -22.9600267
          ],
          [
            -43.202844,
            -22.9600789
          ],
          [
            -43.2030138,
            -22.9601203
          ],
          [
            -43.2033514,
            -22.9601872
          ]
        ]
      },
      "id": "way/787028046"
    },
    {
      "type": "Feature",
      "properties": {
        "@id": "way/787028047",
        "highway": "secondary",
        "lanes": "3",
        "maxheight": "3.8",
        "name": "Rua Humaitá",
        "oneway": "yes",
        "surface": "asphalt"
      },
      "geometry": {
        "type": "LineString",
        "coordinates": [
          [
            -43.1964203,
            -22.952657
          ],
          [
            -43.1965131,
            -22.9528118
          ]
        ]
      },
      "id": "way/787028047"
    },
    {
      "type": "Feature",
      "properties": {
        "@id": "way/787028048",
        "IPP:CodLogradouro": "083717",
        "highway": "tertiary",
        "lanes": "2",
        "name": "Rua Visconde de Silva",
        "oneway": "yes",
        "postal_code": "22271-090",
        "surface": "asphalt"
      },
      "geometry": {
        "type": "LineString",
        "coordinates": [
          [
            -43.1919493,
            -22.9567151
          ],
          [
            -43.1929713,
            -22.9571163
          ],
          [
            -43.1943075,
            -22.9575661
          ],
          [
            -43.1943439,
            -22.9575784
          ],
          [
            -43.1944198,
            -22.9576058
          ]
        ]
      },
      "id": "way/787028048"
    },
    {
      "type": "Feature",
      "properties": {
        "@id": "way/787031718",
        "highway": "tertiary",
        "lanes": "2",
        "lit": "yes",
        "maxspeed": "40",
        "name": "Rua das Laranjeiras",
        "old_name": "Rua das Larangeiras",
        "oneway": "no",
        "sidewalk": "both",
        "surface": "asphalt"
      },
      "geometry": {
        "type": "LineString",
        "coordinates": [
          [
            -43.1900857,
            -22.9364267
          ],
          [
            -43.1901233,
            -22.936484
          ]
        ]
      },
      "id": "way/787031718"
    },
    {
      "type": "Feature",
      "properties": {
        "@id": "way/787327462",
        "IPP:CodLogradouro": "083667",
        "cycleway:right": "no",
        "highway": "tertiary",
        "lanes": "2",
        "name": "Rua Visconde de Ouro Preto",
        "old_name": "Rua Dona Carlota",
        "oneway": "yes",
        "postal_code": "22250-180",
        "surface": "asphalt"
      },
      "geometry": {
        "type": "LineString",
        "coordinates": [
          [
            -43.1825539,
            -22.9460131
          ],
          [
            -43.1822643,
            -22.9460076
          ],
          [
            -43.1821232,
            -22.9460128
          ]
        ]
      },
      "id": "way/787327462"
    },
    {
      "type": "Feature",
      "properties": {
        "@id": "way/787839651",
        "IPP:CodLogradouro": "093278",
        "cycleway:right": "no",
        "description": "Praia de Botafogo (pista central)",
        "highway": "primary",
        "lanes": "3",
        "name": "Praia de Botafogo",
        "old_name": "Praia João de Sousa do PAA 4.047;Praia Francisco Velho",
        "oneway": "yes",
        "parking_lane": "no",
        "postal_code": "22250-150",
        "surface": "asphalt"
      },
      "geometry": {
        "type": "LineString",
        "coordinates": [
          [
            -43.1822643,
            -22.9460076
          ],
          [
            -43.1822532,
            -22.9458771
          ],
          [
            -43.1821551,
            -22.9453455
          ]
        ]
      },
      "id": "way/787839651"
    },
    {
      "type": "Feature",
      "properties": {
        "@id": "way/787840537",
        "bicycle": "designated",
        "highway": "secondary",
        "lanes": "2",
        "lit": "yes",
        "name": "Rua Siqueira Campos",
        "old_name": "Rua Barroso",
        "oneway": "yes",
        "source": "survey",
        "surface": "asphalt"
      },
      "geometry": {
        "type": "LineString",
        "coordinates": [
          [
            -43.1865298,
            -22.9667614
          ],
          [
            -43.1864777,
            -22.9667991
          ],
          [
            -43.1864542,
            -22.9668188
          ],
          [
            -43.1864234,
            -22.9668534
          ]
        ]
      },
      "id": "way/787840537"
    },
    {
      "type": "Feature",
      "properties": {
        "@id": "way/787840539",
        "bicycle": "designated",
        "highway": "secondary",
        "lanes": "2",
        "lit": "yes",
        "name": "Rua Siqueira Campos",
        "old_name": "Rua Barroso",
        "oneway": "yes",
        "source": "survey",
        "surface": "asphalt"
      },
      "geometry": {
        "type": "LineString",
        "coordinates": [
          [
            -43.1904705,
            -22.9644403
          ],
          [
            -43.1885374,
            -22.9655383
          ],
          [
            -43.1880991,
            -22.9658999
          ],
          [
            -43.1880469,
            -22.9659353
          ],
          [
            -43.187992,
            -22.9659691
          ]
        ]
      },
      "id": "way/787840539"
    },
    {
      "type": "Feature",
      "properties": {
        "@id": "way/787840540",
        "highway": "tertiary",
        "lanes": "2",
        "name": "Rua Figueiredo de Magalhães",
        "oneway": "yes",
        "surface": "asphalt"
      },
      "geometry": {
        "type": "LineString",
        "coordinates": [
          [
            -43.1906962,
            -22.9647308
          ],
          [
            -43.1907291,
            -22.9646912
          ]
        ]
      },
      "id": "way/787840540"
    },
    {
      "type": "Feature",
      "properties": {
        "@id": "way/787840541",
        "highway": "secondary",
        "lanes": "3",
        "name": "Rua Figueiredo de Magalhães",
        "oneway": "yes",
        "surface": "asphalt"
      },
      "geometry": {
        "type": "LineString",
        "coordinates": [
          [
            -43.1859845,
            -22.9702488
          ],
          [
            -43.186073,
            -22.9701426
          ],
          [
            -43.1867913,
            -22.9692945
          ]
        ]
      },
      "id": "way/787840541"
    },
    {
      "type": "Feature",
      "properties": {
        "@id": "way/787840542",
        "highway": "secondary",
        "lanes": "4",
        "lanes:psv:forward:conditional": "2 @ (Mo-Fr 6:00-21:00;Sa 6:00-14:00)",
        "lit": "yes",
        "maxspeed": "60",
        "name": "Rua Barata Ribeiro",
        "oneway": "yes",
        "parking:lane:left": "parallel",
        "parking:lane:left:conditional": "no_parking @ (Mo-Fr 6:00-21:00;Sa 6:00-14:00)",
        "sidewalk": "both",
        "surface": "asphalt"
      },
      "geometry": {
        "type": "LineString",
        "coordinates": [
          [
            -43.1852437,
            -22.968324
          ],
          [
            -43.1860294,
            -22.9688167
          ]
        ]
      },
      "id": "way/787840542"
    },
    {
      "type": "Feature",
      "properties": {
        "@id": "way/787842426",
        "highway": "secondary",
        "lanes": "2",
        "maxheight": "3.8",
        "name": "Rua Humaitá",
        "oneway": "yes",
        "surface": "asphalt"
      },
      "geometry": {
        "type": "LineString",
        "coordinates": [
          [
            -43.2039636,
            -22.9602299
          ],
          [
            -43.2040416,
            -22.9602471
          ],
          [
            -43.2045122,
            -22.9603236
          ]
        ]
      },
      "id": "way/787842426"
    },
    {
      "type": "Feature",
      "properties": {
        "@id": "way/787842427",
        "highway": "secondary",
        "lanes": "3",
        "maxheight": "3.8",
        "name": "Rua Humaitá",
        "oneway": "yes",
        "surface": "asphalt"
      },
      "geometry": {
        "type": "LineString",
        "coordinates": [
          [
            -43.1993173,
            -22.9577021
          ],
          [
            -43.1993439,
            -22.9577378
          ],
          [
            -43.1996501,
            -22.9581716
          ],
          [
            -43.2000814,
            -22.9587154
          ],
          [
            -43.2001183,
            -22.9587706
          ],
          [
            -43.2002073,
            -22.9588308
          ]
        ]
      },
      "id": "way/787842427"
    },
    {
      "type": "Feature",
      "properties": {
        "@id": "way/787842428",
        "highway": "trunk",
        "lanes": "3",
        "lit": "yes",
        "name": "Viaduto Saint-Hilaire",
        "oneway": "yes",
        "parking:lane:both": "no_stopping",
        "source": "Yahoo; survey",
        "surface": "asphalt"
      },
      "geometry": {
        "type": "LineString",
        "coordinates": [
          [
            -43.2045101,
            -22.9590646
          ],
          [
            -43.2044194,
            -22.959316
          ],
          [
            -43.2043234,
            -22.9598378
          ]
        ]
      },
      "id": "way/787842428"
    },
    {
      "type": "Feature",
      "properties": {
        "@id": "way/794061354",
        "highway": "secondary",
        "lanes": "4",
        "lanes:psv:forward:conditional": "2 @ (Mo-Fr 6:00-21:00;Sa 6:00-14:00)",
        "maxspeed": "60",
        "name": "Avenida Nossa Senhora de Copacabana",
        "oneway": "yes",
        "surface": "asphalt"
      },
      "geometry": {
        "type": "LineString",
        "coordinates": [
          [
            -43.1869016,
            -22.9711539
          ],
          [
            -43.186828,
            -22.971081
          ],
          [
            -43.186445,
            -22.9707034
          ],
          [
            -43.186116,
            -22.970392
          ],
          [
            -43.1860288,
            -22.9702955
          ],
          [
            -43.1859845,
            -22.9702488
          ],
          [
            -43.1858899,
            -22.9701727
          ],
          [
            -43.1847679,
            -22.9692548
          ],
          [
            -43.1847105,
            -22.9692079
          ],
          [
            -43.1846193,
            -22.9691333
          ]
        ]
      },
      "id": "way/794061354"
    },
    {
      "type": "Feature",
      "properties": {
        "@id": "way/794061358",
        "bicycle": "designated",
        "highway": "tertiary",
        "lanes": "3",
        "lit": "yes",
        "name": "Rua Tonelero",
        "oneway": "yes",
        "parking:lane:both": "no_parking",
        "sidewalk": "both",
        "surface": "asphalt"
      },
      "geometry": {
        "type": "LineString",
        "coordinates": [
          [
            -43.1861913,
            -22.9671348
          ],
          [
            -43.1870677,
            -22.9675916
          ],
          [
            -43.1878929,
            -22.9680225
          ]
        ]
      },
      "id": "way/794061358"
    },
    {
      "type": "Feature",
      "properties": {
        "@id": "way/794061359",
        "bicycle": "designated",
        "highway": "secondary",
        "lanes": "2",
        "name": "Rua Siqueira Campos",
        "old_name": "Rua Barroso",
        "oneway": "yes",
        "surface": "asphalt"
      },
      "geometry": {
        "type": "LineString",
        "coordinates": [
          [
            -43.1864234,
            -22.9668534
          ],
          [
            -43.1862797,
            -22.9670339
          ],
          [
            -43.1861913,
            -22.9671348
          ]
        ]
      },
      "id": "way/794061359"
    },
    {
      "type": "Feature",
      "properties": {
        "@id": "way/794061360",
        "highway": "secondary",
        "lanes": "3",
        "name": "Rua São Clemente",
        "oneway": "yes",
        "source": "Yahoo; survey",
        "surface": "asphalt"
      },
      "geometry": {
        "type": "LineString",
        "coordinates": [
          [
            -43.1941513,
            -22.9511459
          ],
          [
            -43.1944668,
            -22.9513056
          ],
          [
            -43.1946646,
            -22.951405
          ],
          [
            -43.1949948,
            -22.9515824
          ],
          [
            -43.1950452,
            -22.9516118
          ],
          [
            -43.1953774,
            -22.9518208
          ],
          [
            -43.195741,
            -22.9520773
          ],
          [
            -43.1962248,
            -22.9524484
          ],
          [
            -43.1962691,
            -22.9524824
          ],
          [
            -43.1963133,
            -22.9525163
          ],
          [
            -43.1963715,
            -22.9525759
          ],
          [
            -43.1964081,
            -22.9526242
          ],
          [
            -43.1964203,
            -22.952657
          ]
        ]
      },
      "id": "way/794061360"
    },
    {
      "type": "Feature",
      "properties": {
        "@id": "way/794061364",
        "highway": "secondary",
        "lanes": "3",
        "maxspeed": "60",
        "maxspeed:bus": "40",
        "maxspeed:hgv": "40",
        "name": "Rua Voluntários da Pátria",
        "name:etymology:wikidata": "Q10392480",
        "old_name": "Rua Nova de São Joaquim",
        "oneway": "yes",
        "source": "Yahoo;survey",
        "surface": "asphalt"
      },
      "geometry": {
        "type": "LineString",
        "coordinates": [
          [
            -43.1952647,
            -22.9552661
          ],
          [
            -43.195022,
            -22.9551837
          ],
          [
            -43.1946244,
            -22.9550434
          ],
          [
            -43.1940431,
            -22.9548392
          ],
          [
            -43.1930239,
            -22.9544771
          ],
          [
            -43.1929745,
            -22.9544605
          ],
          [
            -43.1928816,
            -22.9544292
          ],
          [
            -43.1927905,
            -22.9543927
          ],
          [
            -43.1927382,
            -22.9543748
          ],
          [
            -43.1922689,
            -22.9542074
          ],
          [
            -43.1914445,
            -22.9539131
          ],
          [
            -43.1910866,
            -22.9537912
          ],
          [
            -43.1910244,
            -22.9537706
          ],
          [
            -43.1909365,
            -22.953741
          ]
        ]
      },
      "id": "way/794061364"
    },
    {
      "type": "Feature",
      "properties": {
        "@id": "way/794061365",
        "highway": "tertiary",
        "lanes": "3",
        "name": "Rua General Polidoro",
        "old_name": "Caminho da Lagoa;Rua Berquó",
        "oneway": "yes",
        "surface": "asphalt"
      },
      "geometry": {
        "type": "LineString",
        "coordinates": [
          [
            -43.1911755,
            -22.9580449
          ],
          [
            -43.1908919,
            -22.957953
          ],
          [
            -43.1892421,
            -22.9574063
          ]
        ]
      },
      "id": "way/794061365"
    },
    {
      "type": "Feature",
      "properties": {
        "@id": "way/794061366",
        "highway": "tertiary",
        "lanes": "2",
        "name": "Rua General Polidoro",
        "old_name": "Caminho da Lagoa;Rua Berquó",
        "oneway": "yes",
        "surface": "asphalt"
      },
      "geometry": {
        "type": "LineString",
        "coordinates": [
          [
            -43.1914342,
            -22.9580952
          ],
          [
            -43.1911755,
            -22.9580449
          ]
        ]
      },
      "id": "way/794061366"
    },
    {
      "type": "Feature",
      "properties": {
        "@id": "way/794061367",
        "description": "Avenida Atlântica (pista junto aos prédios)",
        "highway": "trunk",
        "lanes": "3",
        "lanes:backward:conditional": "3 @ (Mo-Fr 7:00-10:00)",
        "lit": "yes",
        "maxspeed": "70",
        "maxspeed:type": "sign",
        "name": "Avenida Atlântica",
        "oneway": "yes",
        "sidewalk:left": "yes",
        "sidewalk:right": "separate",
        "surface": "asphalt",
        "wikidata": "Q3375901",
        "wikipedia": "pt:Avenida Atlântica"
      },
      "geometry": {
        "type": "LineString",
        "coordinates": [
          [
            -43.1833839,
            -22.97066
          ],
          [
            -43.1835191,
            -22.9707786
          ],
          [
            -43.1835527,
            -22.9708078
          ],
          [
            -43.1845041,
            -22.9716406
          ],
          [
            -43.1845304,
            -22.9716637
          ],
          [
            -43.1846389,
            -22.9717643
          ],
          [
            -43.1846901,
            -22.9718123
          ]
        ]
      },
      "id": "way/794061367"
    },
    {
      "type": "Feature",
      "properties": {
        "@id": "way/794148961",
        "highway": "tertiary",
        "lanes": "2",
        "maxspeed": "70",
        "name": "Rua Fonte da Saudade",
        "oneway": "yes",
        "surface": "asphalt"
      },
      "geometry": {
        "type": "LineString",
        "coordinates": [
          [
            -43.2030896,
            -22.9613167
          ],
          [
            -43.2031029,
            -22.9618801
          ],
          [
            -43.2030982,
            -22.9619881
          ],
          [
            -43.2030631,
            -22.9623864
          ]
        ]
      },
      "id": "way/794148961"
    },
    {
      "type": "Feature",
      "properties": {
        "@id": "way/794148965",
        "IPP:CodLogradouro": "093278",
        "description": "Praia de Botafogo (pista lateral)",
        "highway": "primary",
        "lanes": "3",
        "name": "Praia de Botafogo",
        "old_name": "Praia João de Sousa do PAA 4.047;Praia Francisco Velho",
        "oneway": "yes",
        "parking_lane": "no",
        "postal_code": "22250-150",
        "surface": "asphalt"
      },
      "geometry": {
        "type": "LineString",
        "coordinates": [
          [
            -43.1793237,
            -22.9419796
          ],
          [
            -43.1791952,
            -22.94194
          ],
          [
            -43.1790036,
            -22.9418914
          ],
          [
            -43.1788781,
            -22.9418684
          ]
        ]
      },
      "id": "way/794148965"
    },
    {
      "type": "Feature",
      "properties": {
        "@id": "way/795049250",
        "highway": "tertiary",
        "lanes": "2",
        "name": "Rua Real Grandeza",
        "old_name": "Rua Sergipe;Rua Demétrio Ribeiro",
        "oneway": "yes",
        "surface": "asphalt"
      },
      "geometry": {
        "type": "LineString",
        "coordinates": [
          [
            -43.1914292,
            -22.958172
          ],
          [
            -43.1914235,
            -22.9582854
          ]
        ]
      },
      "id": "way/795049250"
    },
    {
      "type": "Feature",
      "properties": {
        "@id": "way/795049251",
        "IPP:CodLogradouro": "079343",
        "highway": "tertiary",
        "lanes": "2",
        "name": "Rua Pinheiro Guimarães",
        "oneway": "yes",
        "postal_code": "22281-080",
        "surface": "asphalt"
      },
      "geometry": {
        "type": "LineString",
        "coordinates": [
          [
            -43.1917249,
            -22.9580866
          ],
          [
            -43.1915708,
            -22.9580901
          ],
          [
            -43.1914342,
            -22.9580952
          ]
        ]
      },
      "id": "way/795049251"
    },
    {
      "type": "Feature",
      "properties": {
        "@id": "way/795049252",
        "highway": "tertiary",
        "lanes": "3",
        "lit": "yes",
        "maxheight": "3.8",
        "maxspeed": "60",
        "name": "Rua Professor Abelardo Lôbo",
        "oneway": "yes",
        "source": "survey",
        "surface": "asphalt"
      },
      "geometry": {
        "type": "LineString",
        "coordinates": [
          [
            -43.2051555,
            -22.9618284
          ],
          [
            -43.2042395,
            -22.9608902
          ],
          [
            -43.2041697,
            -22.9608212
          ]
        ]
      },
      "id": "way/795049252"
    },
    {
      "type": "Feature",
      "properties": {
        "@id": "way/795049254",
        "highway": "tertiary",
        "lanes": "2",
        "name": "Rua Macedo Sobrinho",
        "oneway": "yes",
        "surface": "asphalt"
      },
      "geometry": {
        "type": "LineString",
        "coordinates": [
          [
            -43.1985684,
            -22.9586714
          ],
          [
            -43.1986475,
            -22.9585093
          ]
        ]
      },
      "id": "way/795049254"
    },
    {
      "type": "Feature",
      "properties": {
        "@id": "way/795049255",
        "IPP:CodLogradouro": "081224",
        "highway": "tertiary",
        "lanes": "2",
        "lit": "yes",
        "name": "Rua São João Batista",
        "oneway": "yes",
        "parking:condition:both": "ticket",
        "parking:condition:both:default": "free",
        "parking:condition:both:maxstay": "4 hours",
        "parking:condition:left:time_interval": "Mo-Fr 07:00-19:00;Sa 07:00-13:00",
        "parking:condition:right:time_interval": "Mo-Fr 07:00-19:00",
        "parking:lane:both": "parallel",
        "postal_code": "22270-030",
        "surface": "asphalt"
      },
      "geometry": {
        "type": "LineString",
        "coordinates": [
          [
            -43.1899752,
            -22.9558097
          ],
          [
            -43.1900547,
            -22.9556346
          ],
          [
            -43.1904492,
            -22.9547584
          ],
          [
            -43.1907799,
            -22.9540277
          ],
          [
            -43.1908633,
            -22.9538893
          ],
          [
            -43.1908841,
            -22.9538472
          ],
          [
            -43.1909365,
            -22.953741
          ]
        ]
      },
      "id": "way/795049255"
    },
    {
      "type": "Feature",
      "properties": {
        "@id": "way/795049256",
        "IPP:CodLogradouro": "077172",
        "highway": "tertiary",
        "lanes": "2",
        "name": "Rua Mena Barreto",
        "old_name": "Rua de Todos os Santos;Rua General Menna Barreto",
        "oneway": "yes",
        "parking:lane:both": "no_parking",
        "postal_code": "22271-100",
        "surface": "asphalt"
      },
      "geometry": {
        "type": "LineString",
        "coordinates": [
          [
            -43.1889055,
            -22.9553432
          ],
          [
            -43.1894338,
            -22.9555741
          ]
        ]
      },
      "id": "way/795049256"
    },
    {
      "type": "Feature",
      "properties": {
        "@id": "way/795083584",
        "highway": "trunk",
        "lanes": "2",
        "lit": "yes",
        "name": "Avenida Borges de Medeiros",
        "oneway": "yes",
        "parking:lane:both": "no_stopping",
        "source": "Yahoo; survey",
        "surface": "asphalt"
      },
      "geometry": {
        "type": "LineString",
        "coordinates": [
          [
            -43.2039787,
            -22.9624177
          ],
          [
            -43.2039888,
            -22.9622967
          ],
          [
            -43.2040022,
            -22.9620855
          ],
          [
            -43.204017,
            -22.9617645
          ],
          [
            -43.204025,
            -22.9615076
          ],
          [
            -43.204037,
            -22.9612761
          ]
        ]
      },
      "id": "way/795083584"
    },
    {
      "type": "Feature",
      "properties": {
        "@id": "way/795094238",
        "highway": "secondary",
        "lanes": "3",
        "name": "Rua Figueiredo de Magalhães",
        "oneway": "yes",
        "surface": "asphalt"
      },
      "geometry": {
        "type": "LineString",
        "coordinates": [
          [
            -43.1878929,
            -22.9680225
          ],
          [
            -43.1879562,
            -22.9679521
          ],
          [
            -43.188064,
            -22.9678219
          ]
        ]
      },
      "id": "way/795094238"
    },
    {
      "type": "Feature",
      "properties": {
        "@id": "way/795097331",
        "highway": "trunk",
        "lanes": "3",
        "lit": "yes",
        "name": "Avenida Princesa Isabel",
        "oneway": "yes",
        "surface": "asphalt"
      },
      "geometry": {
        "type": "LineString",
        "coordinates": [
          [
            -43.1733933,
            -22.9648178
          ],
          [
            -43.1734269,
            -22.9647534
          ]
        ]
      },
      "id": "way/795097331"
    },
    {
      "type": "Feature",
      "properties": {
        "@id": "way/799484670",
        "cycleway:right": "no",
        "highway": "secondary",
        "lanes": "4",
        "lanes:psv:forward:conditional": "2 @ (Mo-Fr 06:00-21:00; Sa 06:00-14:00)",
        "lit": "yes",
        "maxspeed": "60",
        "name": "Avenida Nossa Senhora de Copacabana",
        "oneway": "yes",
        "sidewalk": "both",
        "surface": "paved"
      },
      "geometry": {
        "type": "LineString",
        "coordinates": [
          [
            -43.1747791,
            -22.9642721
          ],
          [
            -43.1743131,
            -22.9640699
          ],
          [
            -43.1742012,
            -22.9640217
          ]
        ]
      },
      "id": "way/799484670"
    },
    {
      "type": "Feature",
      "properties": {
        "@id": "way/799484671",
        "highway": "tertiary",
        "lanes": "2",
        "maxspeed": "30",
        "name": "Avenida Prado Júnior",
        "oneway": "yes",
        "sidewalk": "both",
        "surface": "paved"
      },
      "geometry": {
        "type": "LineString",
        "coordinates": [
          [
            -43.1751888,
            -22.9634358
          ],
          [
            -43.1748265,
            -22.9641739
          ],
          [
            -43.1747791,
            -22.9642721
          ]
        ]
      },
      "id": "way/799484671"
    },
    {
      "type": "Feature",
      "properties": {
        "@id": "way/799509567",
        "foot": "yes",
        "highway": "trunk",
        "lanes": "4",
        "lit": "yes",
        "maxspeed": "70",
        "name": "Avenida Pasteur",
        "old_name": "Rua Pedreira de Botafogo;Praia Suzano;Praia de Santa Cecília;Porto de Martim Affonso;Praia Vermelha;Praia da Saudade",
        "oneway": "yes",
        "source": "survey",
        "surface": "asphalt"
      },
      "geometry": {
        "type": "LineString",
        "coordinates": [
          [
            -43.1753542,
            -22.9511316
          ],
          [
            -43.175618,
            -22.9509739
          ]
        ]
      },
      "id": "way/799509567"
    },
    {
      "type": "Feature",
      "properties": {
        "@id": "way/799532377",
        "highway": "secondary",
        "lanes": "3",
        "maxspeed": "60",
        "name": "Rua Voluntários da Pátria",
        "old_name": "Rua Nova de São Joaquim",
        "oneway": "yes",
        "source": "Yahoo; survey",
        "surface": "asphalt"
      },
      "geometry": {
        "type": "LineString",
        "coordinates": [
          [
            -43.1841059,
            -22.9513022
          ],
          [
            -43.183948,
            -22.9512451
          ],
          [
            -43.1833313,
            -22.9510397
          ],
          [
            -43.182929,
            -22.9509087
          ],
          [
            -43.1825516,
            -22.9507943
          ],
          [
            -43.1822622,
            -22.9506892
          ],
          [
            -43.1818573,
            -22.9505422
          ],
          [
            -43.1818021,
            -22.9505237
          ],
          [
            -43.1817552,
            -22.9505052
          ]
        ]
      },
      "id": "way/799532377"
    },
    {
      "type": "Feature",
      "properties": {
        "@id": "way/837858642",
        "alt_name": "Túnel Alaor Prata",
        "highway": "tertiary",
        "lanes": "2",
        "lit": "yes",
        "maxspeed": "50",
        "name": "Túnel Velho",
        "old_name": "Túnel Real Grandeza",
        "oneway": "yes",
        "surface": "asphalt",
        "wikidata": "Q10386017",
        "wikipedia": "pt:Túnel Velho"
      },
      "geometry": {
        "type": "LineString",
        "coordinates": [
          [
            -43.1907291,
            -22.9646912
          ],
          [
            -43.1908876,
            -22.9645021
          ],
          [
            -43.1910277,
            -22.9643545
          ]
        ]
      },
      "id": "way/837858642"
    },
    {
      "type": "Feature",
      "properties": {
        "@id": "way/850100175",
        "destination": "Botafogo;Centro",
        "highway": "trunk_link",
        "lanes": "2",
        "lit": "yes",
        "maxspeed": "70",
        "name": "Avenida Atlântica",
        "oneway": "yes",
        "sidewalk:left": "no",
        "sidewalk:right": "separate",
        "surface": "asphalt"
      },
      "geometry": {
        "type": "LineString",
        "coordinates": [
          [
            -43.1724622,
            -22.9645722
          ],
          [
            -43.1726203,
            -22.9645788
          ],
          [
            -43.1727614,
            -22.9646261
          ],
          [
            -43.1729082,
            -22.9646817
          ],
          [
            -43.1731379,
            -22.9647743
          ],
          [
            -43.1731955,
            -22.9647952
          ],
          [
            -43.1732445,
            -22.9647931
          ],
          [
            -43.1732809,
            -22.9647864
          ],
          [
            -43.173331,
            -22.9647677
          ],
          [
            -43.1733872,
            -22.9647356
          ],
          [
            -43.173455,
            -22.9647011
          ]
        ]
      },
      "id": "way/850100175"
    },
    {
      "type": "Feature",
      "properties": {
        "@id": "way/856599930",
        "IPP:CodLogradouro": "078741",
        "foot": "yes",
        "highway": "trunk",
        "lanes": "4",
        "lit": "yes",
        "maxspeed": "70",
        "name": "Avenida Pasteur",
        "old_name": "Rua Pedreira de Botafogo;Praia Suzano;Praia de Santa Cecília;Porto de Martim Affonso;Praia Vermelha;Praia da Saudade",
        "oneway": "yes",
        "postal_code": "22290-902",
        "surface": "asphalt"
      },
      "geometry": {
        "type": "LineString",
        "coordinates": [
          [
            -43.1767188,
            -22.9503195
          ],
          [
            -43.1769318,
            -22.9501824
          ]
        ]
      },
      "id": "way/856599930"
    },
    {
      "type": "Feature",
      "properties": {
        "@id": "way/858821549",
        "cycleway:right": "no",
        "highway": "secondary",
        "lanes": "2",
        "lit": "yes",
        "name": "Rua Fernando Ferrari",
        "oneway": "yes",
        "parking:lane:both": "no_stopping",
        "postal_code": "22231-040",
        "surface": "asphalt"
      },
      "geometry": {
        "type": "LineString",
        "coordinates": [
          [
            -43.1818451,
            -22.9433075
          ],
          [
            -43.1818762,
            -22.9430338
          ],
          [
            -43.1819049,
            -22.9429417
          ],
          [
            -43.1819387,
            -22.9428457
          ],
          [
            -43.1820379,
            -22.9426767
          ],
          [
            -43.1821469,
            -22.9425249
          ],
          [
            -43.1821793,
            -22.9424878
          ],
          [
            -43.1822045,
            -22.9424462
          ],
          [
            -43.1822166,
            -22.9424175
          ],
          [
            -43.1822254,
            -22.9423878
          ],
          [
            -43.1822535,
            -22.9423222
          ]
        ]
      },
      "id": "way/858821549"
    },
    {
      "type": "Feature",
      "properties": {
        "@id": "way/910943223",
        "highway": "trunk",
        "lanes": "3",
        "maxspeed:type": "BR:trunk",
        "name": "Avenida Princesa Isabel",
        "oneway": "yes",
        "surface": "paved"
      },
      "geometry": {
        "type": "LineString",
        "coordinates": [
          [
            -43.1734269,
            -22.9647534
          ],
          [
            -43.173455,
            -22.9647011
          ]
        ]
      },
      "id": "way/910943223"
    },
    {
      "type": "Feature",
      "properties": {
        "@id": "way/912811555",
        "IPP:CodLogradouro": "067082",
        "cycleway:right": "no",
        "highway": "primary",
        "lanes": "4",
        "name": "Praia de Botafogo",
        "old_name": "Praia João de Sousa do PAA 4.047;Praia Francisco Velho",
        "oneway": "yes",
        "parking_lane": "left",
        "postal_code": "22250-040",
        "surface": "asphalt"
      },
      "geometry": {
        "type": "LineString",
        "coordinates": [
          [
            -43.1824965,
            -22.9476812
          ],
          [
            -43.1824253,
            -22.9479634
          ],
          [
            -43.1823474,
            -22.9482976
          ]
        ]
      },
      "id": "way/912811555"
    },
    {
      "type": "Feature",
      "properties": {
        "@id": "way/916054154",
        "highway": "tertiary_link",
        "lanes": "2",
        "layer": "-1",
        "oneway": "no",
        "surface": "paved",
        "tunnel": "building_passage"
      },
      "geometry": {
        "type": "LineString",
        "coordinates": [
          [
            -43.1755219,
            -22.9571244
          ],
          [
            -43.1755608,
            -22.9570857
          ],
          [
            -43.1757774,
            -22.9569571
          ]
        ]
      },
      "id": "way/916054154"
    },
    {
      "type": "Feature",
      "properties": {
        "@id": "way/917856572",
        "highway": "tertiary",
        "lanes": "2",
        "lit": "yes",
        "maxspeed": "40",
        "name": "Avenida Pasteur",
        "old_name": "Rua Pedreira de Botafogo;Praia Suzano;Praia de Santa Cecília;Porto de Martim Affonso;Praia Vermelha;Praia da Saudade",
        "oneway": "yes",
        "parking:lane:left": "no_stopping",
        "parking:lane:right": "no_parking",
        "surface": "asphalt"
      },
      "geometry": {
        "type": "LineString",
        "coordinates": [
          [
            -43.1742171,
            -22.9518921
          ],
          [
            -43.1734133,
            -22.9523851
          ],
          [
            -43.1731768,
            -22.9525301
          ],
          [
            -43.1729495,
            -22.9526787
          ],
          [
            -43.1728967,
            -22.9527106
          ],
          [
            -43.172843,
            -22.9527424
          ]
        ]
      },
      "id": "way/917856572"
    },
    {
      "type": "Feature",
      "properties": {
        "@id": "way/917856573",
        "highway": "tertiary",
        "lanes": "2",
        "lit": "yes",
        "maxspeed": "40",
        "name": "Avenida Pasteur",
        "old_name": "Rua Pedreira de Botafogo;Praia Suzano;Praia de Santa Cecília;Porto de Martim Affonso;Praia Vermelha;Praia da Saudade",
        "oneway": "yes",
        "parking:lane:left": "no_stopping",
        "parking:lane:right": "no_parking",
        "surface": "asphalt"
      },
      "geometry": {
        "type": "LineString",
        "coordinates": [
          [
            -43.1752598,
            -22.9516334
          ],
          [
            -43.1751497,
            -22.9515198
          ],
          [
            -43.1750847,
            -22.9514674
          ],
          [
            -43.1750391,
            -22.9514408
          ],
          [
            -43.1749848,
            -22.9514359
          ],
          [
            -43.1749244,
            -22.9514507
          ],
          [
            -43.1748614,
            -22.9514803
          ],
          [
            -43.1742171,
            -22.9518921
          ]
        ]
      },
      "id": "way/917856573"
    },
    {
      "type": "Feature",
      "properties": {
        "@id": "way/917856574",
        "highway": "tertiary",
        "lanes": "2",
        "lit": "yes",
        "maxspeed": "40",
        "name": "Avenida Pasteur",
        "old_name": "Rua Pedreira de Botafogo;Praia Suzano;Praia de Santa Cecília;Porto de Martim Affonso;Praia Vermelha;Praia da Saudade",
        "oneway": "yes",
        "parking:condition:left": "free",
        "parking:lane:left": "parallel",
        "parking:lane:right": "no_parking",
        "parking_lane": "left",
        "surface": "asphalt"
      },
      "geometry": {
        "type": "LineString",
        "coordinates": [
          [
            -43.1741378,
            -22.9517701
          ],
          [
            -43.174805,
            -22.9513903
          ]
        ]
      },
      "id": "way/917856574"
    },
    {
      "type": "Feature",
      "properties": {
        "@id": "way/917999872",
        "IPP:CodLogradouro": "093278",
        "alt_name": "Avenida Infante Dom Henrique",
        "foot": "yes",
        "highway": "trunk",
        "lanes": "4",
        "lanes:backward:conditional": "2 @ (Mo-Fr 7:00-10:00)",
        "name": "Avenida das Nações Unidas",
        "oneway": "yes",
        "parking_lane": "no",
        "postal_code": "20021-140",
        "surface": "asphalt"
      },
      "geometry": {
        "type": "LineString",
        "coordinates": [
          [
            -43.1802906,
            -22.9500088
          ],
          [
            -43.1801282,
            -22.950402
          ]
        ]
      },
      "id": "way/917999872"
    },
    {
      "type": "Feature",
      "properties": {
        "@id": "way/953562699",
        "IPP:CodLogradouro": "093278",
        "cycleway:right": "no",
        "description": "Praia de Botafogo (pista lateral)",
        "highway": "primary",
        "lanes": "2",
        "name": "Praia de Botafogo",
        "old_name": "Praia João de Sousa do PAA 4.047;Praia Francisco Velho",
        "oneway": "yes",
        "postal_code": "22250-150",
        "surface": "paved"
      },
      "geometry": {
        "type": "LineString",
        "coordinates": [
          [
            -43.1820037,
            -22.9483318
          ],
          [
            -43.1820554,
            -22.9481576
          ],
          [
            -43.1821401,
            -22.9477869
          ]
        ]
      },
      "id": "way/953562699"
    },
    {
      "type": "Feature",
      "properties": {
        "@id": "way/953564780",
        "IPP:CodLogradouro": "093278",
        "cycleway:right": "no",
        "description": "Praia de Botafogo (pista central)",
        "highway": "primary",
        "lanes": "3",
        "name": "Praia de Botafogo",
        "old_name": "Praia João de Sousa do PAA 4.047;Praia Francisco Velho",
        "oneway": "yes",
        "parking_lane": "no",
        "postal_code": "22250-150",
        "surface": "asphalt"
      },
      "geometry": {
        "type": "LineString",
        "coordinates": [
          [
            -43.1822896,
            -22.94755
          ],
          [
            -43.1823119,
            -22.9469101
          ],
          [
            -43.1823009,
            -22.9466138
          ],
          [
            -43.1822703,
            -22.9461478
          ],
          [
            -43.1822681,
            -22.9460944
          ],
          [
            -43.1822643,
            -22.9460076
          ]
        ]
      },
      "id": "way/953564780"
    },
    {
      "type": "Feature",
      "properties": {
        "@id": "way/954670602",
        "highway": "tertiary",
        "lanes": "1",
        "name": "Rua Frei Veloso",
        "oneway": "yes",
        "surface": "asphalt"
      },
      "geometry": {
        "type": "LineString",
        "coordinates": [
          [
            -43.204309,
            -22.9587517
          ],
          [
            -43.2043295,
            -22.9587249
          ],
          [
            -43.2043847,
            -22.9586576
          ]
        ]
      },
      "id": "way/954670602"
    },
    {
      "type": "Feature",
      "properties": {
        "@id": "way/954670603",
        "highway": "trunk",
        "lanes": "2",
        "lit": "yes",
        "name": "Viaduto Saint-Hilaire",
        "oneway": "yes",
        "parking:lane:both": "no_stopping",
        "source": "Yahoo; survey",
        "surface": "asphalt"
      },
      "geometry": {
        "type": "LineString",
        "coordinates": [
          [
            -43.2043847,
            -22.9586576
          ],
          [
            -43.2043904,
            -22.958575
          ]
        ]
      },
      "id": "way/954670603"
    },
    {
      "type": "Feature",
      "properties": {
        "@id": "way/954677896",
        "IPP:CodLogradouro": "076679",
        "highway": "secondary",
        "lanes": "2",
        "lit": "yes",
        "name": "Rua Marquês de Olinda",
        "old_name": "Rua de Olinda",
        "oneway": "yes",
        "parking:lane:both": "no_parking",
        "postal_code": "22251-040",
        "surface": "asphalt"
      },
      "geometry": {
        "type": "LineString",
        "coordinates": [
          [
            -43.1837252,
            -22.9438552
          ],
          [
            -43.1829093,
            -22.9439748
          ],
          [
            -43.1822657,
            -22.9440705
          ]
        ]
      },
      "id": "way/954677896"
    },
    {
      "type": "Feature",
      "properties": {
        "@id": "way/954710912",
        "IPP:CodLogradouro": "079350",
        "cutting": "yes",
        "foot": "yes",
        "highway": "primary",
        "lanes": "2",
        "lit": "yes",
        "name": "Rua Pinheiro Machado",
        "old_name": "Rua Guanabara",
        "oneway": "yes",
        "parking:lane:left": "no_stopping",
        "parking:lane:right": "no_parking",
        "postal_code": "22231-090"
      },
      "geometry": {
        "type": "LineString",
        "coordinates": [
          [
            -43.1832066,
            -22.9390584
          ],
          [
            -43.1830911,
            -22.9394853
          ]
        ]
      },
      "id": "way/954710912"
    },
    {
      "type": "Feature",
      "properties": {
        "@id": "way/954710913",
        "IPP:CodLogradouro": "079350",
        "foot": "yes",
        "highway": "primary",
        "lanes": "2",
        "name": "Rua Pinheiro Machado",
        "old_name": "Rua Guanabara",
        "oneway": "yes",
        "parking_lane": "no",
        "postal_code": "22231-090",
        "surface": "asphalt"
      },
      "geometry": {
        "type": "LineString",
        "coordinates": [
          [
            -43.1827572,
            -22.9406362
          ],
          [
            -43.1827079,
            -22.9408187
          ]
        ]
      },
      "id": "way/954710913"
    },
    {
      "type": "Feature",
      "properties": {
        "@id": "way/954978811",
        "cycleway:right": "no",
        "highway": "secondary",
        "lanes": "4",
        "name": "Rua São Clemente",
        "oneway": "yes",
        "source": "Yahoo; survey",
        "surface": "asphalt"
      },
      "geometry": {
        "type": "LineString",
        "coordinates": [
          [
            -43.1834423,
            -22.949217
          ],
          [
            -43.1838245,
            -22.9492573
          ],
          [
            -43.1840502,
            -22.9492812
          ],
          [
            -43.184104,
            -22.9492854
          ],
          [
            -43.1842408,
            -22.9493
          ]
        ]
      },
      "id": "way/954978811"
    },
    {
      "type": "Feature",
      "properties": {
        "@id": "way/954994613",
        "IPP:CodLogradouro": "188532",
        "cycleway:right": "no",
        "fixme": "Should be duplicated with two oneway=yes ways.",
        "highway": "tertiary",
        "lanes": "1",
        "lit": "yes",
        "name": "Rua Nelson Mandela",
        "oneway": "yes",
        "parking:lane:both": "no_stopping",
        "postal_code": "22713-588",
        "surface": "asphalt"
      },
      "geometry": {
        "type": "LineString",
        "coordinates": [
          [
            -43.1841357,
            -22.9513156
          ],
          [
            -43.1841583,
            -22.9514455
          ],
          [
            -43.1841109,
            -22.9516159
          ],
          [
            -43.1840437,
            -22.951863
          ],
          [
            -43.1840029,
            -22.9520032
          ],
          [
            -43.1839943,
            -22.9520506
          ],
          [
            -43.1840034,
            -22.9521012
          ],
          [
            -43.1840136,
            -22.9521454
          ],
          [
            -43.1840345,
            -22.9521892
          ]
        ]
      },
      "id": "way/954994613"
    },
    {
      "type": "Feature",
      "properties": {
        "@id": "way/954994614",
        "highway": "secondary",
        "lanes": "3",
        "maxspeed": "60",
        "name": "Rua Voluntários da Pátria",
        "old_name": "Rua Nova de São Joaquim",
        "oneway": "yes",
        "source": "Yahoo; survey",
        "surface": "asphalt"
      },
      "geometry": {
        "type": "LineString",
        "coordinates": [
          [
            -43.1841357,
            -22.9513156
          ],
          [
            -43.1841059,
            -22.9513022
          ]
        ]
      },
      "id": "way/954994614"
    },
    {
      "type": "Feature",
      "properties": {
        "@id": "way/955061036",
        "IPP:CodLogradouro": "067082",
        "highway": "primary",
        "lanes": "4",
        "name": "Praia de Botafogo",
        "old_name": "Praia João de Sousa do PAA 4.047;Praia Francisco Velho",
        "oneway": "yes",
        "parking_lane": "left",
        "postal_code": "22250-040",
        "surface": "asphalt"
      },
      "geometry": {
        "type": "LineString",
        "coordinates": [
          [
            -43.1821964,
            -22.9444539
          ],
          [
            -43.1823292,
            -22.9449451
          ],
          [
            -43.1824121,
            -22.9452605
          ],
          [
            -43.1824693,
            -22.9455756
          ],
          [
            -43.1825233,
            -22.9458459
          ],
          [
            -43.1825539,
            -22.9460131
          ]
        ]
      },
      "id": "way/955061036"
    },
    {
      "type": "Feature",
      "properties": {
        "@id": "way/955349083",
        "IPP:CodLogradouro": "065748",
        "highway": "tertiary",
        "lanes": "3",
        "name": "Rua Arnaldo Quintela",
        "old_name": "Rua Dona Polixena",
        "oneway": "yes",
        "parking_lane": "left",
        "postal_code": "22280-070",
        "surface": "asphalt"
      },
      "geometry": {
        "type": "LineString",
        "coordinates": [
          [
            -43.1817515,
            -22.9546883
          ],
          [
            -43.1812776,
            -22.9544784
          ],
          [
            -43.1812299,
            -22.9544562
          ],
          [
            -43.1811408,
            -22.9543852
          ]
        ]
      },
      "id": "way/955349083"
    },
    {
      "type": "Feature",
      "properties": {
        "@id": "way/955357301",
        "destination": "Botafogo;Copacabana",
        "highway": "primary_link",
        "lanes": "2",
        "lit": "yes",
        "name": "Rua Clotilde Guimarães",
        "oneway": "yes",
        "surface": "asphalt"
      },
      "geometry": {
        "type": "LineString",
        "coordinates": [
          [
            -43.1808952,
            -22.9513815
          ],
          [
            -43.1809644,
            -22.9515123
          ]
        ]
      },
      "id": "way/955357301"
    },
    {
      "type": "Feature",
      "properties": {
        "@id": "way/955444018",
        "IPP:CodLogradouro": "093278",
        "highway": "primary",
        "lanes": "4",
        "lit": "yes",
        "name": "Avenida Rui Barbosa",
        "old_name": "Rua Duque Estrada Teixeira;Avenida do Contorno",
        "oneway": "yes",
        "parking_lane": "left",
        "postal_code": "22250-020",
        "surface": "asphalt"
      },
      "geometry": {
        "type": "LineString",
        "coordinates": [
          [
            -43.1778427,
            -22.9419375
          ],
          [
            -43.1777217,
            -22.9419953
          ],
          [
            -43.1776282,
            -22.942043
          ],
          [
            -43.1775315,
            -22.9421067
          ],
          [
            -43.1771325,
            -22.9424058
          ],
          [
            -43.177097,
            -22.9424333
          ],
          [
            -43.1769258,
            -22.9425664
          ]
        ]
      },
      "id": "way/955444018"
    },
    {
      "type": "Feature",
      "properties": {
        "@id": "way/955829697",
        "IPP:CodLogradouro": "083717",
        "highway": "tertiary",
        "lanes": "2",
        "name": "Rua Visconde de Silva",
        "oneway": "yes",
        "postal_code": "22271-090",
        "surface": "asphalt"
      },
      "geometry": {
        "type": "LineString",
        "coordinates": [
          [
            -43.1944198,
            -22.9576058
          ],
          [
            -43.1952112,
            -22.9578691
          ],
          [
            -43.1956525,
            -22.9580093
          ],
          [
            -43.1959639,
            -22.9580753
          ]
        ]
      },
      "id": "way/955829697"
    },
    {
      "type": "Feature",
      "properties": {
        "@id": "way/955845355",
        "highway": "secondary",
        "lanes": "4",
        "maxheight": "3.8",
        "name": "Rua Humaitá",
        "oneway": "yes",
        "surface": "asphalt"
      },
      "geometry": {
        "type": "LineString",
        "coordinates": [
          [
            -43.1981849,
            -22.9558464
          ],
          [
            -43.1982708,
            -22.9560161
          ],
          [
            -43.1984484,
            -22.9563612
          ]
        ]
      },
      "id": "way/955845355"
    },
    {
      "type": "Feature",
      "properties": {
        "@id": "way/955845356",
        "highway": "secondary",
        "lanes": "3",
        "maxheight": "3.8",
        "name": "Rua Humaitá",
        "oneway": "yes",
        "surface": "asphalt"
      },
      "geometry": {
        "type": "LineString",
        "coordinates": [
          [
            -43.1985619,
            -22.9565647
          ],
          [
            -43.1986358,
            -22.9567154
          ],
          [
            -43.1986786,
            -22.9568027
          ],
          [
            -43.1989991,
            -22.9572505
          ],
          [
            -43.1991213,
            -22.9574254
          ],
          [
            -43.199206,
            -22.957545
          ],
          [
            -43.1993173,
            -22.9577021
          ]
        ]
      },
      "id": "way/955845356"
    },
    {
      "type": "Feature",
      "properties": {
        "@id": "way/955853230",
        "highway": "tertiary",
        "lanes": "2",
        "name": "Rua Arnaldo Quintela",
        "old_name": "Rua Dona Polixena",
        "oneway": "yes",
        "parking_lane": "left",
        "postal_code": "22280-070",
        "surface": "asphalt"
      },
      "geometry": {
        "type": "LineString",
        "coordinates": [
          [
            -43.1852553,
            -22.9560583
          ],
          [
            -43.1851138,
            -22.9560612
          ],
          [
            -43.1850579,
            -22.9560624
          ],
          [
            -43.1849615,
            -22.9560644
          ]
        ]
      },
      "id": "way/955853230"
    },
    {
      "type": "Feature",
      "properties": {
        "@id": "way/955853231",
        "highway": "tertiary_link",
        "lanes": "1",
        "oneway": "yes"
      },
      "geometry": {
        "type": "LineString",
        "coordinates": [
          [
            -43.2042399,
            -22.9607123
          ],
          [
            -43.2042497,
            -22.9607457
          ],
          [
            -43.2042737,
            -22.9608075
          ]
        ]
      },
      "id": "way/955853231"
    },
    {
      "type": "Feature",
      "properties": {
        "@id": "way/956960209",
        "highway": "tertiary",
        "lanes": "1",
        "maxspeed": "70",
        "name": "Rua Fonte da Saudade",
        "oneway": "yes",
        "surface": "asphalt"
      },
      "geometry": {
        "type": "LineString",
        "coordinates": [
          [
            -43.2023342,
            -22.9601109
          ],
          [
            -43.2021217,
            -22.9599501
          ]
        ]
      },
      "id": "way/956960209"
    },
    {
      "type": "Feature",
      "properties": {
        "@id": "way/956962295",
        "IPP:CodLogradouro": "077172",
        "highway": "tertiary",
        "lanes": "2",
        "name": "Rua Mena Barreto",
        "old_name": "Rua de Todos os Santos;Rua General Menna Barreto",
        "oneway": "yes",
        "parking:lane:both": "no_parking",
        "postal_code": "22271-100",
        "surface": "asphalt"
      },
      "geometry": {
        "type": "LineString",
        "coordinates": [
          [
            -43.191366,
            -22.9564445
          ],
          [
            -43.191834,
            -22.9566575
          ],
          [
            -43.1918835,
            -22.95668
          ],
          [
            -43.1919493,
            -22.9567151
          ]
        ]
      },
      "id": "way/956962295"
    },
    {
      "type": "Feature",
      "properties": {
        "@id": "way/956962296",
        "cycleway:left": "lane",
        "highway": "tertiary",
        "lanes": "3",
        "name": "Rua Real Grandeza",
        "old_name": "Rua Sergipe;Rua Demétrio Ribeiro",
        "oneway": "yes",
        "oneway:bicycle": "no",
        "surface": "asphalt"
      },
      "geometry": {
        "type": "LineString",
        "coordinates": [
          [
            -43.1919493,
            -22.9567151
          ],
          [
            -43.1916503,
            -22.9574671
          ],
          [
            -43.1914779,
            -22.957904
          ],
          [
            -43.191445,
            -22.9579812
          ],
          [
            -43.1914342,
            -22.9580952
          ]
        ]
      },
      "id": "way/956962296"
    },
    {
      "type": "Feature",
      "properties": {
        "@id": "way/956962298",
        "IPP:CodLogradouro": "077172",
        "highway": "tertiary",
        "lanes": "2",
        "name": "Rua Mena Barreto",
        "old_name": "Rua de Todos os Santos;Rua General Menna Barreto",
        "oneway": "yes",
        "parking:lane:both": "no_parking",
        "postal_code": "22271-100",
        "surface": "asphalt"
      },
      "geometry": {
        "type": "LineString",
        "coordinates": [
          [
            -43.1894338,
            -22.9555741
          ],
          [
            -43.1898916,
            -22.9557733
          ],
          [
            -43.1899752,
            -22.9558097
          ]
        ]
      },
      "id": "way/956962298"
    },
    {
      "type": "Feature",
      "properties": {
        "@id": "way/956970484",
        "highway": "tertiary",
        "lanes": "3",
        "lit": "yes",
        "name": "Rua Visconde de Silva",
        "oneway": "yes",
        "surface": "asphalt"
      },
      "geometry": {
        "type": "LineString",
        "coordinates": [
          [
            -43.1959639,
            -22.9580753
          ],
          [
            -43.1960504,
            -22.9580818
          ],
          [
            -43.19663,
            -22.958193
          ],
          [
            -43.1969436,
            -22.9582346
          ]
        ]
      },
      "id": "way/956970484"
    },
    {
      "type": "Feature",
      "properties": {
        "@id": "way/958967906",
        "IPP:CodLogradouro": "188532",
        "cycleway:right": "no",
        "fixme": "Should be duplicated with two oneway=yes ways.",
        "highway": "tertiary",
        "lanes": "1",
        "lit": "yes",
        "name": "Rua Nelson Mandela",
        "oneway": "yes",
        "parking:lane:both": "no_stopping",
        "postal_code": "22713-588",
        "surface": "asphalt"
      },
      "geometry": {
        "type": "LineString",
        "coordinates": [
          [
            -43.1840901,
            -22.951432
          ],
          [
            -43.1841059,
            -22.9513022
          ]
        ]
      },
      "id": "way/958967906"
    },
    {
      "type": "Feature",
      "properties": {
        "@id": "way/962333019",
        "highway": "secondary",
        "lanes": "3",
        "maxheight": "3.8",
        "name": "Rua Humaitá",
        "oneway": "yes",
        "surface": "asphalt"
      },
      "geometry": {
        "type": "LineString",
        "coordinates": [
          [
            -43.1984484,
            -22.9563612
          ],
          [
            -43.1985619,
            -22.9565647
          ]
        ]
      },
      "id": "way/962333019"
    },
    {
      "type": "Feature",
      "properties": {
        "@id": "way/962334802",
        "highway": "secondary",
        "lanes": "4",
        "maxheight": "3.8",
        "name": "Rua Humaitá",
        "oneway": "yes",
        "surface": "asphalt"
      },
      "geometry": {
        "type": "LineString",
        "coordinates": [
          [
            -43.2002073,
            -22.9588308
          ],
          [
            -43.200261,
            -22.9588671
          ],
          [
            -43.2005941,
            -22.9590296
          ],
          [
            -43.2008012,
            -22.9591306
          ]
        ]
      },
      "id": "way/962334802"
    },
    {
      "type": "Feature",
      "properties": {
        "@id": "way/962335303",
        "highway": "secondary",
        "lanes": "3",
        "maxheight": "3.8",
        "name": "Rua Humaitá",
        "oneway": "yes",
        "surface": "asphalt"
      },
      "geometry": {
        "type": "LineString",
        "coordinates": [
          [
            -43.2033514,
            -22.9601872
          ],
          [
            -43.2039025,
            -22.9602358
          ],
          [
            -43.2039636,
            -22.9602299
          ]
        ]
      },
      "id": "way/962335303"
    },
    {
      "type": "Feature",
      "properties": {
        "@id": "way/963000473",
        "check_date:surface": "2023-07-30",
        "cycleway:right": "no",
        "highway": "secondary",
        "lanes": "4",
        "lanes:psv:forward:conditional": "2 @ (Mo-Fr 06:00-21:00;Sa 06:00-14:00)",
        "lit": "yes",
        "maxspeed": "60",
        "name": "Avenida Nossa Senhora de Copacabana",
        "oneway": "yes",
        "sidewalk": "both",
        "surface": "asphalt"
      },
      "geometry": {
        "type": "LineString",
        "coordinates": [
          [
            -43.1767991,
            -22.9651674
          ],
          [
            -43.1766932,
            -22.9651192
          ],
          [
            -43.1759319,
            -22.9647821
          ],
          [
            -43.1757657,
            -22.9647058
          ],
          [
            -43.1756583,
            -22.964661
          ],
          [
            -43.174928,
            -22.9643377
          ],
          [
            -43.1747791,
            -22.9642721
          ]
        ]
      },
      "id": "way/963000473"
    },
    {
      "type": "Feature",
      "properties": {
        "@id": "way/969711055",
        "highway": "primary_link",
        "oneway": "yes"
      },
      "geometry": {
        "type": "LineString",
        "coordinates": [
          [
            -43.1766444,
            -22.9411082
          ],
          [
            -43.1768838,
            -22.9411546
          ],
          [
            -43.1770621,
            -22.9411657
          ]
        ]
      },
      "id": "way/969711055"
    },
    {
      "type": "Feature",
      "properties": {
        "@id": "way/991851265",
        "highway": "tertiary_link",
        "oneway": "yes"
      },
      "geometry": {
        "type": "LineString",
        "coordinates": [
          [
            -43.1759115,
            -22.9580062
          ],
          [
            -43.1759489,
            -22.9580086
          ],
          [
            -43.1759821,
            -22.9580221
          ],
          [
            -43.1760144,
            -22.9580357
          ],
          [
            -43.1760531,
            -22.9580372
          ],
          [
            -43.1760917,
            -22.9580304
          ],
          [
            -43.1761258,
            -22.9580128
          ]
        ]
      },
      "id": "way/991851265"
    },
    {
      "type": "Feature",
      "properties": {
        "@id": "way/1008709624",
        "highway": "secondary",
        "lanes": "3",
        "maxspeed": "60",
        "name": "Rua Voluntários da Pátria",
        "old_name": "Rua Nova de São Joaquim",
        "oneway": "yes",
        "source": "Yahoo; survey",
        "surface": "asphalt"
      },
      "geometry": {
        "type": "LineString",
        "coordinates": [
          [
            -43.1817552,
            -22.9505052
          ],
          [
            -43.181669,
            -22.9504703
          ]
        ]
      },
      "id": "way/1008709624"
    },
    {
      "type": "Feature",
      "properties": {
        "@id": "way/1008905706",
        "highway": "tertiary",
        "lanes": "2",
        "name": "Rua Doutor Sampaio Corrêa",
        "old_name": "Rua Sergipe;Rua Demétrio Ribeiro",
        "oneway": "yes",
        "surface": "asphalt"
      },
      "geometry": {
        "type": "LineString",
        "coordinates": [
          [
            -43.1906864,
            -22.9605593
          ],
          [
            -43.1907851,
            -22.9608744
          ],
          [
            -43.1908398,
            -22.961034
          ],
          [
            -43.1908869,
            -22.9611893
          ]
        ]
      },
      "id": "way/1008905706"
    },
    {
      "type": "Feature",
      "properties": {
        "@id": "way/1008930751",
        "IPP:CodLogradouro": "188532",
        "cycleway:both": "no",
        "highway": "tertiary",
        "lanes": "2",
        "lit": "yes",
        "name": "Rua Nelson Mandela",
        "oneway": "yes",
        "parking:lane:left": "diagonal",
        "parking:lane:right": "no_parking",
        "postal_code": "22251-090",
        "surface": "asphalt"
      },
      "geometry": {
        "type": "LineString",
        "coordinates": [
          [
            -43.1841652,
            -22.9507912
          ],
          [
            -43.1841472,
            -22.9511231
          ]
        ]
      },
      "id": "way/1008930751"
    },
    {
      "type": "Feature",
      "properties": {
        "@id": "way/1009918790",
        "IPP:CodLogradouro": "188532",
        "cycleway:right": "no",
        "fixme": "Should be duplicated with two oneway=yes ways.",
        "highway": "tertiary",
        "lanes": "1",
        "lit": "yes",
        "name": "Rua Nelson Mandela",
        "oneway": "yes",
        "parking:lane:both": "no_stopping",
        "postal_code": "22713-588",
        "surface": "asphalt"
      },
      "geometry": {
        "type": "LineString",
        "coordinates": [
          [
            -43.1839766,
            -22.9519412
          ],
          [
            -43.1840782,
            -22.9514807
          ]
        ]
      },
      "id": "way/1009918790"
    },
    {
      "type": "Feature",
      "properties": {
        "@id": "way/1009984228",
        "highway": "secondary",
        "lanes": "4",
        "lanes:psv:forward:conditional": "2 @ (Mo-Fr 6:00-21:00;Sa 6:00-14:00)",
        "lit": "yes",
        "maxspeed": "60",
        "name": "Rua Barata Ribeiro",
        "oneway": "yes",
        "parking:lane:left": "parallel",
        "parking:lane:left:conditional": "no_parking @ (Mo-Fr 6:00-21:00;Sa 6:00-14:00)",
        "sidewalk": "both",
        "surface": "asphalt"
      },
      "geometry": {
        "type": "LineString",
        "coordinates": [
          [
            -43.1860294,
            -22.9688167
          ],
          [
            -43.1867913,
            -22.9692945
          ]
        ]
      },
      "id": "way/1009984228"
    },
    {
      "type": "Feature",
      "properties": {
        "@id": "way/1009984230",
        "bicycle": "designated",
        "highway": "tertiary",
        "lanes": "3",
        "lit": "yes",
        "name": "Rua Tonelero",
        "oneway": "yes",
        "parking:lane:both": "no_parking",
        "sidewalk": "both",
        "surface": "asphalt"
      },
      "geometry": {
        "type": "LineString",
        "coordinates": [
          [
            -43.1841081,
            -22.9660994
          ],
          [
            -43.1843854,
            -22.9662397
          ],
          [
            -43.1851834,
            -22.9666237
          ],
          [
            -43.1857226,
            -22.9668846
          ],
          [
            -43.1860793,
            -22.9670791
          ],
          [
            -43.1861913,
            -22.9671348
          ]
        ]
      },
      "id": "way/1009984230"
    },
    {
      "type": "Feature",
      "properties": {
        "@id": "way/1010069098",
        "highway": "secondary",
        "lanes": "4",
        "lanes:psv:forward:conditional": "2 @ (Mo-Fr 6:00-21:00;Sa 6:00-14:00)",
        "maxspeed": "60",
        "name": "Avenida Nossa Senhora de Copacabana",
        "oneway": "yes",
        "surface": "asphalt"
      },
      "geometry": {
        "type": "LineString",
        "coordinates": [
          [
            -43.1872333,
            -22.9714995
          ],
          [
            -43.187149,
            -22.9714077
          ],
          [
            -43.1870238,
            -22.9712749
          ],
          [
            -43.1869016,
            -22.9711539
          ]
        ]
      },
      "id": "way/1010069098"
    },
    {
      "type": "Feature",
      "properties": {
        "@id": "way/1010069100",
        "highway": "tertiary",
        "lanes": "2",
        "lit": "yes",
        "maxspeed": "60",
        "name": "Rua Professor Abelardo Lôbo",
        "oneway": "yes",
        "source": "survey",
        "surface": "asphalt"
      },
      "geometry": {
        "type": "LineString",
        "coordinates": [
          [
            -43.2041958,
            -22.9607368
          ],
          [
            -43.2042309,
            -22.9607664
          ],
          [
            -43.2042737,
            -22.9608075
          ],
          [
            -43.2049229,
            -22.9614137
          ],
          [
            -43.205142,
            -22.9616634
          ],
          [
            -43.2052032,
            -22.9617163
          ],
          [
            -43.2052669,
            -22.9617497
          ],
          [
            -43.2053807,
            -22.9617931
          ],
          [
            -43.2054962,
            -22.9618287
          ]
        ]
      },
      "id": "way/1010069100"
    },
    {
      "type": "Feature",
      "properties": {
        "@id": "way/1010069104",
        "highway": "tertiary",
        "lanes": "3",
        "lit": "yes",
        "maxheight": "3.8",
        "name": "Rua Professor Abelardo Lôbo",
        "oneway": "yes",
        "source": "survey",
        "surface": "asphalt"
      },
      "geometry": {
        "type": "LineString",
        "coordinates": [
          [
            -43.2041697,
            -22.9608212
          ],
          [
            -43.2041145,
            -22.960774
          ]
        ]
      },
      "id": "way/1010069104"
    },
    {
      "type": "Feature",
      "properties": {
        "@id": "way/1017920404",
        "highway": "secondary",
        "lanes": "4",
        "maxheight": "3.8",
        "name": "Rua Humaitá",
        "oneway": "yes",
        "surface": "asphalt"
      },
      "geometry": {
        "type": "LineString",
        "coordinates": [
          [
            -43.2008012,
            -22.9591306
          ],
          [
            -43.2023401,
            -22.9598813
          ],
          [
            -43.2026722,
            -22.9600267
          ]
        ]
      },
      "id": "way/1017920404"
    },
    {
      "type": "Feature",
      "properties": {
        "@id": "way/1018799019",
        "cycleway:right": "no",
        "highway": "secondary",
        "lanes": "4",
        "lanes:psv:forward:conditional": "2 @ (Mo-Fr 06:00-21:00; Sa 06:00-14:00)",
        "lit": "yes",
        "maxspeed": "60",
        "name": "Avenida Nossa Senhora de Copacabana",
        "oneway": "yes",
        "sidewalk": "both",
        "surface": "asphalt"
      },
      "geometry": {
        "type": "LineString",
        "coordinates": [
          [
            -43.1846193,
            -22.9691333
          ],
          [
            -43.1844854,
            -22.9690473
          ],
          [
            -43.1840063,
            -22.9687397
          ]
        ]
      },
      "id": "way/1018799019"
    },
    {
      "type": "Feature",
      "properties": {
        "@id": "way/1018817425",
        "highway": "tertiary",
        "lanes": "2",
        "maxspeed": "30",
        "name": "Avenida Prado Júnior",
        "oneway": "yes",
        "sidewalk": "both",
        "surface": "paved"
      },
      "geometry": {
        "type": "LineString",
        "coordinates": [
          [
            -43.1757351,
            -22.9623422
          ],
          [
            -43.1754801,
            -22.9628563
          ]
        ]
      },
      "id": "way/1018817425"
    },
    {
      "type": "Feature",
      "properties": {
        "@id": "way/1025914357",
        "IPP:CodLogradouro": "078741",
        "foot": "yes",
        "highway": "trunk",
        "lanes": "4",
        "lit": "yes",
        "maxspeed": "70",
        "name": "Avenida Pasteur",
        "old_name": "Rua Pedreira de Botafogo;Praia Suzano;Praia de Santa Cecília;Porto de Martim Affonso;Praia Vermelha;Praia da Saudade",
        "oneway": "yes",
        "postal_code": "22290-902",
        "surface": "asphalt"
      },
      "geometry": {
        "type": "LineString",
        "coordinates": [
          [
            -43.1760696,
            -22.9507022
          ],
          [
            -43.1767188,
            -22.9503195
          ]
        ]
      },
      "id": "way/1025914357"
    },
    {
      "type": "Feature",
      "properties": {
        "@id": "way/1025914358",
        "IPP:CodLogradouro": "077172",
        "highway": "tertiary",
        "lanes": "2",
        "name": "Rua Professor Álvaro Rodrigues",
        "oneway": "yes",
        "postal_code": "22271-100",
        "surface": "asphalt"
      },
      "geometry": {
        "type": "LineString",
        "coordinates": [
          [
            -43.1859437,
            -22.9538221
          ],
          [
            -43.1865267,
            -22.9542702
          ],
          [
            -43.1867851,
            -22.9543812
          ]
        ]
      },
      "id": "way/1025914358"
    },
    {
      "type": "Feature",
      "properties": {
        "@id": "way/1025914362",
        "IPP:CodLogradouro": "079343",
        "highway": "tertiary",
        "lanes": "2",
        "lit": "yes",
        "name": "Rua Pinheiro Guimarães",
        "oneway": "yes",
        "postal_code": "22281-080",
        "surface": "asphalt"
      },
      "geometry": {
        "type": "LineString",
        "coordinates": [
          [
            -43.1949659,
            -22.9585499
          ],
          [
            -43.1942288,
            -22.9584422
          ],
          [
            -43.1941962,
            -22.9584375
          ],
          [
            -43.1941203,
            -22.9584264
          ],
          [
            -43.1932043,
            -22.9582917
          ],
          [
            -43.1923237,
            -22.9581591
          ],
          [
            -43.1919205,
            -22.9580871
          ],
          [
            -43.1917249,
            -22.9580866
          ]
        ]
      },
      "id": "way/1025914362"
    },
    {
      "type": "Feature",
      "properties": {
        "@id": "way/1026508320",
        "bicycle": "designated",
        "highway": "tertiary",
        "lanes": "2",
        "lit": "yes",
        "maxspeed": "40",
        "name": "Rua Cosme Velho",
        "oneway": "no",
        "sidewalk": "both",
        "surface": "asphalt"
      },
      "geometry": {
        "type": "LineString",
        "coordinates": [
          [
            -43.1980396,
            -22.9404824
          ],
          [
            -43.1979959,
            -22.9404942
          ],
          [
            -43.1978129,
            -22.9405423
          ]
        ]
      },
      "id": "way/1026508320"
    },
    {
      "type": "Feature",
      "properties": {
        "@id": "way/1026508321",
        "bicycle": "designated",
        "highway": "tertiary",
        "lanes": "2",
        "lit": "yes",
        "maxspeed": "40",
        "name": "Rua Cosme Velho",
        "oneway": "no",
        "sidewalk": "both",
        "surface": "asphalt"
      },
      "geometry": {
        "type": "LineString",
        "coordinates": [
          [
            -43.1992457,
            -22.9401873
          ],
          [
            -43.1991498,
            -22.9401721
          ],
          [
            -43.1990618,
            -22.9401632
          ],
          [
            -43.1990108,
            -22.940162
          ],
          [
            -43.1989667,
            -22.9401676
          ],
          [
            -43.1988911,
            -22.9401848
          ],
          [
            -43.198668,
            -22.9402791
          ],
          [
            -43.1985803,
            -22.9403162
          ],
          [
            -43.1984742,
            -22.9403552
          ],
          [
            -43.1983696,
            -22.9403901
          ],
          [
            -43.1981312,
            -22.9404577
          ],
          [
            -43.1980396,
            -22.9404824
          ]
        ]
      },
      "id": "way/1026508321"
    },
    {
      "type": "Feature",
      "properties": {
        "@id": "way/1028675621",
        "cycleway:right": "shoulder",
        "highway": "tertiary",
        "lanes": "2",
        "lit": "yes",
        "name": "Rua Professor Álvaro Rodrigues",
        "oneway": "yes",
        "oneway:bicycle": "no",
        "parking_lane": "no",
        "source": "survey",
        "surface": "asphalt"
      },
      "geometry": {
        "type": "LineString",
        "coordinates": [
          [
            -43.1815433,
            -22.9507078
          ],
          [
            -43.1815767,
            -22.950759
          ]
        ]
      },
      "id": "way/1028675621"
    },
    {
      "type": "Feature",
      "properties": {
        "@id": "way/1028675622",
        "IPP:CodLogradouro": "188532",
        "cycleway:right": "shoulder",
        "highway": "tertiary",
        "lanes": "1",
        "name": "Rua Nelson Mandela",
        "oneway": "yes",
        "oneway:bicycle": "no",
        "postal_code": "22713-588"
      },
      "geometry": {
        "type": "LineString",
        "coordinates": [
          [
            -43.1837755,
            -22.9520725
          ],
          [
            -43.1838182,
            -22.9520734
          ],
          [
            -43.1838556,
            -22.9520638
          ],
          [
            -43.183887,
            -22.9520489
          ]
        ]
      },
      "id": "way/1028675622"
    },
    {
      "type": "Feature",
      "properties": {
        "@id": "way/1030981224",
        "highway": "tertiary",
        "lanes": "2",
        "name": "Rua Lauro Müller",
        "old_name": "Rua Itapemirim",
        "oneway": "no",
        "parking_lane": "no",
        "source": "survey",
        "surface": "asphalt"
      },
      "geometry": {
        "type": "LineString",
        "coordinates": [
          [
            -43.1761788,
            -22.9567152
          ],
          [
            -43.1762696,
            -22.9566613
          ]
        ]
      },
      "id": "way/1030981224"
    },
    {
      "type": "Feature",
      "properties": {
        "@id": "way/1030981244",
        "highway": "tertiary_link",
        "level": "5",
        "oneway": "yes",
        "tunnel": "building_passage"
      },
      "geometry": {
        "type": "LineString",
        "coordinates": [
          [
            -43.1761258,
            -22.9580128
          ],
          [
            -43.1761349,
            -22.9579993
          ],
          [
            -43.1761407,
            -22.9579865
          ]
        ]
      },
      "id": "way/1030981244"
    },
    {
      "type": "Feature",
      "properties": {
        "@id": "way/1042430127",
        "highway": "tertiary",
        "lanes": "2",
        "maxspeed": "30",
        "name": "Avenida Prado Júnior",
        "oneway": "yes",
        "sidewalk": "both",
        "surface": "paved"
      },
      "geometry": {
        "type": "LineString",
        "coordinates": [
          [
            -43.1744018,
            -22.9650255
          ],
          [
            -43.1743088,
            -22.9652091
          ],
          [
            -43.1742088,
            -22.9653636
          ]
        ]
      },
      "id": "way/1042430127"
    },
    {
      "type": "Feature",
      "properties": {
        "@id": "way/1049647092",
        "highway": "tertiary",
        "lanes": "4",
        "lit": "yes",
        "maxspeed": "40",
        "name": "Rua das Laranjeiras",
        "old_name": "Rua das Larangeiras",
        "oneway": "no",
        "parking:condition:both": "free",
        "parking:lane:both": "parallel",
        "sidewalk": "both",
        "surface": "asphalt"
      },
      "geometry": {
        "type": "LineString",
        "coordinates": [
          [
            -43.1900004,
            -22.9362778
          ],
          [
            -43.190018,
            -22.9363118
          ],
          [
            -43.1900722,
            -22.9363989
          ],
          [
            -43.1900857,
            -22.9364267
          ]
        ]
      },
      "id": "way/1049647092"
    },
    {
      "type": "Feature",
      "properties": {
        "@id": "way/1049647094",
        "highway": "tertiary",
        "lanes": "4",
        "lit": "yes",
        "maxspeed": "40",
        "name": "Rua das Laranjeiras",
        "old_name": "Rua das Larangeiras",
        "oneway": "no",
        "sidewalk": "both",
        "surface": "asphalt"
      },
      "geometry": {
        "type": "LineString",
        "coordinates": [
          [
            -43.1909219,
            -22.9382846
          ],
          [
            -43.1910405,
            -22.9383344
          ]
        ]
      },
      "id": "way/1049647094"
    },
    {
      "type": "Feature",
      "properties": {
        "@id": "way/1063321872",
        "highway": "secondary",
        "lanes": "3",
        "name": "Rua Figueiredo de Magalhães",
        "oneway": "yes",
        "surface": "asphalt"
      },
      "geometry": {
        "type": "LineString",
        "coordinates": [
          [
            -43.1854969,
            -22.9708294
          ],
          [
            -43.1858946,
            -22.9703513
          ],
          [
            -43.1859845,
            -22.9702488
          ]
        ]
      },
      "id": "way/1063321872"
    },
    {
      "type": "Feature",
      "properties": {
        "@id": "way/1073120956",
        "IPP:CodLogradouro": "069435",
        "highway": "tertiary",
        "lanes": "2",
        "name": "Rua Real Grandeza",
        "old_name": "Rua Sergipe;Rua Demétrio Ribeiro",
        "oneway": "yes",
        "postal_code": "22281-032",
        "surface": "asphalt"
      },
      "geometry": {
        "type": "LineString",
        "coordinates": [
          [
            -43.1912989,
            -22.958202
          ],
          [
            -43.1912845,
            -22.958155
          ],
          [
            -43.191255,
            -22.9581144
          ],
          [
            -43.1911755,
            -22.9580449
          ]
        ]
      },
      "id": "way/1073120956"
    },
    {
      "type": "Feature",
      "properties": {
        "@id": "way/1073120957",
        "IPP:CodLogradouro": "069435",
        "highway": "tertiary",
        "lanes": "2",
        "name": "Rua Real Grandeza",
        "old_name": "Rua Sergipe;Rua Demétrio Ribeiro",
        "oneway": "yes",
        "postal_code": "22281-032",
        "surface": "asphalt"
      },
      "geometry": {
        "type": "LineString",
        "coordinates": [
          [
            -43.1907128,
            -22.9609852
          ],
          [
            -43.1906623,
            -22.9608569
          ],
          [
            -43.190618,
            -22.9607605
          ],
          [
            -43.190575,
            -22.960658
          ],
          [
            -43.1905537,
            -22.9605283
          ],
          [
            -43.1905483,
            -22.9603629
          ],
          [
            -43.1905911,
            -22.9601218
          ]
        ]
      },
      "id": "way/1073120957"
    },
    {
      "type": "Feature",
      "properties": {
        "@id": "way/1073120960",
        "cycleway:left": "shoulder",
        "highway": "tertiary",
        "lanes": "2",
        "name": "Rua Doutor Sampaio Corrêa",
        "old_name": "Rua Sergipe;Rua Demétrio Ribeiro",
        "oneway": "yes",
        "oneway:bicycle": "no",
        "surface": "asphalt"
      },
      "geometry": {
        "type": "LineString",
        "coordinates": [
          [
            -43.1908869,
            -22.9611893
          ],
          [
            -43.190978,
            -22.9614893
          ]
        ]
      },
      "id": "way/1073120960"
    },
    {
      "type": "Feature",
      "properties": {
        "@id": "way/1073120961",
        "cycleway:left": "lane",
        "highway": "tertiary",
        "lanes": "1",
        "lit": "yes",
        "name": "Praça Vereador Rocha Leão",
        "old_name": "Rua Barroso",
        "oneway": "yes",
        "oneway:bicycle": "no",
        "source": "survey",
        "surface": "asphalt"
      },
      "geometry": {
        "type": "LineString",
        "coordinates": [
          [
            -43.1905823,
            -22.964373
          ],
          [
            -43.1904705,
            -22.9644403
          ]
        ]
      },
      "id": "way/1073120961"
    },
    {
      "type": "Feature",
      "properties": {
        "@id": "way/1073120962",
        "cycleway:left": "shoulder",
        "highway": "tertiary",
        "lanes": "1",
        "lit": "yes",
        "name": "Praça Vereador Rocha Leão",
        "old_name": "Rua Barroso",
        "oneway": "yes",
        "oneway:bicycle": "no",
        "source": "survey",
        "surface": "asphalt"
      },
      "geometry": {
        "type": "LineString",
        "coordinates": [
          [
            -43.191472,
            -22.9630917
          ],
          [
            -43.191504,
            -22.9631744
          ],
          [
            -43.1915346,
            -22.9632846
          ],
          [
            -43.1915453,
            -22.9634099
          ],
          [
            -43.1915439,
            -22.9634714
          ]
        ]
      },
      "id": "way/1073120962"
    },
    {
      "type": "Feature",
      "properties": {
        "@id": "way/1073120964",
        "cycleway:left": "lane",
        "highway": "tertiary",
        "lanes": "2",
        "name": "Rua Real Grandeza",
        "old_name": "Rua Sergipe;Rua Demétrio Ribeiro",
        "oneway": "yes",
        "oneway:bicycle": "no",
        "surface": "asphalt"
      },
      "geometry": {
        "type": "LineString",
        "coordinates": [
          [
            -43.1914342,
            -22.9580952
          ],
          [
            -43.1914292,
            -22.958172
          ]
        ]
      },
      "id": "way/1073120964"
    },
    {
      "type": "Feature",
      "properties": {
        "@id": "way/1083207860",
        "highway": "tertiary_link",
        "lanes": "2",
        "level": "5",
        "surface": "paved",
        "tunnel": "building_passage"
      },
      "geometry": {
        "type": "LineString",
        "coordinates": [
          [
            -43.1761407,
            -22.9579865
          ],
          [
            -43.1761141,
            -22.9579414
          ],
          [
            -43.1760715,
            -22.9579027
          ]
        ]
      },
      "id": "way/1083207860"
    },
    {
      "type": "Feature",
      "properties": {
        "@id": "way/1083207875",
        "highway": "tertiary_link",
        "lanes": "2",
        "level": "5",
        "oneway": "yes",
        "surface": "paved",
        "tunnel": "building_passage"
      },
      "geometry": {
        "type": "LineString",
        "coordinates": [
          [
            -43.1761599,
            -22.9580215
          ],
          [
            -43.1761407,
            -22.9579865
          ]
        ]
      },
      "id": "way/1083207875"
    },
    {
      "type": "Feature",
      "properties": {
        "@id": "way/1083207879",
        "highway": "tertiary_link",
        "lanes": "2",
        "layer": "-1",
        "oneway": "yes",
        "surface": "paved"
      },
      "geometry": {
        "type": "LineString",
        "coordinates": [
          [
            -43.1761798,
            -22.9580577
          ],
          [
            -43.1761703,
            -22.9580404
          ],
          [
            -43.1761652,
            -22.9580311
          ],
          [
            -43.1761599,
            -22.9580215
          ]
        ]
      },
      "id": "way/1083207879"
    }
  ]
}