{
  "type": "FeatureCollection",
  "generator": "overpass-turbo",
  "copyright": "The data included in this document is from www.openstreetmap.org. The data is made available under ODbL.",
  "timestamp": "2024-06-22T09:04:16Z",
  "features": [
    {
      "type": "Feature",
      "properties": {
        "@id": "way/78595867",
        "highway": "trunk_link",
        "oneway": "yes"
      },
      "geometry": {
        "type": "LineString",
        "coordinates": [
          [
            113.3867579,
            23.1366069
          ],
          [
            113.3871639,
            23.1364355
          ],
          [
            113.3875579,
            23.1363146
          ],
          [
            113.3877614,
            23.1362641
          ],
          [
            113.3878661,
            23.1362368
          ]
        ]
      },
      "id": "way/78595867"
    },
    {
      "type": "Feature",
      "properties": {
        "@id": "way/79442260",
        "highway": "trunk_link",
        "oneway": "yes"
      },
      "geometry": {
        "type": "LineString",
        "coordinates": [
          [
            113.3713601,
            23.1420591
          ],
          [
            113.3714716,
            23.1422709
          ],
          [
            113.3715548,
            23.1424347
          ],
          [
            113.3716546,
            23.1425531
          ],
          [
            113.3717647,
            23.1426254
          ],
          [
            113.371867,
            23.1426669
          ],
          [
            113.3719686,
            23.1426861
          ],
          [
            113.3721001,
            23.1426854
          ],
          [
            113.3722147,
            23.1426541
          ],
          [
            113.3722989,
            23.1426112
          ],
          [
            113.3723753,
            23.1425541
          ],
          [
            113.3724527,
            23.1424203
          ],
          [
            113.3724896,
            23.1423177
          ],
          [
            113.3724917,
            23.1422257
          ],
          [
            113.372475,
            23.1421084
          ],
          [
            113.3724095,
            23.1419584
          ],
          [
            113.3722762,
            23.1418222
          ],
          [
            113.3720989,
            23.1416755
          ],
          [
            113.371899,
            23.1415902
          ],
          [
            113.3716939,
            23.1415351
          ],
          [
            113.3714981,
            23.1415038
          ],
          [
            113.3712872,
            23.1415256
          ],
          [
            113.37099,
            23.1416074
          ],
          [
            113.3696028,
            23.1421502
          ]
        ]
      },
      "id": "way/79442260"
    },
    {
      "type": "Feature",
      "properties": {
        "@id": "way/80911540",
        "highway": "tertiary",
        "name": "华景北路",
        "name:en": "Huajing North Road",
        "name:zh": "华景北路"
      },
      "geometry": {
        "type": "LineString",
        "coordinates": [
          [
            113.3604556,
            23.1433908
          ],
          [
            113.3604509,
            23.1434083
          ],
          [
            113.3604408,
            23.1434247
          ],
          [
            113.3604045,
            23.1434635
          ],
          [
            113.3603758,
            23.1434821
          ],
          [
            113.3603356,
            23.1434961
          ],
          [
            113.3602243,
            23.1435105
          ]
        ]
      },
      "id": "way/80911540"
    },
    {
      "type": "Feature",
      "properties": {
        "@id": "way/102596684",
        "highway": "trunk_link",
        "name": "科韵路",
        "name:en": "Keyun Road",
        "name:zh": "科韵路",
        "oneway": "yes"
      },
      "geometry": {
        "type": "LineString",
        "coordinates": [
          [
            113.3688724,
            23.1302787
          ],
          [
            113.3690024,
            23.1301614
          ],
          [
            113.3690416,
            23.1300894
          ],
          [
            113.3690465,
            23.130028
          ],
          [
            113.3690253,
            23.1299415
          ],
          [
            113.3689724,
            23.1297506
          ],
          [
            113.3688614,
            23.1290962
          ]
        ]
      },
      "id": "way/102596684"
    },
    {
      "type": "Feature",
      "properties": {
        "@id": "way/103915068",
        "highway": "trunk",
        "name": "科韵路",
        "name:en": "Keyun Road",
        "name:zh": "科韵路",
        "oneway": "yes"
      },
      "geometry": {
        "type": "LineString",
        "coordinates": [
          [
            113.3704406,
            23.1376635
          ],
          [
            113.3706248,
            23.1370493
          ]
        ]
      },
      "id": "way/103915068"
    },
    {
      "type": "Feature",
      "properties": {
        "@id": "way/118334721",
        "highway": "trunk_link",
        "oneway": "yes"
      },
      "geometry": {
        "type": "LineString",
        "coordinates": [
          [
            113.368687,
            23.1259632
          ],
          [
            113.3687787,
            23.1256269
          ],
          [
            113.3688351,
            23.1253817
          ],
          [
            113.368883,
            23.1251612
          ],
          [
            113.368927,
            23.124933
          ],
          [
            113.3689556,
            23.1247316
          ],
          [
            113.3689712,
            23.124576
          ],
          [
            113.3690086,
            23.124089
          ],
          [
            113.3690554,
            23.1234961
          ],
          [
            113.3690718,
            23.1233726
          ],
          [
            113.3691189,
            23.1229934
          ]
        ]
      },
      "id": "way/118334721"
    },
    {
      "type": "Feature",
      "properties": {
        "@id": "way/118601507",
        "highway": "trunk_link",
        "oneway": "yes"
      },
      "geometry": {
        "type": "LineString",
        "coordinates": [
          [
            113.3722168,
            23.1217171
          ],
          [
            113.3718938,
            23.1218367
          ],
          [
            113.3714613,
            23.1219697
          ],
          [
            113.3711573,
            23.1220631
          ],
          [
            113.3709336,
            23.1221443
          ],
          [
            113.3708272,
            23.1222026
          ],
          [
            113.3707426,
            23.1222694
          ],
          [
            113.3706949,
            23.1223167
          ],
          [
            113.3706417,
            23.1223927
          ],
          [
            113.3705977,
            23.1225055
          ],
          [
            113.3705851,
            23.12258
          ],
          [
            113.3705796,
            23.1226545
          ],
          [
            113.3705768,
            23.1228506
          ]
        ]
      },
      "id": "way/118601507"
    },
    {
      "type": "Feature",
      "properties": {
        "@id": "way/118601518",
        "highway": "trunk_link",
        "oneway": "yes"
      },
      "geometry": {
        "type": "LineString",
        "coordinates": [
          [
            113.3710741,
            23.1294445
          ],
          [
            113.3706291,
            23.1297781
          ],
          [
            113.3705624,
            23.129829
          ],
          [
            113.370516,
            23.1298644
          ],
          [
            113.3704445,
            23.1299432
          ],
          [
            113.3704078,
            23.129999
          ],
          [
            113.3703779,
            23.1300348
          ],
          [
            113.3703523,
            23.1300893
          ],
          [
            113.3703351,
            23.1301409
          ],
          [
            113.3703227,
            23.1301958
          ],
          [
            113.3703156,
            23.1302609
          ],
          [
            113.3703168,
            23.1303342
          ]
        ]
      },
      "id": "way/118601518"
    },
    {
      "type": "Feature",
      "properties": {
        "@id": "way/118601521",
        "bicycle": "no",
        "foot": "no",
        "highway": "trunk",
        "name": "科韵路",
        "name:en": "Keyun Road",
        "name:zh": "科韵路",
        "oneway": "yes"
      },
      "geometry": {
        "type": "LineString",
        "coordinates": [
          [
            113.369722,
            23.1296641
          ],
          [
            113.3696188,
            23.1291889
          ],
          [
            113.3695714,
            23.1289387
          ],
          [
            113.3695366,
            23.128731
          ],
          [
            113.3694919,
            23.1284087
          ],
          [
            113.3694608,
            23.1280945
          ],
          [
            113.3694429,
            23.1278629
          ],
          [
            113.3694338,
            23.127624
          ],
          [
            113.3694321,
            23.1274714
          ],
          [
            113.3694313,
            23.1273353
          ],
          [
            113.3694438,
            23.1269074
          ],
          [
            113.3694615,
            23.1261931
          ],
          [
            113.3694696,
            23.1252176
          ],
          [
            113.3694587,
            23.1248326
          ],
          [
            113.3694505,
            23.1246045
          ],
          [
            113.3694349,
            23.1242543
          ],
          [
            113.369407,
            23.123711
          ],
          [
            113.3693642,
            23.1231772
          ],
          [
            113.369312,
            23.1226031
          ]
        ]
      },
      "id": "way/118601521"
    },
    {
      "type": "Feature",
      "properties": {
        "@id": "way/118601541",
        "highway": "trunk_link",
        "oneway": "yes"
      },
      "geometry": {
        "type": "LineString",
        "coordinates": [
          [
            113.3691513,
            23.1239291
          ],
          [
            113.3691326,
            23.1237963
          ],
          [
            113.3691244,
            23.1236483
          ],
          [
            113.3691216,
            23.1234124
          ],
          [
            113.3691189,
            23.1229934
          ]
        ]
      },
      "id": "way/118601541"
    },
    {
      "type": "Feature",
      "properties": {
        "@id": "way/118601544",
        "highway": "trunk_link",
        "oneway": "yes"
      },
      "geometry": {
        "type": "LineString",
        "coordinates": [
          [
            113.3695261,
            23.1234182
          ],
          [
            113.3695933,
            23.1237083
          ],
          [
            113.3696323,
            23.1238016
          ],
          [
            113.3696836,
            23.1239136
          ],
          [
            113.3697416,
            23.1239874
          ],
          [
            113.3698174,
            23.1240398
          ],
          [
            113.3698857,
            23.1240696
          ],
          [
            113.3699834,
            23.1240955
          ],
          [
            113.370065,
            23.1240997
          ],
          [
            113.3701623,
            23.1240811
          ],
          [
            113.3702242,
            23.1240527
          ],
          [
            113.3703033,
            23.1239887
          ],
          [
            113.3703645,
            23.1239005
          ],
          [
            113.3704151,
            23.1237972
          ],
          [
            113.3704517,
            23.1236676
          ],
          [
            113.3704733,
            23.1235019
          ],
          [
            113.3704957,
            23.1232415
          ],
          [
            113.370497,
            23.1229969
          ],
          [
            113.3704872,
            23.1228154
          ],
          [
            113.370457,
            23.1226657
          ],
          [
            113.3704022,
            23.1225518
          ],
          [
            113.3703219,
            23.122456
          ],
          [
            113.3702266,
            23.1223879
          ],
          [
            113.3701287,
            23.1223472
          ],
          [
            113.3699962,
            23.122327
          ],
          [
            113.3698444,
            23.1223201
          ],
          [
            113.3696825,
            23.122331
          ],
          [
            113.3694336,
            23.1223537
          ]
        ]
      },
      "id": "way/118601544"
    },
    {
      "type": "Feature",
      "properties": {
        "@id": "way/118601556",
        "highway": "trunk_link",
        "oneway": "yes"
      },
      "geometry": {
        "type": "LineString",
        "coordinates": [
          [
            113.3695962,
            23.1269431
          ],
          [
            113.3696297,
            23.1272212
          ],
          [
            113.3696577,
            23.1273868
          ],
          [
            113.3697241,
            23.1276229
          ],
          [
            113.369785,
            23.1278082
          ],
          [
            113.3699054,
            23.128121
          ],
          [
            113.3699372,
            23.1282247
          ],
          [
            113.3699709,
            23.128366
          ],
          [
            113.3700032,
            23.1285383
          ],
          [
            113.3700367,
            23.1287955
          ],
          [
            113.3700651,
            23.1290047
          ]
        ]
      },
      "id": "way/118601556"
    },
    {
      "type": "Feature",
      "properties": {
        "@id": "way/118601558",
        "highway": "trunk_link",
        "oneway": "yes"
      },
      "geometry": {
        "type": "LineString",
        "coordinates": [
          [
            113.3692,
            23.1222895
          ],
          [
            113.3695858,
            23.1221534
          ],
          [
            113.3698398,
            23.1220533
          ],
          [
            113.3699268,
            23.1220151
          ],
          [
            113.370059,
            23.1219509
          ],
          [
            113.3701261,
            23.121914
          ],
          [
            113.3701896,
            23.1218741
          ],
          [
            113.3702509,
            23.1218241
          ],
          [
            113.3702868,
            23.1217767
          ],
          [
            113.3703195,
            23.1217199
          ],
          [
            113.3703506,
            23.1216431
          ],
          [
            113.370369,
            23.1215871
          ],
          [
            113.3703814,
            23.1214794
          ],
          [
            113.3703782,
            23.1214253
          ],
          [
            113.3703676,
            23.1213671
          ],
          [
            113.3703386,
            23.1212818
          ],
          [
            113.3703043,
            23.1212262
          ],
          [
            113.3702474,
            23.121157
          ],
          [
            113.3701896,
            23.121113
          ],
          [
            113.3701406,
            23.1210851
          ],
          [
            113.3700487,
            23.1210633
          ],
          [
            113.3699624,
            23.1210599
          ],
          [
            113.3698779,
            23.1210705
          ],
          [
            113.369789,
            23.1210962
          ],
          [
            113.3696962,
            23.1211544
          ],
          [
            113.3696423,
            23.1212032
          ],
          [
            113.3695943,
            23.1212601
          ],
          [
            113.3695339,
            23.1213565
          ],
          [
            113.3695017,
            23.121431
          ],
          [
            113.3694859,
            23.1214853
          ],
          [
            113.3694553,
            23.1216283
          ],
          [
            113.3694269,
            23.1218179
          ],
          [
            113.3693973,
            23.1220815
          ]
        ]
      },
      "id": "way/118601558"
    },
    {
      "type": "Feature",
      "properties": {
        "@id": "way/118601566",
        "highway": "trunk",
        "name": "科韵路",
        "name:en": "Keyun Road",
        "name:zh": "科韵路",
        "oneway": "yes"
      },
      "geometry": {
        "type": "LineString",
        "coordinates": [
          [
            113.3694536,
            23.122572
          ],
          [
            113.3694913,
            23.1229938
          ],
          [
            113.3695261,
            23.1234182
          ]
        ]
      },
      "id": "way/118601566"
    },
    {
      "type": "Feature",
      "properties": {
        "@id": "way/118601588",
        "highway": "trunk",
        "name": "科韵路",
        "name:en": "Keyun Road",
        "name:zh": "科韵路",
        "oneway": "yes"
      },
      "geometry": {
        "type": "LineString",
        "coordinates": [
          [
            113.3700846,
            23.1302162
          ],
          [
            113.370373,
            23.1314141
          ],
          [
            113.3706077,
            23.1322372
          ]
        ]
      },
      "id": "way/118601588"
    },
    {
      "type": "Feature",
      "properties": {
        "@id": "way/118601599",
        "highway": "trunk",
        "layer": "-1",
        "maxheight": "4.8",
        "oneway": "yes",
        "tunnel": "yes"
      },
      "geometry": {
        "type": "LineString",
        "coordinates": [
          [
            113.3699134,
            23.1295733
          ],
          [
            113.3700846,
            23.1302162
          ]
        ]
      },
      "id": "way/118601599"
    },
    {
      "type": "Feature",
      "properties": {
        "@id": "way/118601606",
        "highway": "trunk",
        "layer": "-1",
        "oneway": "yes",
        "tunnel": "yes"
      },
      "geometry": {
        "type": "LineString",
        "coordinates": [
          [
            113.3693973,
            23.1220815
          ],
          [
            113.3694536,
            23.122572
          ]
        ]
      },
      "id": "way/118601606"
    },
    {
      "type": "Feature",
      "properties": {
        "@id": "way/118601614",
        "bridge": "yes",
        "highway": "trunk_link",
        "layer": "1",
        "oneway": "yes"
      },
      "geometry": {
        "type": "LineString",
        "coordinates": [
          [
            113.3703472,
            23.1241648
          ],
          [
            113.3702267,
            23.1242909
          ],
          [
            113.3701356,
            23.124363
          ],
          [
            113.3700387,
            23.1244181
          ],
          [
            113.3699518,
            23.1244539
          ],
          [
            113.3698519,
            23.1244776
          ],
          [
            113.3697434,
            23.1244847
          ],
          [
            113.3696246,
            23.1244687
          ],
          [
            113.3695279,
            23.1244403
          ],
          [
            113.3694468,
            23.1243959
          ],
          [
            113.3693595,
            23.1243252
          ],
          [
            113.3692885,
            23.1242422
          ],
          [
            113.3692395,
            23.1241699
          ],
          [
            113.3692056,
            23.1241017
          ],
          [
            113.3691767,
            23.1240265
          ],
          [
            113.3691513,
            23.1239291
          ]
        ]
      },
      "id": "way/118601614"
    },
    {
      "type": "Feature",
      "properties": {
        "@id": "way/118601615",
        "highway": "trunk_link",
        "oneway": "yes"
      },
      "geometry": {
        "type": "LineString",
        "coordinates": [
          [
            113.369722,
            23.1296641
          ],
          [
            113.36953,
            23.1291457
          ],
          [
            113.3694808,
            23.1290079
          ],
          [
            113.3694142,
            23.1288581
          ],
          [
            113.3693672,
            23.1287662
          ],
          [
            113.3693044,
            23.1286595
          ],
          [
            113.3691903,
            23.1285129
          ],
          [
            113.3690495,
            23.1283125
          ],
          [
            113.3689216,
            23.1281304
          ],
          [
            113.3688581,
            23.1280321
          ],
          [
            113.368802,
            23.1279205
          ],
          [
            113.3687694,
            23.1278358
          ],
          [
            113.3687312,
            23.1277227
          ],
          [
            113.3687103,
            23.1276226
          ],
          [
            113.3687001,
            23.1275363
          ],
          [
            113.3686962,
            23.1274253
          ],
          [
            113.3686895,
            23.1272006
          ],
          [
            113.3686824,
            23.1270572
          ],
          [
            113.3686648,
            23.1266999
          ]
        ]
      },
      "id": "way/118601615"
    },
    {
      "type": "Feature",
      "properties": {
        "@id": "way/118601623",
        "highway": "trunk",
        "layer": "-1",
        "oneway": "yes",
        "tunnel": "yes"
      },
      "geometry": {
        "type": "LineString",
        "coordinates": [
          [
            113.369312,
            23.1226031
          ],
          [
            113.3692584,
            23.1220956
          ]
        ]
      },
      "id": "way/118601623"
    },
    {
      "type": "Feature",
      "properties": {
        "@id": "way/118601635",
        "highway": "trunk_link",
        "layer": "-1",
        "oneway": "yes",
        "tunnel": "yes"
      },
      "geometry": {
        "type": "LineString",
        "coordinates": [
          [
            113.3691242,
            23.1226902
          ],
          [
            113.3691153,
            23.1225387
          ],
          [
            113.369103,
            23.122394
          ],
          [
            113.3690873,
            23.1222163
          ],
          [
            113.3690707,
            23.1221066
          ],
          [
            113.3690515,
            23.122007
          ],
          [
            113.3690313,
            23.1219258
          ],
          [
            113.3690065,
            23.1218441
          ]
        ]
      },
      "id": "way/118601635"
    },
    {
      "type": "Feature",
      "properties": {
        "@id": "way/118601643",
        "highway": "trunk",
        "layer": "-1",
        "maxheight": "4.8",
        "oneway": "yes",
        "tunnel": "yes"
      },
      "geometry": {
        "type": "LineString",
        "coordinates": [
          [
            113.3698825,
            23.1302388
          ],
          [
            113.369722,
            23.1296641
          ]
        ]
      },
      "id": "way/118601643"
    },
    {
      "type": "Feature",
      "properties": {
        "@id": "way/120195414",
        "highway": "trunk",
        "lanes": "3",
        "name": "广园快速路",
        "name:en": "Guangyuan Expressway",
        "name:zh": "广园快速路",
        "oneway": "yes",
        "source": "Yahoo hires"
      },
      "geometry": {
        "type": "LineString",
        "coordinates": [
          [
            113.3889702,
            23.1362077
          ],
          [
            113.3887945,
            23.1362498
          ],
          [
            113.3882237,
            23.1363944
          ],
          [
            113.3877355,
            23.1365181
          ],
          [
            113.3872122,
            23.1366595
          ]
        ]
      },
      "id": "way/120195414"
    },
    {
      "type": "Feature",
      "properties": {
        "@id": "way/120195415",
        "highway": "trunk_link",
        "maxheight": "4.5",
        "oneway": "yes"
      },
      "geometry": {
        "type": "LineString",
        "coordinates": [
          [
            113.3906287,
            23.1366346
          ],
          [
            113.3908798,
            23.1367614
          ],
          [
            113.3909817,
            23.1367969
          ],
          [
            113.3910688,
            23.1368154
          ],
          [
            113.3911933,
            23.1368288
          ],
          [
            113.3912981,
            23.1368188
          ],
          [
            113.391433,
            23.1367862
          ],
          [
            113.3915326,
            23.1367378
          ],
          [
            113.3916032,
            23.1366942
          ],
          [
            113.391671,
            23.1366383
          ],
          [
            113.3917359,
            23.1365597
          ],
          [
            113.3917788,
            23.1364931
          ],
          [
            113.3918196,
            23.136414
          ],
          [
            113.3918692,
            23.136302
          ],
          [
            113.3919206,
            23.1361865
          ],
          [
            113.3919503,
            23.1360997
          ],
          [
            113.3919399,
            23.1360173
          ],
          [
            113.3919196,
            23.1359482
          ],
          [
            113.3918666,
            23.135874
          ],
          [
            113.3918035,
            23.1358165
          ],
          [
            113.391693,
            23.1357619
          ],
          [
            113.3916056,
            23.1357351
          ],
          [
            113.3915089,
            23.135724
          ]
        ]
      },
      "id": "way/120195415"
    },
    {
      "type": "Feature",
      "properties": {
        "@id": "way/120195420",
        "highway": "trunk_link",
        "oneway": "yes"
      },
      "geometry": {
        "type": "LineString",
        "coordinates": [
          [
            113.3920862,
            23.1376726
          ],
          [
            113.3917627,
            23.1375655
          ],
          [
            113.3916752,
            23.1375365
          ],
          [
            113.3914808,
            23.1374874
          ],
          [
            113.39127,
            23.1374471
          ],
          [
            113.3910682,
            23.1374194
          ],
          [
            113.3910107,
            23.1374119
          ],
          [
            113.3908467,
            23.1373906
          ],
          [
            113.3907843,
            23.1373855
          ]
        ]
      },
      "id": "way/120195420"
    },
    {
      "type": "Feature",
      "properties": {
        "@id": "way/120195422",
        "highway": "tertiary",
        "name": "黄村康体路",
        "oneway": "yes"
      },
      "geometry": {
        "type": "LineString",
        "coordinates": [
          [
            113.3953726,
            23.139102
          ],
          [
            113.3956603,
            23.1391457
          ],
          [
            113.3958008,
            23.1391789
          ],
          [
            113.3959349,
            23.1391986
          ],
          [
            113.3960238,
            23.139206
          ]
        ]
      },
      "id": "way/120195422"
    },
    {
      "type": "Feature",
      "properties": {
        "@id": "way/120195423",
        "highway": "trunk",
        "lanes": "3",
        "name": "广园快速路",
        "name:en": "Guangyuan Expressway",
        "name:zh": "广园快速路",
        "oneway": "yes",
        "source": "Yahoo hires"
      },
      "geometry": {
        "type": "LineString",
        "coordinates": [
          [
            113.391139,
            23.1355353
          ],
          [
            113.3924178,
            23.1352239
          ],
          [
            113.3926975,
            23.1351577
          ],
          [
            113.3929397,
            23.1350926
          ],
          [
            113.3934992,
            23.1349396
          ],
          [
            113.3942541,
            23.1347418
          ]
        ]
      },
      "id": "way/120195423"
    },
    {
      "type": "Feature",
      "properties": {
        "@id": "way/120195431",
        "highway": "trunk_link",
        "oneway": "yes"
      },
      "geometry": {
        "type": "LineString",
        "coordinates": [
          [
            113.3936209,
            23.1351416
          ],
          [
            113.3927954,
            23.1355163
          ],
          [
            113.3925336,
            23.1356313
          ],
          [
            113.3924351,
            23.135694
          ],
          [
            113.3923296,
            23.1357682
          ],
          [
            113.3922497,
            23.1358454
          ],
          [
            113.3921719,
            23.1359423
          ],
          [
            113.3921051,
            23.1360438
          ],
          [
            113.3920529,
            23.1361522
          ],
          [
            113.39198,
            23.1362908
          ],
          [
            113.3919222,
            23.1364329
          ],
          [
            113.3919006,
            23.1365484
          ],
          [
            113.3919004,
            23.1366469
          ],
          [
            113.3919074,
            23.1367987
          ],
          [
            113.3919394,
            23.1369436
          ],
          [
            113.391989,
            23.1370483
          ],
          [
            113.3920513,
            23.1371498
          ],
          [
            113.3921043,
            23.1372214
          ],
          [
            113.3921662,
            23.1372832
          ],
          [
            113.3922449,
            23.1373579
          ],
          [
            113.3926816,
            23.1375985
          ],
          [
            113.3928246,
            23.1376801
          ],
          [
            113.3929435,
            23.1377717
          ],
          [
            113.3931928,
            23.1380158
          ]
        ]
      },
      "id": "way/120195431"
    },
    {
      "type": "Feature",
      "properties": {
        "@id": "way/120195433",
        "highway": "trunk_link",
        "oneway": "yes"
      },
      "geometry": {
        "type": "LineString",
        "coordinates": [
          [
            113.3924915,
            23.137602
          ],
          [
            113.3931928,
            23.1380158
          ]
        ]
      },
      "id": "way/120195433"
    },
    {
      "type": "Feature",
      "properties": {
        "@id": "way/120195434",
        "bridge": "yes",
        "highway": "trunk",
        "lanes": "3",
        "layer": "1",
        "name": "广园快速路",
        "name:en": "Guangyuan Expressway",
        "name:zh": "广园快速路",
        "oneway": "yes",
        "source": "Yahoo hires"
      },
      "geometry": {
        "type": "LineString",
        "coordinates": [
          [
            113.3891996,
            23.1360129
          ],
          [
            113.3906596,
            23.1356439
          ],
          [
            113.391139,
            23.1355353
          ]
        ]
      },
      "id": "way/120195434"
    },
    {
      "type": "Feature",
      "properties": {
        "@id": "way/120195435",
        "highway": "trunk_link",
        "oneway": "yes"
      },
      "geometry": {
        "type": "LineString",
        "coordinates": [
          [
            113.3867579,
            23.1366069
          ],
          [
            113.3871967,
            23.1363589
          ],
          [
            113.3873268,
            23.136309
          ],
          [
            113.3875291,
            23.1362545
          ],
          [
            113.3878392,
            23.1361724
          ],
          [
            113.3884694,
            23.136014
          ],
          [
            113.3895585,
            23.1357252
          ],
          [
            113.3896899,
            23.1356913
          ],
          [
            113.3897567,
            23.1356625
          ],
          [
            113.3897971,
            23.1356319
          ],
          [
            113.3898282,
            23.1355943
          ],
          [
            113.3898336,
            23.135526
          ],
          [
            113.3898253,
            23.135482
          ],
          [
            113.3897746,
            23.1352819
          ],
          [
            113.3897561,
            23.1351955
          ],
          [
            113.3897259,
            23.1349344
          ]
        ]
      },
      "id": "way/120195435"
    },
    {
      "type": "Feature",
      "properties": {
        "@id": "way/120195436",
        "highway": "secondary_link",
        "oneway": "yes"
      },
      "geometry": {
        "type": "LineString",
        "coordinates": [
          [
            113.3899471,
            23.1356024
          ],
          [
            113.3900753,
            23.1355742
          ]
        ]
      },
      "id": "way/120195436"
    },
    {
      "type": "Feature",
      "properties": {
        "@id": "way/120195440",
        "bridge": "yes",
        "highway": "trunk_link",
        "layer": "2",
        "oneway": "yes"
      },
      "geometry": {
        "type": "LineString",
        "coordinates": [
          [
            113.3878661,
            23.1362368
          ],
          [
            113.3899104,
            23.1357086
          ],
          [
            113.3900856,
            23.1356721
          ],
          [
            113.3902177,
            23.1356586
          ],
          [
            113.3903805,
            23.1356741
          ],
          [
            113.3905117,
            23.1357121
          ],
          [
            113.3906444,
            23.1357756
          ],
          [
            113.3907286,
            23.1358333
          ],
          [
            113.3908226,
            23.1359256
          ],
          [
            113.3908941,
            23.1360149
          ],
          [
            113.3909462,
            23.1361125
          ],
          [
            113.3909894,
            23.1362127
          ],
          [
            113.3910261,
            23.1363208
          ],
          [
            113.3910709,
            23.1364178
          ],
          [
            113.3911269,
            23.136522
          ],
          [
            113.3912021,
            23.136638
          ],
          [
            113.3912669,
            23.1367304
          ],
          [
            113.3913164,
            23.1367896
          ],
          [
            113.3913918,
            23.1368792
          ],
          [
            113.3914483,
            23.1369344
          ],
          [
            113.3915421,
            23.1370205
          ],
          [
            113.3916415,
            23.137105
          ],
          [
            113.3917257,
            23.1371749
          ],
          [
            113.3918126,
            23.1372332
          ],
          [
            113.3919161,
            23.1372939
          ],
          [
            113.3924915,
            23.137602
          ]
        ]
      },
      "id": "way/120195440"
    },
    {
      "type": "Feature",
      "properties": {
        "@id": "way/120195448",
        "bridge": "yes",
        "highway": "tertiary",
        "layer": "1",
        "name": "黄村康体路",
        "oneway": "yes"
      },
      "geometry": {
        "type": "LineString",
        "coordinates": [
          [
            113.3960238,
            23.139206
          ],
          [
            113.396148,
            23.1392161
          ],
          [
            113.3967562,
            23.139205
          ]
        ]
      },
      "id": "way/120195448"
    },
    {
      "type": "Feature",
      "properties": {
        "@id": "way/120195450",
        "highway": "trunk_link",
        "oneway": "yes"
      },
      "geometry": {
        "type": "LineString",
        "coordinates": [
          [
            113.3889411,
            23.1363026
          ],
          [
            113.3888253,
            23.1364294
          ],
          [
            113.3887652,
            23.13648
          ],
          [
            113.3887198,
            23.1365504
          ],
          [
            113.3886944,
            23.1366135
          ],
          [
            113.388682,
            23.1366983
          ],
          [
            113.3886858,
            23.1367746
          ],
          [
            113.3887248,
            23.1368674
          ],
          [
            113.388767,
            23.1369255
          ],
          [
            113.3888071,
            23.1369648
          ],
          [
            113.3888715,
            23.1370016
          ],
          [
            113.3889532,
            23.1370321
          ],
          [
            113.3890339,
            23.1370568
          ],
          [
            113.3898696,
            23.137167
          ],
          [
            113.3899475,
            23.137167
          ],
          [
            113.3900247,
            23.1371599
          ],
          [
            113.3900747,
            23.1371493
          ],
          [
            113.3901562,
            23.137112
          ],
          [
            113.3902139,
            23.1370773
          ],
          [
            113.390257,
            23.1370384
          ],
          [
            113.3902953,
            23.1369943
          ],
          [
            113.3903282,
            23.1369463
          ],
          [
            113.3903524,
            23.1368742
          ],
          [
            113.3903719,
            23.136803
          ],
          [
            113.3903716,
            23.1367253
          ],
          [
            113.3903364,
            23.1366025
          ],
          [
            113.3902566,
            23.1364313
          ]
        ]
      },
      "id": "way/120195450"
    },
    {
      "type": "Feature",
      "properties": {
        "@id": "way/120195454",
        "bridge": "yes",
        "highway": "trunk",
        "lanes": "3",
        "layer": "1",
        "name": "广园快速路",
        "name:en": "Guangyuan Expressway",
        "name:zh": "广园快速路",
        "oneway": "yes",
        "source": "Yahoo hires"
      },
      "geometry": {
        "type": "LineString",
        "coordinates": [
          [
            113.3912106,
            23.1357173
          ],
          [
            113.3903345,
            23.1359314
          ],
          [
            113.3889702,
            23.1362077
          ]
        ]
      },
      "id": "way/120195454"
    },
    {
      "type": "Feature",
      "properties": {
        "@id": "way/121172185",
        "highway": "trunk_link",
        "oneway": "yes"
      },
      "geometry": {
        "type": "LineString",
        "coordinates": [
          [
            113.371826,
            23.1444219
          ],
          [
            113.3717485,
            23.144307
          ],
          [
            113.3717077,
            23.1441602
          ],
          [
            113.3716496,
            23.1440431
          ],
          [
            113.371521,
            23.1438899
          ],
          [
            113.3713761,
            23.1437148
          ],
          [
            113.3712849,
            23.1435865
          ],
          [
            113.3711964,
            23.1434336
          ],
          [
            113.3711589,
            23.1432856
          ],
          [
            113.3711508,
            23.1431031
          ],
          [
            113.3711696,
            23.1427529
          ],
          [
            113.3711589,
            23.1425605
          ],
          [
            113.3711106,
            23.1423977
          ],
          [
            113.3710057,
            23.1422296
          ],
          [
            113.370903,
            23.142121
          ],
          [
            113.3708328,
            23.1420886
          ],
          [
            113.3706678,
            23.1420116
          ],
          [
            113.370471,
            23.1419698
          ],
          [
            113.3702479,
            23.141973
          ],
          [
            113.3700541,
            23.1420142
          ],
          [
            113.3696028,
            23.1421502
          ]
        ]
      },
      "id": "way/121172185"
    },
    {
      "type": "Feature",
      "properties": {
        "@id": "way/188244816",
        "highway": "tertiary",
        "name": "枫叶路",
        "name:en": "Fengye Road",
        "name:zh": "枫叶路",
        "oneway": "no"
      },
      "geometry": {
        "type": "LineString",
        "coordinates": [
          [
            113.3617005,
            23.1345695
          ],
          [
            113.3617187,
            23.1348115
          ],
          [
            113.3617087,
            23.1351918
          ],
          [
            113.3616874,
            23.135832
          ],
          [
            113.3616564,
            23.1365483
          ],
          [
            113.3616526,
            23.1366145
          ],
          [
            113.3616181,
            23.1372132
          ],
          [
            113.3616131,
            23.1374253
          ],
          [
            113.3615802,
            23.1388156
          ],
          [
            113.3615548,
            23.1402645
          ],
          [
            113.3615507,
            23.1403711
          ],
          [
            113.3615429,
            23.1406356
          ],
          [
            113.3615286,
            23.1408626
          ],
          [
            113.3615193,
            23.1409875
          ],
          [
            113.361463,
            23.141169
          ],
          [
            113.3613532,
            23.1413987
          ],
          [
            113.3611133,
            23.1418614
          ],
          [
            113.3608935,
            23.1423409
          ],
          [
            113.3608408,
            23.1424563
          ],
          [
            113.3607846,
            23.1425794
          ],
          [
            113.3605928,
            23.1430323
          ],
          [
            113.3605132,
            23.1432554
          ],
          [
            113.3604556,
            23.1433908
          ]
        ]
      },
      "id": "way/188244816"
    },
    {
      "type": "Feature",
      "properties": {
        "@id": "way/188246587",
        "highway": "tertiary",
        "name": "棠安路",
        "name:en": "Tang'an Road",
        "name:zh": "棠安路",
        "oneway": "yes"
      },
      "geometry": {
        "type": "LineString",
        "coordinates": [
          [
            113.3732281,
            23.1367239
          ],
          [
            113.3729606,
            23.1367865
          ],
          [
            113.3717998,
            23.1370262
          ]
        ]
      },
      "id": "way/188246587"
    },
    {
      "type": "Feature",
      "properties": {
        "@id": "way/188246616",
        "bridge": "yes",
        "highway": "trunk_link",
        "layer": "1",
        "oneway": "yes"
      },
      "geometry": {
        "type": "LineString",
        "coordinates": [
          [
            113.3610813,
            23.1474852
          ],
          [
            113.3610837,
            23.1455409
          ],
          [
            113.3610888,
            23.1454733
          ],
          [
            113.3611023,
            23.145403
          ],
          [
            113.3611265,
            23.1453387
          ],
          [
            113.3611553,
            23.1452699
          ],
          [
            113.3612104,
            23.1451974
          ],
          [
            113.3612813,
            23.1451248
          ],
          [
            113.3613485,
            23.1450777
          ],
          [
            113.3614208,
            23.14504
          ],
          [
            113.3631467,
            23.1443605
          ],
          [
            113.3639072,
            23.1441851
          ]
        ]
      },
      "id": "way/188246616"
    },
    {
      "type": "Feature",
      "properties": {
        "@id": "way/188246626",
        "bicycle": "no",
        "foot": "no",
        "highway": "tertiary",
        "horse": "no",
        "name": "泰安北路",
        "name:en": "Tai'an North Road",
        "name:zh": "泰安北路"
      },
      "geometry": {
        "type": "LineString",
        "coordinates": [
          [
            113.3887735,
            23.1324734
          ],
          [
            113.3885162,
            23.1325422
          ]
        ]
      },
      "id": "way/188246626"
    },
    {
      "type": "Feature",
      "properties": {
        "@id": "way/188246627",
        "highway": "trunk_link",
        "lanes": "2",
        "oneway": "yes"
      },
      "geometry": {
        "type": "LineString",
        "coordinates": [
          [
            113.3712742,
            23.1433236
          ],
          [
            113.371247,
            23.1432062
          ],
          [
            113.3712501,
            23.1430671
          ],
          [
            113.3712642,
            23.1428896
          ],
          [
            113.3712888,
            23.1419548
          ]
        ]
      },
      "id": "way/188246627"
    },
    {
      "type": "Feature",
      "properties": {
        "@id": "way/188930186",
        "highway": "secondary",
        "name": "车陂路",
        "name:en": "Chebei Road",
        "name:zh": "车陂路",
        "oneway": "yes",
        "source": "Yahoo hires"
      },
      "geometry": {
        "type": "LineString",
        "coordinates": [
          [
            113.3963427,
            23.139839
          ],
          [
            113.396105,
            23.139716
          ]
        ]
      },
      "id": "way/188930186"
    },
    {
      "type": "Feature",
      "properties": {
        "@id": "way/188930193",
        "bridge": "yes",
        "highway": "trunk",
        "lanes": "4",
        "layer": "1",
        "name": "广园快速路",
        "name:en": "Guangyuan Expressway",
        "name:zh": "广园快速路",
        "oneway": "yes",
        "source": "Yahoo hires"
      },
      "geometry": {
        "type": "LineString",
        "coordinates": [
          [
            113.3962795,
            23.1345234
          ],
          [
            113.3955595,
            23.1347094
          ]
        ]
      },
      "id": "way/188930193"
    },
    {
      "type": "Feature",
      "properties": {
        "@id": "way/188930194",
        "bridge": "yes",
        "foot": "no",
        "highway": "secondary",
        "layer": "1",
        "oneway": "yes",
        "source": "Yahoo hires"
      },
      "geometry": {
        "type": "LineString",
        "coordinates": [
          [
            113.3969436,
            23.1401203
          ],
          [
            113.3963427,
            23.139839
          ]
        ]
      },
      "id": "way/188930194"
    },
    {
      "type": "Feature",
      "properties": {
        "@id": "way/188930195",
        "bridge": "yes",
        "foot": "no",
        "highway": "secondary",
        "layer": "1",
        "oneway": "yes"
      },
      "geometry": {
        "type": "LineString",
        "coordinates": [
          [
            113.3961755,
            23.1395524
          ],
          [
            113.39683,
            23.139907
          ]
        ]
      },
      "id": "way/188930195"
    },
    {
      "type": "Feature",
      "properties": {
        "@id": "way/188930197",
        "bridge": "yes",
        "highway": "trunk",
        "lanes": "4",
        "layer": "1",
        "name": "广园快速路",
        "name:en": "Guangyuan Expressway",
        "name:zh": "广园快速路",
        "oneway": "yes",
        "source": "Yahoo hires"
      },
      "geometry": {
        "type": "LineString",
        "coordinates": [
          [
            113.3955618,
            23.1344117
          ],
          [
            113.3962323,
            23.1342506
          ]
        ]
      },
      "id": "way/188930197"
    },
    {
      "type": "Feature",
      "properties": {
        "@id": "way/188930205",
        "highway": "trunk",
        "lanes": "4",
        "name": "广园快速路",
        "name:en": "Guangyuan Expressway",
        "name:zh": "广园快速路",
        "oneway": "yes",
        "source": "Yahoo hires"
      },
      "geometry": {
        "type": "LineString",
        "coordinates": [
          [
            113.3955595,
            23.1347094
          ],
          [
            113.3936209,
            23.1351416
          ]
        ]
      },
      "id": "way/188930205"
    },
    {
      "type": "Feature",
      "properties": {
        "@id": "way/205504944",
        "highway": "trunk_link",
        "oneway": "yes"
      },
      "geometry": {
        "type": "LineString",
        "coordinates": [
          [
            113.3610973,
            23.1489721
          ],
          [
            113.3610912,
            23.1486751
          ],
          [
            113.3610813,
            23.1474852
          ]
        ]
      },
      "id": "way/205504944"
    },
    {
      "type": "Feature",
      "properties": {
        "@id": "way/205504945",
        "highway": "trunk_link",
        "oneway": "yes"
      },
      "geometry": {
        "type": "LineString",
        "coordinates": [
          [
            113.3609009,
            23.146152
          ],
          [
            113.3609349,
            23.1461923
          ],
          [
            113.3609983,
            23.1462766
          ],
          [
            113.3610341,
            23.1463466
          ],
          [
            113.3610625,
            23.146409
          ],
          [
            113.3610815,
            23.1464741
          ],
          [
            113.361112,
            23.1465949
          ],
          [
            113.3611272,
            23.1467383
          ],
          [
            113.3611695,
            23.1468553
          ]
        ]
      },
      "id": "way/205504945"
    },
    {
      "type": "Feature",
      "properties": {
        "@id": "way/205504946",
        "bridge": "yes",
        "highway": "trunk_link",
        "layer": "1",
        "oneway": "yes"
      },
      "geometry": {
        "type": "LineString",
        "coordinates": [
          [
            113.3596883,
            23.1453765
          ],
          [
            113.3599191,
            23.1454957
          ],
          [
            113.3604573,
            23.1458383
          ],
          [
            113.3607854,
            23.1460454
          ],
          [
            113.3609009,
            23.146152
          ]
        ]
      },
      "id": "way/205504946"
    },
    {
      "type": "Feature",
      "properties": {
        "@id": "way/205504947",
        "bridge": "yes",
        "highway": "trunk_link",
        "layer": "1",
        "oneway": "yes"
      },
      "geometry": {
        "type": "LineString",
        "coordinates": [
          [
            113.3574911,
            23.1462187
          ],
          [
            113.3576545,
            23.1461474
          ],
          [
            113.3578684,
            23.146047
          ],
          [
            113.3581829,
            23.1459461
          ],
          [
            113.3585418,
            23.1458318
          ],
          [
            113.3587247,
            23.1457785
          ],
          [
            113.3588281,
            23.1457313
          ],
          [
            113.3589068,
            23.1456797
          ],
          [
            113.3589736,
            23.1456219
          ],
          [
            113.3590682,
            23.1455357
          ],
          [
            113.3591549,
            23.1454304
          ],
          [
            113.3592039,
            23.1453815
          ],
          [
            113.3592634,
            23.1453406
          ],
          [
            113.3593237,
            23.1453149
          ],
          [
            113.3593907,
            23.1453018
          ],
          [
            113.3594686,
            23.1453013
          ],
          [
            113.359533,
            23.145307
          ],
          [
            113.359613,
            23.1453347
          ],
          [
            113.3596883,
            23.1453765
          ],
          [
            113.3597528,
            23.145437
          ],
          [
            113.3598014,
            23.1454941
          ],
          [
            113.3598268,
            23.1455412
          ],
          [
            113.3598388,
            23.1455769
          ],
          [
            113.3598458,
            23.1456184
          ],
          [
            113.3598488,
            23.1456687
          ],
          [
            113.359845,
            23.1457141
          ],
          [
            113.3598354,
            23.1457558
          ],
          [
            113.3598206,
            23.1457959
          ],
          [
            113.3597937,
            23.1458562
          ],
          [
            113.3597525,
            23.1459035
          ],
          [
            113.3596974,
            23.1459428
          ],
          [
            113.3595912,
            23.1460023
          ],
          [
            113.3592901,
            23.1460938
          ],
          [
            113.3590302,
            23.1461753
          ]
        ]
      },
      "id": "way/205504947"
    },
    {
      "type": "Feature",
      "properties": {
        "@id": "way/205504948",
        "bridge": "yes",
        "highway": "trunk_link",
        "layer": "1",
        "oneway": "yes"
      },
      "geometry": {
        "type": "LineString",
        "coordinates": [
          [
            113.3608785,
            23.1461906
          ],
          [
            113.3607661,
            23.1460871
          ],
          [
            113.3606268,
            23.1459986
          ],
          [
            113.3605383,
            23.1459505
          ],
          [
            113.3604617,
            23.1459187
          ],
          [
            113.3603565,
            23.1458886
          ],
          [
            113.3602615,
            23.1458792
          ],
          [
            113.3601612,
            23.1458762
          ],
          [
            113.3600593,
            23.1458857
          ],
          [
            113.3599429,
            23.145911
          ],
          [
            113.3597774,
            23.1459579
          ],
          [
            113.3595912,
            23.1460023
          ]
        ]
      },
      "id": "way/205504948"
    },
    {
      "type": "Feature",
      "properties": {
        "@id": "way/206102467",
        "access": "yes",
        "highway": "trunk",
        "lanes": "4",
        "name": "广园快速路",
        "name:en": "Guangyuan Expressway",
        "name:zh": "广园快速路",
        "oneway": "yes",
        "sidewalk": "right",
        "source": "Yahoo hires"
      },
      "geometry": {
        "type": "LineString",
        "coordinates": [
          [
            113.3847271,
            23.1372878
          ],
          [
            113.3832798,
            23.1376421
          ],
          [
            113.3831163,
            23.1376834
          ],
          [
            113.3822546,
            23.1379011
          ],
          [
            113.3810598,
            23.1381845
          ],
          [
            113.380772,
            23.1382566
          ],
          [
            113.380035,
            23.1384411
          ],
          [
            113.3775568,
            23.1390237
          ],
          [
            113.3774145,
            23.1390572
          ]
        ]
      },
      "id": "way/206102467"
    },
    {
      "type": "Feature",
      "properties": {
        "@id": "way/206102474",
        "highway": "trunk",
        "lanes": "3",
        "name": "广园快速路",
        "name:en": "Guangyuan Expressway",
        "name:zh": "广园快速路",
        "oneway": "yes",
        "source": "Yahoo hires"
      },
      "geometry": {
        "type": "LineString",
        "coordinates": [
          [
            113.3867579,
            23.1366069
          ],
          [
            113.3891996,
            23.1360129
          ]
        ]
      },
      "id": "way/206102474"
    },
    {
      "type": "Feature",
      "properties": {
        "@id": "way/245762347",
        "highway": "trunk",
        "lanes": "4",
        "name": "黄埔大道中",
        "name:en": "Huangpu Avenue Middle",
        "name:zh": "黄埔大道中",
        "oneway": "yes"
      },
      "geometry": {
        "type": "LineString",
        "coordinates": [
          [
            113.3732759,
            23.1213097
          ],
          [
            113.3743599,
            23.1210287
          ]
        ]
      },
      "id": "way/245762347"
    },
    {
      "type": "Feature",
      "properties": {
        "@id": "way/245762352",
        "highway": "trunk",
        "name": "黄埔大道中",
        "name:en": "Huangpu Avenue Middle",
        "name:zh": "黄埔大道中",
        "oneway": "yes"
      },
      "geometry": {
        "type": "LineString",
        "coordinates": [
          [
            113.373013,
            23.121554
          ],
          [
            113.3729463,
            23.1215686
          ],
          [
            113.3722168,
            23.1217171
          ]
        ]
      },
      "id": "way/245762352"
    },
    {
      "type": "Feature",
      "properties": {
        "@id": "way/283893381",
        "highway": "trunk",
        "lanes": "4",
        "name": "广园快速路",
        "name:en": "Guangyuan Expressway",
        "name:zh": "广园快速路",
        "oneway": "yes",
        "source": "Yahoo hires"
      },
      "geometry": {
        "type": "LineString",
        "coordinates": [
          [
            113.3743911,
            23.139857
          ],
          [
            113.3753372,
            23.1394395
          ],
          [
            113.3761783,
            23.1391797
          ],
          [
            113.3766236,
            23.1390638
          ],
          [
            113.3770226,
            23.1389607
          ],
          [
            113.3772885,
            23.1388934
          ]
        ]
      },
      "id": "way/283893381"
    },
    {
      "type": "Feature",
      "properties": {
        "@id": "way/283893382",
        "bridge": "viaduct",
        "highway": "trunk_link",
        "lanes": "2",
        "layer": "1",
        "oneway": "yes"
      },
      "geometry": {
        "type": "LineString",
        "coordinates": [
          [
            113.3689454,
            23.141953
          ],
          [
            113.3704334,
            23.1413433
          ],
          [
            113.3705711,
            23.1412864
          ],
          [
            113.3706434,
            23.1412476
          ],
          [
            113.3707491,
            23.1411884
          ],
          [
            113.3708187,
            23.1411395
          ],
          [
            113.3708779,
            23.141087
          ],
          [
            113.3709326,
            23.1410089
          ],
          [
            113.3709648,
            23.1409342
          ],
          [
            113.3709826,
            23.1408236
          ],
          [
            113.370988,
            23.1407448
          ],
          [
            113.370899,
            23.1402771
          ]
        ]
      },
      "id": "way/283893382"
    },
    {
      "type": "Feature",
      "properties": {
        "@id": "way/283893383",
        "bridge": "viaduct",
        "highway": "trunk",
        "lanes": "4",
        "layer": "1",
        "name": "广园快速路",
        "name:en": "Guangyuan Expressway",
        "name:zh": "广园快速路",
        "oneway": "yes",
        "source": "Yahoo hires"
      },
      "geometry": {
        "type": "LineString",
        "coordinates": [
          [
            113.374558,
            23.1400339
          ],
          [
            113.3729948,
            23.140689
          ],
          [
            113.3718341,
            23.1411671
          ]
        ]
      },
      "id": "way/283893383"
    },
    {
      "type": "Feature",
      "properties": {
        "@id": "way/283893384",
        "highway": "trunk",
        "lanes": "4",
        "name": "广园快速路",
        "name:en": "Guangyuan Expressway",
        "name:zh": "广园快速路",
        "oneway": "yes",
        "source": "Yahoo hires"
      },
      "geometry": {
        "type": "LineString",
        "coordinates": [
          [
            113.3718341,
            23.1411671
          ],
          [
            113.3707939,
            23.1415569
          ],
          [
            113.3685061,
            23.1425263
          ]
        ]
      },
      "id": "way/283893384"
    },
    {
      "type": "Feature",
      "properties": {
        "@id": "way/283893385",
        "bridge": "viaduct",
        "highway": "trunk_link",
        "lanes": "2",
        "layer": "2",
        "oneway": "yes"
      },
      "geometry": {
        "type": "LineString",
        "coordinates": [
          [
            113.3711156,
            23.1405724
          ],
          [
            113.3712463,
            23.1407689
          ],
          [
            113.3713483,
            23.1408356
          ],
          [
            113.3714342,
            23.1408561
          ],
          [
            113.3715003,
            23.1408639
          ],
          [
            113.3716729,
            23.1408372
          ],
          [
            113.3718403,
            23.1407511
          ],
          [
            113.3720803,
            23.1405731
          ],
          [
            113.3723238,
            23.1404352
          ],
          [
            113.3726793,
            23.1402872
          ],
          [
            113.3728743,
            23.1401666
          ],
          [
            113.3731965,
            23.1400545
          ],
          [
            113.3735636,
            23.1399217
          ]
        ]
      },
      "id": "way/283893385"
    },
    {
      "type": "Feature",
      "properties": {
        "@id": "way/283893386",
        "bridge": "viaduct",
        "highway": "trunk",
        "lanes": "4",
        "layer": "1",
        "name": "广园快速路",
        "name:en": "Guangyuan Expressway",
        "name:zh": "广园快速路",
        "oneway": "yes",
        "source": "Yahoo hires"
      },
      "geometry": {
        "type": "LineString",
        "coordinates": [
          [
            113.371712,
            23.1409723
          ],
          [
            113.3729112,
            23.1404801
          ],
          [
            113.373741,
            23.1401341
          ],
          [
            113.3743911,
            23.139857
          ]
        ]
      },
      "id": "way/283893386"
    },
    {
      "type": "Feature",
      "properties": {
        "@id": "way/283893387",
        "bridge": "viaduct",
        "highway": "trunk_link",
        "lanes": "2",
        "layer": "1",
        "oneway": "yes"
      },
      "geometry": {
        "type": "LineString",
        "coordinates": [
          [
            113.3724766,
            23.1428763
          ],
          [
            113.3724362,
            23.1430531
          ],
          [
            113.3723799,
            23.1432353
          ],
          [
            113.372333,
            23.1433408
          ],
          [
            113.3722733,
            23.1434592
          ],
          [
            113.3721657,
            23.1435975
          ],
          [
            113.3720709,
            23.1436754
          ],
          [
            113.371925,
            23.1437268
          ],
          [
            113.3718339,
            23.1437402
          ],
          [
            113.3716931,
            23.1437261
          ],
          [
            113.3715661,
            23.1436797
          ],
          [
            113.3714991,
            23.1436238
          ],
          [
            113.3713997,
            23.1435385
          ],
          [
            113.3713252,
            23.1434358
          ],
          [
            113.3712742,
            23.1433236
          ]
        ]
      },
      "id": "way/283893387"
    },
    {
      "type": "Feature",
      "properties": {
        "@id": "way/283893389",
        "bridge": "viaduct",
        "highway": "trunk",
        "lanes": "6",
        "layer": "1",
        "name": "科韵路",
        "name:en": "Keyun Road",
        "name:zh": "科韵路",
        "oneway": "yes"
      },
      "geometry": {
        "type": "LineString",
        "coordinates": [
          [
            113.3712888,
            23.1419548
          ],
          [
            113.3711568,
            23.1413595
          ],
          [
            113.3710308,
            23.1407608
          ],
          [
            113.370899,
            23.1402771
          ]
        ]
      },
      "id": "way/283893389"
    },
    {
      "type": "Feature",
      "properties": {
        "@id": "way/283893391",
        "highway": "trunk_link",
        "lanes": "2",
        "oneway": "yes"
      },
      "geometry": {
        "type": "LineString",
        "coordinates": [
          [
            113.3735636,
            23.1399217
          ],
          [
            113.3739924,
            23.1397547
          ],
          [
            113.374283,
            23.1396441
          ],
          [
            113.3745638,
            23.1395518
          ],
          [
            113.3748984,
            23.1394441
          ],
          [
            113.3753773,
            23.1393388
          ]
        ]
      },
      "id": "way/283893391"
    },
    {
      "type": "Feature",
      "properties": {
        "@id": "way/302473613",
        "bridge": "yes",
        "highway": "trunk",
        "layer": "2",
        "name": "科韵北路",
        "name:en": "Keyun North Road",
        "name:zh": "科韵北路",
        "oneway": "yes"
      },
      "geometry": {
        "type": "LineString",
        "coordinates": [
          [
            113.3732512,
            23.1486133
          ],
          [
            113.3732298,
            23.1495083
          ],
          [
            113.3731928,
            23.1507161
          ],
          [
            113.3731948,
            23.1511684
          ],
          [
            113.3732066,
            23.1515139
          ],
          [
            113.3732656,
            23.1519361
          ],
          [
            113.373369,
            23.1523198
          ],
          [
            113.3734479,
            23.1526044
          ]
        ]
      },
      "id": "way/302473613"
    },
    {
      "type": "Feature",
      "properties": {
        "@id": "way/302473627",
        "bridge": "yes",
        "highway": "primary",
        "layer": "2",
        "name": "科韵北路",
        "name:en": "Keyun North Road",
        "name:zh": "科韵北路",
        "oneway": "yes"
      },
      "geometry": {
        "type": "LineString",
        "coordinates": [
          [
            113.3758549,
            23.1567072
          ],
          [
            113.375364,
            23.1559929
          ],
          [
            113.3749244,
            23.1553041
          ],
          [
            113.374447,
            23.1545979
          ],
          [
            113.3739365,
            23.1538526
          ],
          [
            113.3738255,
            23.1536635
          ],
          [
            113.3736482,
            23.1533463
          ],
          [
            113.3734462,
            23.1529287
          ],
          [
            113.3732891,
            23.1525113
          ]
        ]
      },
      "id": "way/302473627"
    },
    {
      "type": "Feature",
      "properties": {
        "@id": "way/302473664",
        "highway": "trunk",
        "name": "科韵路",
        "name:en": "Keyun Road",
        "name:zh": "科韵路",
        "oneway": "yes"
      },
      "geometry": {
        "type": "LineString",
        "coordinates": [
          [
            113.3713601,
            23.1420591
          ],
          [
            113.3715773,
            23.1428443
          ],
          [
            113.3717631,
            23.1435939
          ],
          [
            113.371889,
            23.1440789
          ],
          [
            113.3720927,
            23.1448503
          ]
        ]
      },
      "id": "way/302473664"
    },
    {
      "type": "Feature",
      "properties": {
        "@id": "way/302473666",
        "bridge": "yes",
        "highway": "primary",
        "layer": "2",
        "name": "科韵北路",
        "name:en": "Keyun North Road",
        "name:zh": "科韵北路",
        "oneway": "yes"
      },
      "geometry": {
        "type": "LineString",
        "coordinates": [
          [
            113.3740103,
            23.1538062
          ],
          [
            113.3747492,
            23.154871
          ],
          [
            113.3749207,
            23.1551182
          ],
          [
            113.3759271,
            23.1566624
          ]
        ]
      },
      "id": "way/302473666"
    },
    {
      "type": "Feature",
      "properties": {
        "@id": "way/302473680",
        "highway": "primary",
        "name": "科韵北路",
        "name:en": "Keyun North Road",
        "name:zh": "科韵北路",
        "oneway": "yes"
      },
      "geometry": {
        "type": "LineString",
        "coordinates": [
          [
            113.3759271,
            23.1566624
          ],
          [
            113.3760382,
            23.1568243
          ],
          [
            113.3761523,
            23.1569894
          ],
          [
            113.3762786,
            23.1571924
          ],
          [
            113.3764511,
            23.1574195
          ],
          [
            113.3767738,
            23.1578074
          ]
        ]
      },
      "id": "way/302473680"
    },
    {
      "type": "Feature",
      "properties": {
        "@id": "way/316673489",
        "highway": "primary_link",
        "oneway": "yes"
      },
      "geometry": {
        "type": "LineString",
        "coordinates": [
          [
            113.3752357,
            23.1559469
          ],
          [
            113.3751714,
            23.1558439
          ],
          [
            113.3751404,
            23.155788
          ],
          [
            113.3751186,
            23.155727
          ],
          [
            113.3751228,
            23.1556755
          ],
          [
            113.3751491,
            23.1556456
          ],
          [
            113.3752001,
            23.1556111
          ],
          [
            113.3752376,
            23.1555963
          ],
          [
            113.3752787,
            23.1555902
          ],
          [
            113.3753268,
            23.1556003
          ],
          [
            113.3753633,
            23.1556236
          ],
          [
            113.3753936,
            23.155662
          ],
          [
            113.3754893,
            23.1558079
          ]
        ]
      },
      "id": "way/316673489"
    },
    {
      "type": "Feature",
      "properties": {
        "@id": "way/316902146",
        "highway": "tertiary",
        "name": "科新路",
        "name:en": "Kexin Road",
        "name:zh": "科新路"
      },
      "geometry": {
        "type": "LineString",
        "coordinates": [
          [
            113.3760796,
            23.1279713
          ],
          [
            113.3760902,
            23.1274282
          ],
          [
            113.3761408,
            23.1256613
          ],
          [
            113.3761471,
            23.1255103
          ],
          [
            113.376155,
            23.1253216
          ],
          [
            113.376161,
            23.1251782
          ],
          [
            113.3761746,
            23.1247646
          ],
          [
            113.3761871,
            23.124278
          ],
          [
            113.3761816,
            23.1240491
          ],
          [
            113.3761673,
            23.1238695
          ],
          [
            113.3761498,
            23.1236919
          ],
          [
            113.3761321,
            23.1235759
          ],
          [
            113.3761135,
            23.1234993
          ],
          [
            113.3760807,
            23.1233675
          ],
          [
            113.3760432,
            23.1232563
          ],
          [
            113.3760196,
            23.1231639
          ],
          [
            113.3760098,
            23.123091
          ],
          [
            113.3760071,
            23.1230096
          ],
          [
            113.3760041,
            23.1229199
          ],
          [
            113.3760029,
            23.1227694
          ],
          [
            113.3759908,
            23.122526
          ],
          [
            113.3759746,
            23.1222264
          ],
          [
            113.3759564,
            23.1219265
          ],
          [
            113.3759388,
            23.1216358
          ],
          [
            113.3759172,
            23.1211083
          ],
          [
            113.3758955,
            23.1208729
          ]
        ]
      },
      "id": "way/316902146"
    },
    {
      "type": "Feature",
      "properties": {
        "@id": "way/356956975",
        "highway": "trunk_link",
        "oneway": "yes"
      },
      "geometry": {
        "type": "LineString",
        "coordinates": [
          [
            113.3689963,
            23.119369
          ],
          [
            113.3691119,
            23.1199026
          ],
          [
            113.3691466,
            23.1200128
          ],
          [
            113.3692012,
            23.1201417
          ],
          [
            113.3692782,
            23.1202654
          ],
          [
            113.3693438,
            23.1203735
          ],
          [
            113.3694329,
            23.1204992
          ],
          [
            113.3695059,
            23.1205699
          ],
          [
            113.3695787,
            23.1206316
          ],
          [
            113.3696588,
            23.1206946
          ],
          [
            113.3698313,
            23.1207991
          ],
          [
            113.3699898,
            23.1208843
          ],
          [
            113.3702242,
            23.1210259
          ],
          [
            113.3703398,
            23.1211094
          ],
          [
            113.3704234,
            23.1211915
          ],
          [
            113.3705121,
            23.1212939
          ],
          [
            113.3705975,
            23.1214058
          ],
          [
            113.3706665,
            23.1214919
          ],
          [
            113.3707358,
            23.1215611
          ],
          [
            113.3708458,
            23.1216335
          ],
          [
            113.3709155,
            23.1216597
          ],
          [
            113.3709991,
            23.1216911
          ],
          [
            113.3711122,
            23.1217048
          ],
          [
            113.3712082,
            23.1216975
          ],
          [
            113.371369,
            23.1216822
          ],
          [
            113.3724035,
            23.1215237
          ]
        ]
      },
      "id": "way/356956975"
    },
    {
      "type": "Feature",
      "properties": {
        "@id": "way/356956977",
        "bicycle": "no",
        "foot": "no",
        "highway": "trunk_link",
        "oneway": "yes"
      },
      "geometry": {
        "type": "LineString",
        "coordinates": [
          [
            113.3705768,
            23.1228506
          ],
          [
            113.3706247,
            23.1230911
          ],
          [
            113.3706467,
            23.1232379
          ],
          [
            113.3706557,
            23.1233489
          ],
          [
            113.3706557,
            23.1235142
          ],
          [
            113.3706433,
            23.1236852
          ],
          [
            113.3706216,
            23.1238276
          ],
          [
            113.3705813,
            23.1239701
          ],
          [
            113.3705193,
            23.1241126
          ],
          [
            113.3704636,
            23.1241981
          ],
          [
            113.3703884,
            23.1242928
          ],
          [
            113.3702978,
            23.1243869
          ],
          [
            113.3701963,
            23.1244731
          ],
          [
            113.3700693,
            23.1245827
          ],
          [
            113.3699678,
            23.1246739
          ],
          [
            113.3698873,
            23.1247667
          ],
          [
            113.3698354,
            23.1248364
          ],
          [
            113.3697773,
            23.1249448
          ],
          [
            113.369737,
            23.1250481
          ],
          [
            113.3697123,
            23.1251572
          ],
          [
            113.3696961,
            23.125248
          ],
          [
            113.3696643,
            23.1254498
          ],
          [
            113.3696213,
            23.1257927
          ]
        ]
      },
      "id": "way/356956977"
    },
    {
      "type": "Feature",
      "properties": {
        "@id": "way/356956978",
        "highway": "trunk_link",
        "oneway": "yes"
      },
      "geometry": {
        "type": "LineString",
        "coordinates": [
          [
            113.3694438,
            23.1269074
          ],
          [
            113.3693905,
            23.1263571
          ],
          [
            113.3693772,
            23.1262555
          ],
          [
            113.3693435,
            23.1260896
          ],
          [
            113.3693157,
            23.1259541
          ],
          [
            113.3692595,
            23.1257257
          ],
          [
            113.3692107,
            23.1255205
          ],
          [
            113.3691388,
            23.1252158
          ],
          [
            113.3690767,
            23.124941
          ],
          [
            113.3690423,
            23.1247302
          ],
          [
            113.3690228,
            23.1245315
          ],
          [
            113.3690164,
            23.1243427
          ],
          [
            113.3690086,
            23.124089
          ]
        ]
      },
      "id": "way/356956978"
    },
    {
      "type": "Feature",
      "properties": {
        "@id": "way/356956982",
        "highway": "trunk_link",
        "oneway": "yes"
      },
      "geometry": {
        "type": "LineString",
        "coordinates": [
          [
            113.3703116,
            23.1319929
          ],
          [
            113.3701974,
            23.1317774
          ],
          [
            113.3701232,
            23.1316103
          ],
          [
            113.3700458,
            23.1314242
          ],
          [
            113.3698333,
            23.1308566
          ]
        ]
      },
      "id": "way/356956982"
    },
    {
      "type": "Feature",
      "properties": {
        "@id": "way/356956983",
        "bridge": "yes",
        "highway": "trunk",
        "layer": "1",
        "name": "科韵路",
        "name:en": "Keyun Road",
        "name:zh": "科韵路",
        "oneway": "yes"
      },
      "geometry": {
        "type": "LineString",
        "coordinates": [
          [
            113.3705668,
            23.1376972
          ],
          [
            113.3705403,
            23.1378894
          ],
          [
            113.3705343,
            23.1381484
          ],
          [
            113.3705583,
            23.1384075
          ],
          [
            113.3706169,
            23.1386851
          ],
          [
            113.3711156,
            23.1405724
          ]
        ]
      },
      "id": "way/356956983"
    },
    {
      "type": "Feature",
      "properties": {
        "@id": "way/356956984",
        "highway": "tertiary",
        "oneway": "yes"
      },
      "geometry": {
        "type": "LineString",
        "coordinates": [
          [
            113.3707108,
            23.1372689
          ],
          [
            113.3706712,
            23.1375528
          ],
          [
            113.3706593,
            23.1378
          ]
        ]
      },
      "id": "way/356956984"
    },
    {
      "type": "Feature",
      "properties": {
        "@id": "way/356956986",
        "highway": "tertiary",
        "name": "棠安路",
        "name:en": "Tang'an Road",
        "name:zh": "棠安路",
        "oneway": "yes"
      },
      "geometry": {
        "type": "LineString",
        "coordinates": [
          [
            113.3717998,
            23.1370262
          ],
          [
            113.3717665,
            23.1369457
          ],
          [
            113.3715315,
            23.1359762
          ],
          [
            113.3714565,
            23.1359383
          ],
          [
            113.3713934,
            23.1359391
          ],
          [
            113.3713147,
            23.1359677
          ],
          [
            113.3711629,
            23.1364149
          ],
          [
            113.3710636,
            23.1365062
          ]
        ]
      },
      "id": "way/356956986"
    },
    {
      "type": "Feature",
      "properties": {
        "@id": "way/356956987",
        "highway": "tertiary",
        "name": "棠安路",
        "name:en": "Tang'an Road",
        "name:zh": "棠安路",
        "oneway": "yes"
      },
      "geometry": {
        "type": "LineString",
        "coordinates": [
          [
            113.3712783,
            23.1351281
          ],
          [
            113.3714201,
            23.1353717
          ],
          [
            113.3718512,
            23.1369282
          ]
        ]
      },
      "id": "way/356956987"
    },
    {
      "type": "Feature",
      "properties": {
        "@id": "way/356956989",
        "highway": "tertiary",
        "oneway": "yes"
      },
      "geometry": {
        "type": "LineString",
        "coordinates": [
          [
            113.3729406,
            23.147421
          ],
          [
            113.3731102,
            23.1476937
          ],
          [
            113.3731751,
            23.1478197
          ],
          [
            113.3732393,
            23.1479793
          ],
          [
            113.3732779,
            23.148118
          ],
          [
            113.3733067,
            23.1482166
          ],
          [
            113.3733248,
            23.148305
          ],
          [
            113.3733326,
            23.1484153
          ],
          [
            113.3733348,
            23.1485406
          ],
          [
            113.3733338,
            23.148667
          ],
          [
            113.3733274,
            23.1489703
          ],
          [
            113.3733135,
            23.1491079
          ],
          [
            113.3732968,
            23.1491871
          ],
          [
            113.3732777,
            23.1492533
          ],
          [
            113.3732537,
            23.1493219
          ],
          [
            113.3732127,
            23.1494505
          ],
          [
            113.3732019,
            23.1495255
          ],
          [
            113.3731925,
            23.1496141
          ],
          [
            113.3731873,
            23.1497068
          ],
          [
            113.3731854,
            23.1498209
          ],
          [
            113.3731808,
            23.1499168
          ],
          [
            113.3731611,
            23.1499513
          ],
          [
            113.3731376,
            23.1499734
          ],
          [
            113.373112,
            23.1499833
          ],
          [
            113.3730713,
            23.1499881
          ],
          [
            113.3730404,
            23.1499823
          ],
          [
            113.3730215,
            23.1499749
          ]
        ]
      },
      "id": "way/356956989"
    },
    {
      "type": "Feature",
      "properties": {
        "@id": "way/356956990",
        "highway": "trunk",
        "name": "科韵北路",
        "name:en": "Keyun North Road",
        "name:zh": "科韵北路",
        "oneway": "yes"
      },
      "geometry": {
        "type": "LineString",
        "coordinates": [
          [
            113.3731209,
            23.1486133
          ],
          [
            113.3731203,
            23.1484539
          ],
          [
            113.3730858,
            23.1482224
          ],
          [
            113.373029,
            23.1480256
          ],
          [
            113.3729753,
            23.1478741
          ],
          [
            113.3727837,
            23.147396
          ]
        ]
      },
      "id": "way/356956990"
    },
    {
      "type": "Feature",
      "properties": {
        "@id": "way/356956991",
        "highway": "trunk_link",
        "oneway": "yes"
      },
      "geometry": {
        "type": "LineString",
        "coordinates": [
          [
            113.3698333,
            23.1308566
          ],
          [
            113.3697257,
            23.1305019
          ],
          [
            113.3696956,
            23.1303897
          ],
          [
            113.3696821,
            23.1303124
          ],
          [
            113.3696815,
            23.1302585
          ]
        ]
      },
      "id": "way/356956991"
    },
    {
      "type": "Feature",
      "properties": {
        "@id": "way/356956993",
        "highway": "trunk_link",
        "oneway": "yes"
      },
      "geometry": {
        "type": "LineString",
        "coordinates": [
          [
            113.3700651,
            23.1290047
          ],
          [
            113.3700923,
            23.1292219
          ],
          [
            113.3701113,
            23.1293656
          ],
          [
            113.3701079,
            23.1295538
          ]
        ]
      },
      "id": "way/356956993"
    },
    {
      "type": "Feature",
      "properties": {
        "@id": "way/356956995",
        "highway": "trunk_link",
        "oneway": "yes"
      },
      "geometry": {
        "type": "LineString",
        "coordinates": [
          [
            113.3701079,
            23.1295538
          ],
          [
            113.3700181,
            23.1296138
          ],
          [
            113.369644,
            23.1297776
          ],
          [
            113.3694837,
            23.129763
          ]
        ]
      },
      "id": "way/356956995"
    },
    {
      "type": "Feature",
      "properties": {
        "@id": "way/361593393",
        "highway": "tertiary_link",
        "oneway": "yes"
      },
      "geometry": {
        "type": "LineString",
        "coordinates": [
          [
            113.3743599,
            23.1210287
          ],
          [
            113.37443,
            23.1210458
          ],
          [
            113.374468,
            23.1210622
          ],
          [
            113.3744913,
            23.1210872
          ],
          [
            113.3745015,
            23.1211193
          ],
          [
            113.3744973,
            23.1211437
          ],
          [
            113.3744794,
            23.1211726
          ],
          [
            113.3744582,
            23.1211886
          ],
          [
            113.374427,
            23.1212104
          ]
        ]
      },
      "id": "way/361593393"
    },
    {
      "type": "Feature",
      "properties": {
        "@id": "way/405805000",
        "highway": "tertiary_link",
        "oneway": "yes"
      },
      "geometry": {
        "type": "LineString",
        "coordinates": [
          [
            113.3959102,
            23.1394077
          ],
          [
            113.3959798,
            23.1394835
          ],
          [
            113.396011,
            23.1395292
          ],
          [
            113.3960381,
            23.1395763
          ],
          [
            113.3960661,
            23.1396273
          ],
          [
            113.3960711,
            23.1396386
          ],
          [
            113.396105,
            23.139716
          ]
        ]
      },
      "id": "way/405805000"
    },
    {
      "type": "Feature",
      "properties": {
        "@id": "way/405831374",
        "highway": "trunk_link",
        "oneway": "yes"
      },
      "geometry": {
        "type": "LineString",
        "coordinates": [
          [
            113.3910682,
            23.1374194
          ],
          [
            113.3909114,
            23.1373279
          ],
          [
            113.3908484,
            23.1372871
          ],
          [
            113.3907947,
            23.137242
          ],
          [
            113.390755,
            23.1371969
          ],
          [
            113.3906966,
            23.1371325
          ],
          [
            113.3906265,
            23.1370359
          ],
          [
            113.3905705,
            23.1369457
          ],
          [
            113.3905121,
            23.1368534
          ],
          [
            113.3904584,
            23.1367697
          ],
          [
            113.3904327,
            23.1367074
          ],
          [
            113.3904104,
            23.1366175
          ]
        ]
      },
      "id": "way/405831374"
    },
    {
      "type": "Feature",
      "properties": {
        "@id": "way/405836022",
        "highway": "tertiary",
        "name": "健明四路",
        "name:en": "Jianming 4th Road",
        "name:zh": "健明四路",
        "oneway": "yes"
      },
      "geometry": {
        "type": "LineString",
        "coordinates": [
          [
            113.3907843,
            23.1373855
          ],
          [
            113.3907469,
            23.1374202
          ],
          [
            113.3907345,
            23.1374329
          ],
          [
            113.3907172,
            23.1374474
          ],
          [
            113.3906582,
            23.1375103
          ],
          [
            113.3906155,
            23.1375782
          ],
          [
            113.3905828,
            23.1376649
          ],
          [
            113.3905512,
            23.137868
          ],
          [
            113.3905349,
            23.1379562
          ],
          [
            113.3905138,
            23.1380693
          ],
          [
            113.3905005,
            23.1381259
          ],
          [
            113.3904688,
            23.1382598
          ],
          [
            113.3904357,
            23.1383758
          ],
          [
            113.3903731,
            23.1385392
          ],
          [
            113.3902527,
            23.1388165
          ],
          [
            113.3901933,
            23.13896
          ],
          [
            113.3901392,
            23.1390975
          ],
          [
            113.3900463,
            23.1392779
          ],
          [
            113.3899976,
            23.1394103
          ],
          [
            113.3899631,
            23.1395408
          ]
        ]
      },
      "id": "way/405836022"
    },
    {
      "type": "Feature",
      "properties": {
        "@id": "way/405838828",
        "highway": "tertiary_link",
        "oneway": "yes"
      },
      "geometry": {
        "type": "LineString",
        "coordinates": [
          [
            113.3901392,
            23.1390975
          ],
          [
            113.3901007,
            23.1392651
          ],
          [
            113.3901249,
            23.1393613
          ],
          [
            113.3901571,
            23.1394279
          ],
          [
            113.3901973,
            23.1394747
          ],
          [
            113.3902644,
            23.1395265
          ],
          [
            113.3904175,
            23.1396202
          ]
        ]
      },
      "id": "way/405838828"
    },
    {
      "type": "Feature",
      "properties": {
        "@id": "way/405838829",
        "highway": "tertiary_link",
        "oneway": "yes"
      },
      "geometry": {
        "type": "LineString",
        "coordinates": [
          [
            113.3893251,
            23.1394478
          ],
          [
            113.3895562,
            23.1394155
          ],
          [
            113.3896806,
            23.1393829
          ],
          [
            113.3897652,
            23.1393237
          ],
          [
            113.3898377,
            23.1392461
          ],
          [
            113.3899711,
            23.1390433
          ]
        ]
      },
      "id": "way/405838829"
    },
    {
      "type": "Feature",
      "properties": {
        "@id": "way/405838831",
        "highway": "tertiary_link",
        "oneway": "yes"
      },
      "geometry": {
        "type": "LineString",
        "coordinates": [
          [
            113.3902362,
            23.139666
          ],
          [
            113.3901007,
            23.1396943
          ],
          [
            113.3900283,
            23.1397263
          ],
          [
            113.3898926,
            23.1398458
          ]
        ]
      },
      "id": "way/405838831"
    },
    {
      "type": "Feature",
      "properties": {
        "@id": "way/405838832",
        "highway": "tertiary_link",
        "oneway": "yes"
      },
      "geometry": {
        "type": "LineString",
        "coordinates": [
          [
            113.3897576,
            23.139964
          ],
          [
            113.389693,
            23.1397707
          ],
          [
            113.3896528,
            23.1396967
          ],
          [
            113.3896126,
            23.1396573
          ],
          [
            113.3895428,
            23.1396055
          ],
          [
            113.3894402,
            23.1395497
          ]
        ]
      },
      "id": "way/405838832"
    },
    {
      "type": "Feature",
      "properties": {
        "@id": "way/405843079",
        "highway": "tertiary",
        "name": "健明四路",
        "name:en": "Jianming 4th Road",
        "name:zh": "健明四路",
        "oneway": "yes"
      },
      "geometry": {
        "type": "LineString",
        "coordinates": [
          [
            113.3899631,
            23.1395408
          ],
          [
            113.3899431,
            23.1396239
          ]
        ]
      },
      "id": "way/405843079"
    },
    {
      "type": "Feature",
      "properties": {
        "@id": "way/405843081",
        "highway": "tertiary",
        "name": "健明四路",
        "name:en": "Jianming 4th Road",
        "name:zh": "健明四路",
        "oneway": "yes"
      },
      "geometry": {
        "type": "LineString",
        "coordinates": [
          [
            113.3898217,
            23.1396074
          ],
          [
            113.3898333,
            23.1395194
          ]
        ]
      },
      "id": "way/405843081"
    },
    {
      "type": "Feature",
      "properties": {
        "@id": "way/405843086",
        "highway": "tertiary",
        "name": "健明四路",
        "name:en": "Jianming 4th Road",
        "name:zh": "健明四路",
        "oneway": "yes"
      },
      "geometry": {
        "type": "LineString",
        "coordinates": [
          [
            113.3896149,
            23.1417634
          ],
          [
            113.3896117,
            23.1418539
          ]
        ]
      },
      "id": "way/405843086"
    },
    {
      "type": "Feature",
      "properties": {
        "@id": "way/405843088",
        "highway": "tertiary",
        "name": "健明四路",
        "name:en": "Jianming 4th Road",
        "name:zh": "健明四路",
        "oneway": "yes"
      },
      "geometry": {
        "type": "LineString",
        "coordinates": [
          [
            113.3895356,
            23.1418636
          ],
          [
            113.3895326,
            23.1417749
          ]
        ]
      },
      "id": "way/405843088"
    },
    {
      "type": "Feature",
      "properties": {
        "@id": "way/405843091",
        "highway": "tertiary",
        "name": "健明四路",
        "name:en": "Jianming 4th Road",
        "name:zh": "健明四路",
        "oneway": "yes"
      },
      "geometry": {
        "type": "LineString",
        "coordinates": [
          [
            113.3896117,
            23.1418539
          ],
          [
            113.3896212,
            23.1421716
          ],
          [
            113.3896239,
            23.1422376
          ],
          [
            113.3896359,
            23.1425358
          ],
          [
            113.3896439,
            23.142738
          ],
          [
            113.3896771,
            23.1431382
          ],
          [
            113.3897232,
            23.1435038
          ],
          [
            113.3897943,
            23.1440074
          ],
          [
            113.3898044,
            23.1440793
          ]
        ]
      },
      "id": "way/405843091"
    },
    {
      "type": "Feature",
      "properties": {
        "@id": "way/405844197",
        "highway": "tertiary",
        "name": "健明四路",
        "name:en": "Jianming 4th Road",
        "name:zh": "健明四路",
        "oneway": "yes"
      },
      "geometry": {
        "type": "LineString",
        "coordinates": [
          [
            113.3899711,
            23.1390433
          ],
          [
            113.3900374,
            23.1388443
          ],
          [
            113.3901486,
            23.1384729
          ],
          [
            113.3902554,
            23.1381508
          ],
          [
            113.3902771,
            23.1380851
          ],
          [
            113.390312,
            23.1379577
          ],
          [
            113.3903203,
            23.1379258
          ],
          [
            113.3903604,
            23.1377708
          ],
          [
            113.3903808,
            23.1376688
          ],
          [
            113.3903898,
            23.1375638
          ]
        ]
      },
      "id": "way/405844197"
    },
    {
      "type": "Feature",
      "properties": {
        "@id": "way/405844199",
        "highway": "tertiary",
        "name": "健明四路",
        "name:en": "Jianming 4th Road",
        "name:zh": "健明四路",
        "oneway": "yes"
      },
      "geometry": {
        "type": "LineString",
        "coordinates": [
          [
            113.3899431,
            23.1396239
          ],
          [
            113.3898926,
            23.1398458
          ],
          [
            113.3898388,
            23.1400912
          ],
          [
            113.3897857,
            23.1403567
          ],
          [
            113.3897466,
            23.1406004
          ],
          [
            113.3896988,
            23.1408996
          ],
          [
            113.3896719,
            23.1410926
          ],
          [
            113.389651,
            23.1412695
          ],
          [
            113.3896372,
            23.1414236
          ],
          [
            113.3896149,
            23.1417634
          ]
        ]
      },
      "id": "way/405844199"
    },
    {
      "type": "Feature",
      "properties": {
        "@id": "way/405846596",
        "highway": "tertiary",
        "name": "健明四路",
        "name:en": "Jianming 4th Road",
        "name:zh": "健明四路",
        "oneway": "yes"
      },
      "geometry": {
        "type": "LineString",
        "coordinates": [
          [
            113.3897435,
            23.1440904
          ],
          [
            113.3896704,
            23.1436119
          ],
          [
            113.3896338,
            23.1432979
          ],
          [
            113.3896094,
            23.1430848
          ],
          [
            113.3895847,
            23.1427329
          ],
          [
            113.389566,
            23.1424222
          ],
          [
            113.3895572,
            23.1422492
          ],
          [
            113.3895356,
            23.1418636
          ]
        ]
      },
      "id": "way/405846596"
    },
    {
      "type": "Feature",
      "properties": {
        "@id": "way/428414887",
        "bridge": "yes",
        "highway": "trunk",
        "layer": "1",
        "name": "黄埔大道中",
        "name:en": "Huangpu Avenue Middle",
        "name:zh": "黄埔大道中",
        "oneway": "yes"
      },
      "geometry": {
        "type": "LineString",
        "coordinates": [
          [
            113.3732601,
            23.1214979
          ],
          [
            113.373013,
            23.121554
          ]
        ]
      },
      "id": "way/428414887"
    },
    {
      "type": "Feature",
      "properties": {
        "@id": "way/428414904",
        "bridge": "yes",
        "highway": "trunk",
        "layer": "1",
        "name": "黄埔大道中",
        "name:en": "Huangpu Avenue Middle",
        "name:zh": "黄埔大道中",
        "oneway": "yes"
      },
      "geometry": {
        "type": "LineString",
        "coordinates": [
          [
            113.3730355,
            23.1213703
          ],
          [
            113.3732759,
            23.1213097
          ]
        ]
      },
      "id": "way/428414904"
    },
    {
      "type": "Feature",
      "properties": {
        "@id": "way/444226122",
        "highway": "trunk",
        "lanes": "4",
        "name": "黄埔大道中",
        "name:en": "Huangpu Avenue Middle",
        "name:zh": "黄埔大道中",
        "oneway": "yes"
      },
      "geometry": {
        "type": "LineString",
        "coordinates": [
          [
            113.3803939,
            23.1198106
          ],
          [
            113.3802109,
            23.1198601
          ],
          [
            113.3799522,
            23.1199255
          ],
          [
            113.3795589,
            23.1200232
          ],
          [
            113.3792836,
            23.1200871
          ],
          [
            113.3789655,
            23.1201609
          ],
          [
            113.3777407,
            23.120445
          ],
          [
            113.3758955,
            23.1208729
          ]
        ]
      },
      "id": "way/444226122"
    },
    {
      "type": "Feature",
      "properties": {
        "@id": "way/444229689",
        "access": "yes",
        "highway": "trunk_link",
        "lanes": "2",
        "oneway": "yes",
        "sidewalk": "right"
      },
      "geometry": {
        "type": "LineString",
        "coordinates": [
          [
            113.3774145,
            23.1390572
          ],
          [
            113.3770402,
            23.1392632
          ],
          [
            113.3766381,
            23.1393946
          ],
          [
            113.3762435,
            23.1395271
          ],
          [
            113.3760505,
            23.1395953
          ],
          [
            113.3757187,
            23.1397283
          ],
          [
            113.3754206,
            23.1398471
          ],
          [
            113.374399,
            23.1402544
          ],
          [
            113.3740351,
            23.1404171
          ]
        ]
      },
      "id": "way/444229689"
    },
    {
      "type": "Feature",
      "properties": {
        "@id": "way/444229690",
        "highway": "trunk_link",
        "oneway": "yes"
      },
      "geometry": {
        "type": "LineString",
        "coordinates": [
          [
            113.3740351,
            23.1404171
          ],
          [
            113.3739232,
            23.1404342
          ],
          [
            113.3738647,
            23.1404354
          ],
          [
            113.3737992,
            23.1404256
          ],
          [
            113.3737267,
            23.1403898
          ],
          [
            113.3736683,
            23.1403437
          ],
          [
            113.3736376,
            23.140284
          ],
          [
            113.3736188,
            23.1401484
          ],
          [
            113.3736305,
            23.1400627
          ],
          [
            113.3736718,
            23.139996
          ],
          [
            113.373732,
            23.1399467
          ],
          [
            113.3744811,
            23.1396538
          ],
          [
            113.3753773,
            23.1393388
          ]
        ]
      },
      "id": "way/444229690"
    },
    {
      "type": "Feature",
      "properties": {
        "@id": "way/444232766",
        "highway": "secondary",
        "name": "车陂路",
        "name:en": "Chebei Road",
        "name:zh": "车陂路",
        "oneway": "yes",
        "source": "Yahoo hires"
      },
      "geometry": {
        "type": "LineString",
        "coordinates": [
          [
            113.3959102,
            23.1394077
          ],
          [
            113.3961415,
            23.1395339
          ],
          [
            113.3961755,
            23.1395524
          ]
        ]
      },
      "id": "way/444232766"
    },
    {
      "type": "Feature",
      "properties": {
        "@id": "way/444232767",
        "highway": "secondary",
        "name": "车陂路",
        "name:en": "Chebei Road",
        "name:zh": "车陂路",
        "oneway": "yes",
        "source": "Yahoo hires"
      },
      "geometry": {
        "type": "LineString",
        "coordinates": [
          [
            113.396105,
            23.139716
          ],
          [
            113.3960405,
            23.1396842
          ],
          [
            113.3959729,
            23.1396509
          ],
          [
            113.3951169,
            23.1392294
          ],
          [
            113.394971,
            23.1391575
          ],
          [
            113.3948412,
            23.1390936
          ],
          [
            113.3934707,
            23.1384171
          ],
          [
            113.3927666,
            23.1380368
          ],
          [
            113.3920862,
            23.1376726
          ]
        ]
      },
      "id": "way/444232767"
    },
    {
      "type": "Feature",
      "properties": {
        "@id": "way/444232768",
        "highway": "secondary",
        "name": "车陂路",
        "name:en": "Chebei Road",
        "name:zh": "车陂路",
        "oneway": "yes",
        "source": "Yahoo hires"
      },
      "geometry": {
        "type": "LineString",
        "coordinates": [
          [
            113.3920862,
            23.1376726
          ],
          [
            113.3913595,
            23.1372835
          ],
          [
            113.3910236,
            23.1370986
          ],
          [
            113.3908935,
            23.1370212
          ],
          [
            113.3907523,
            23.1369291
          ],
          [
            113.3906237,
            23.1368261
          ],
          [
            113.3905268,
            23.1367393
          ],
          [
            113.3904104,
            23.1366175
          ],
          [
            113.3902566,
            23.1364313
          ]
        ]
      },
      "id": "way/444232768"
    },
    {
      "type": "Feature",
      "properties": {
        "@id": "way/444232771",
        "highway": "trunk_link",
        "oneway": "yes"
      },
      "geometry": {
        "type": "LineString",
        "coordinates": [
          [
            113.3907843,
            23.1373855
          ],
          [
            113.3902008,
            23.1373204
          ]
        ]
      },
      "id": "way/444232771"
    },
    {
      "type": "Feature",
      "properties": {
        "@id": "way/444232775",
        "highway": "tertiary",
        "name": "健明四路",
        "name:en": "Jianming 4th Road",
        "name:zh": "健明四路",
        "oneway": "yes"
      },
      "geometry": {
        "type": "LineString",
        "coordinates": [
          [
            113.3895283,
            23.1414562
          ],
          [
            113.3895362,
            23.1413187
          ],
          [
            113.38955,
            23.1411936
          ],
          [
            113.3895708,
            23.1410362
          ],
          [
            113.3895881,
            23.1408943
          ],
          [
            113.3895958,
            23.1408315
          ],
          [
            113.3896367,
            23.1405717
          ],
          [
            113.3896855,
            23.1403055
          ],
          [
            113.3897221,
            23.1401325
          ],
          [
            113.3897576,
            23.139964
          ],
          [
            113.3897934,
            23.1397529
          ],
          [
            113.3898217,
            23.1396074
          ]
        ]
      },
      "id": "way/444232775"
    },
    {
      "type": "Feature",
      "properties": {
        "@id": "way/444243627",
        "access": "yes",
        "highway": "trunk_link",
        "oneway": "yes",
        "sidewalk": "right"
      },
      "geometry": {
        "type": "LineString",
        "coordinates": [
          [
            113.3902008,
            23.1373204
          ],
          [
            113.3887597,
            23.1371331
          ],
          [
            113.388491,
            23.1370943
          ],
          [
            113.3882533,
            23.1370585
          ],
          [
            113.3880237,
            23.137019
          ],
          [
            113.3878436,
            23.1369916
          ],
          [
            113.3877076,
            23.136983
          ],
          [
            113.3875797,
            23.1369794
          ],
          [
            113.3874313,
            23.1369852
          ],
          [
            113.3872868,
            23.1369979
          ],
          [
            113.3870587,
            23.1370236
          ],
          [
            113.3868055,
            23.1370568
          ],
          [
            113.3866249,
            23.1370842
          ],
          [
            113.3860704,
            23.1371684
          ],
          [
            113.3855593,
            23.137246
          ],
          [
            113.3847271,
            23.1372878
          ]
        ]
      },
      "id": "way/444243627"
    },
    {
      "type": "Feature",
      "properties": {
        "@id": "way/444243628",
        "highway": "trunk",
        "lanes": "4",
        "name": "广园快速路",
        "name:en": "Guangyuan Expressway",
        "name:zh": "广园快速路",
        "oneway": "yes",
        "source": "Yahoo hires"
      },
      "geometry": {
        "type": "LineString",
        "coordinates": [
          [
            113.3774145,
            23.1390572
          ],
          [
            113.3762325,
            23.1393988
          ],
          [
            113.3755061,
            23.1396655
          ],
          [
            113.374558,
            23.1400339
          ]
        ]
      },
      "id": "way/444243628"
    },
    {
      "type": "Feature",
      "properties": {
        "@id": "way/444243629",
        "highway": "trunk_link",
        "lanes": "2",
        "oneway": "yes"
      },
      "geometry": {
        "type": "LineString",
        "coordinates": [
          [
            113.3740351,
            23.1404171
          ],
          [
            113.373822,
            23.1405081
          ],
          [
            113.3736075,
            23.1406191
          ],
          [
            113.3735381,
            23.1406663
          ],
          [
            113.3734548,
            23.140723
          ],
          [
            113.3733154,
            23.1408538
          ],
          [
            113.3732134,
            23.1409968
          ],
          [
            113.3731056,
            23.1411849
          ],
          [
            113.3730008,
            23.1413649
          ]
        ]
      },
      "id": "way/444243629"
    },
    {
      "type": "Feature",
      "properties": {
        "@id": "way/444243630",
        "highway": "trunk_link",
        "lanes": "2",
        "oneway": "yes"
      },
      "geometry": {
        "type": "LineString",
        "coordinates": [
          [
            113.3753773,
            23.1393388
          ],
          [
            113.3760236,
            23.1391309
          ],
          [
            113.376509,
            23.1390068
          ],
          [
            113.3769012,
            23.1389339
          ],
          [
            113.3772885,
            23.1388934
          ]
        ]
      },
      "id": "way/444243630"
    },
    {
      "type": "Feature",
      "properties": {
        "@id": "way/444243631",
        "highway": "trunk",
        "lanes": "4",
        "name": "广园快速路",
        "name:en": "Guangyuan Expressway",
        "name:zh": "广园快速路",
        "oneway": "yes",
        "source": "Yahoo hires"
      },
      "geometry": {
        "type": "LineString",
        "coordinates": [
          [
            113.3772885,
            23.1388934
          ],
          [
            113.3778269,
            23.138759
          ],
          [
            113.3789031,
            23.1385012
          ],
          [
            113.3823835,
            23.137642
          ],
          [
            113.3838804,
            23.1372896
          ],
          [
            113.3853686,
            23.1369416
          ],
          [
            113.3857815,
            23.1368504
          ],
          [
            113.3867579,
            23.1366069
          ]
        ]
      },
      "id": "way/444243631"
    },
    {
      "type": "Feature",
      "properties": {
        "@id": "way/444243632",
        "highway": "secondary",
        "name": "车陂路",
        "name:en": "Chebei Road",
        "name:zh": "车陂路",
        "oneway": "yes",
        "sidewalk": "right",
        "source": "Yahoo hires"
      },
      "geometry": {
        "type": "LineString",
        "coordinates": [
          [
            113.3897259,
            23.1349344
          ],
          [
            113.3896677,
            23.1347533
          ],
          [
            113.3895879,
            23.1345625
          ],
          [
            113.3893901,
            23.1341834
          ],
          [
            113.3886092,
            23.1327168
          ],
          [
            113.388577,
            23.1326563
          ],
          [
            113.3885162,
            23.1325422
          ]
        ]
      },
      "id": "way/444243632"
    },
    {
      "type": "Feature",
      "properties": {
        "@id": "way/444423721",
        "highway": "secondary_link",
        "oneway": "yes"
      },
      "geometry": {
        "type": "LineString",
        "coordinates": [
          [
            113.3860968,
            23.1236742
          ],
          [
            113.3860675,
            23.1237323
          ],
          [
            113.3860445,
            23.1237762
          ],
          [
            113.3860179,
            23.1238007
          ],
          [
            113.3859737,
            23.1238186
          ],
          [
            113.3859294,
            23.1238169
          ],
          [
            113.3858923,
            23.123799
          ],
          [
            113.3858516,
            23.1237658
          ]
        ]
      },
      "id": "way/444423721"
    },
    {
      "type": "Feature",
      "properties": {
        "@id": "way/444428466",
        "highway": "secondary",
        "name": "车陂路",
        "name:en": "Chebei Road",
        "name:zh": "车陂路",
        "oneway": "yes",
        "source": "Yahoo hires"
      },
      "geometry": {
        "type": "LineString",
        "coordinates": [
          [
            113.3860968,
            23.1236742
          ],
          [
            113.3861656,
            23.1239366
          ],
          [
            113.3862149,
            23.1241258
          ]
        ]
      },
      "id": "way/444428466"
    },
    {
      "type": "Feature",
      "properties": {
        "@id": "way/444428467",
        "highway": "secondary",
        "name": "车陂路",
        "name:en": "Chebei Road",
        "name:zh": "车陂路",
        "oneway": "yes",
        "source": "Yahoo hires"
      },
      "geometry": {
        "type": "LineString",
        "coordinates": [
          [
            113.3858516,
            23.1237658
          ],
          [
            113.3854532,
            23.1222145
          ],
          [
            113.3853978,
            23.1219978
          ],
          [
            113.3851572,
            23.1210064
          ],
          [
            113.3850322,
            23.1205338
          ]
        ]
      },
      "id": "way/444428467"
    },
    {
      "type": "Feature",
      "properties": {
        "@id": "way/445915108",
        "bridge": "yes",
        "highway": "trunk",
        "lanes": "4",
        "layer": "1",
        "name": "广园快速路",
        "name:en": "Guangyuan Expressway",
        "name:zh": "广园快速路",
        "oneway": "yes",
        "source": "Yahoo hires"
      },
      "geometry": {
        "type": "LineString",
        "coordinates": [
          [
            113.3626176,
            23.144695
          ],
          [
            113.3639072,
            23.1441851
          ],
          [
            113.3659931,
            23.1433045
          ]
        ]
      },
      "id": "way/445915108"
    },
    {
      "type": "Feature",
      "properties": {
        "@id": "way/445915109",
        "highway": "trunk",
        "lanes": "4",
        "name": "广园快速路",
        "name:en": "Guangyuan Expressway",
        "name:zh": "广园快速路",
        "oneway": "yes",
        "source": "Yahoo hires"
      },
      "geometry": {
        "type": "LineString",
        "coordinates": [
          [
            113.3659931,
            23.1433045
          ],
          [
            113.3670752,
            23.1428381
          ],
          [
            113.3679481,
            23.1424887
          ]
        ]
      },
      "id": "way/445915109"
    },
    {
      "type": "Feature",
      "properties": {
        "@id": "way/445915110",
        "highway": "trunk",
        "lanes": "4",
        "name": "广园快速路",
        "name:en": "Guangyuan Expressway",
        "name:zh": "广园快速路",
        "oneway": "yes",
        "source": "Yahoo hires"
      },
      "geometry": {
        "type": "LineString",
        "coordinates": [
          [
            113.360058,
            23.1457617
          ],
          [
            113.3593806,
            23.1459596
          ],
          [
            113.358471,
            23.1462185
          ],
          [
            113.3578743,
            23.1463996
          ],
          [
            113.3573419,
            23.1465553
          ]
        ]
      },
      "id": "way/445915110"
    },
    {
      "type": "Feature",
      "properties": {
        "@id": "way/445915113",
        "bridge": "yes",
        "highway": "trunk",
        "lanes": "4",
        "layer": "1",
        "name": "广园快速路",
        "name:en": "Guangyuan Expressway",
        "name:zh": "广园快速路",
        "oneway": "yes",
        "source": "Yahoo hires"
      },
      "geometry": {
        "type": "LineString",
        "coordinates": [
          [
            113.3660325,
            23.1434705
          ],
          [
            113.365694,
            23.143603
          ],
          [
            113.3646331,
            23.1440395
          ],
          [
            113.3639394,
            23.1443307
          ],
          [
            113.3622175,
            23.1450686
          ]
        ]
      },
      "id": "way/445915113"
    },
    {
      "type": "Feature",
      "properties": {
        "@id": "way/445916027",
        "bicycle": "yes",
        "foot": "yes",
        "highway": "trunk_link",
        "oneway": "yes",
        "sidewalk": "right"
      },
      "geometry": {
        "type": "LineString",
        "coordinates": [
          [
            113.361641,
            23.145294
          ],
          [
            113.3614187,
            23.1454387
          ],
          [
            113.3613531,
            23.1455053
          ],
          [
            113.3612896,
            23.1455904
          ],
          [
            113.3612636,
            23.1456678
          ],
          [
            113.3612381,
            23.1457967
          ],
          [
            113.3612339,
            23.1466969
          ],
          [
            113.3611695,
            23.1468553
          ]
        ]
      },
      "id": "way/445916027"
    },
    {
      "type": "Feature",
      "properties": {
        "@id": "way/445916475",
        "highway": "trunk",
        "lanes": "4",
        "name": "广园快速路",
        "name:en": "Guangyuan Expressway",
        "name:zh": "广园快速路",
        "oneway": "yes",
        "source": "Yahoo hires"
      },
      "geometry": {
        "type": "LineString",
        "coordinates": [
          [
            113.3942541,
            23.1347418
          ],
          [
            113.3955618,
            23.1344117
          ]
        ]
      },
      "id": "way/445916475"
    },
    {
      "type": "Feature",
      "properties": {
        "@id": "way/447191951",
        "highway": "trunk",
        "name": "科韵北路",
        "name:en": "Keyun North Road",
        "name:zh": "科韵北路",
        "oneway": "yes"
      },
      "geometry": {
        "type": "LineString",
        "coordinates": [
          [
            113.3720927,
            23.1448503
          ],
          [
            113.3721565,
            23.1451241
          ],
          [
            113.3722375,
            23.1454532
          ],
          [
            113.3723303,
            23.1457794
          ],
          [
            113.3724293,
            23.1460786
          ],
          [
            113.3727097,
            23.1468658
          ],
          [
            113.3729406,
            23.147421
          ]
        ]
      },
      "id": "way/447191951"
    },
    {
      "type": "Feature",
      "properties": {
        "@id": "way/447191952",
        "highway": "trunk",
        "name": "科韵路",
        "name:en": "Keyun Road",
        "name:zh": "科韵路",
        "oneway": "yes"
      },
      "geometry": {
        "type": "LineString",
        "coordinates": [
          [
            113.371826,
            23.1444219
          ],
          [
            113.3712888,
            23.1419548
          ]
        ]
      },
      "id": "way/447191952"
    },
    {
      "type": "Feature",
      "properties": {
        "@id": "way/449494423",
        "highway": "tertiary",
        "name": "华景北路",
        "name:en": "Huajing North Road",
        "name:zh": "华景北路",
        "oneway": "yes"
      },
      "geometry": {
        "type": "LineString",
        "coordinates": [
          [
            113.3547631,
            23.1441103
          ],
          [
            113.3548749,
            23.1440897
          ],
          [
            113.3550378,
            23.1440641
          ],
          [
            113.3553013,
            23.1440312
          ],
          [
            113.3561247,
            23.1439238
          ],
          [
            113.3563777,
            23.1438934
          ],
          [
            113.3583408,
            23.1436578
          ],
          [
            113.358521,
            23.1436362
          ],
          [
            113.3595598,
            23.1435027
          ],
          [
            113.3596609,
            23.1434901
          ],
          [
            113.3604556,
            23.1433908
          ]
        ]
      },
      "id": "way/449494423"
    },
    {
      "type": "Feature",
      "properties": {
        "@id": "way/449531937",
        "highway": "tertiary",
        "name": "华景北路",
        "name:en": "Huajing North Road",
        "name:zh": "华景北路",
        "oneway": "yes"
      },
      "geometry": {
        "type": "LineString",
        "coordinates": [
          [
            113.3602243,
            23.1435105
          ],
          [
            113.3596698,
            23.1435822
          ],
          [
            113.3585663,
            23.1437248
          ],
          [
            113.3583557,
            23.1437496
          ],
          [
            113.3563949,
            23.1439806
          ],
          [
            113.3561738,
            23.1440086
          ],
          [
            113.355079,
            23.1441297
          ],
          [
            113.3548652,
            23.1441594
          ],
          [
            113.3547871,
            23.1441742
          ]
        ]
      },
      "id": "way/449531937"
    },
    {
      "type": "Feature",
      "properties": {
        "@id": "way/449785735",
        "bicycle": "no",
        "foot": "no",
        "highway": "trunk",
        "name": "黄埔大道中",
        "name:en": "Huangpu Avenue Middle",
        "name:zh": "黄埔大道中",
        "oneway": "yes"
      },
      "geometry": {
        "type": "LineString",
        "coordinates": [
          [
            113.3664884,
            23.1229132
          ],
          [
            113.3669834,
            23.1228181
          ],
          [
            113.3671966,
            23.1227729
          ],
          [
            113.3675037,
            23.1227001
          ],
          [
            113.3683526,
            23.1224956
          ],
          [
            113.3692,
            23.1222895
          ]
        ]
      },
      "id": "way/449785735"
    },
    {
      "type": "Feature",
      "properties": {
        "@id": "way/449790323",
        "bicycle": "yes",
        "highway": "trunk",
        "name": "科韵路",
        "name:en": "Keyun Road",
        "name:zh": "科韵路",
        "oneway": "yes"
      },
      "geometry": {
        "type": "LineString",
        "coordinates": [
          [
            113.3695261,
            23.1234182
          ],
          [
            113.3695751,
            23.1240193
          ],
          [
            113.3696067,
            23.1246919
          ],
          [
            113.3696177,
            23.1252523
          ],
          [
            113.3696213,
            23.1257927
          ]
        ]
      },
      "id": "way/449790323"
    },
    {
      "type": "Feature",
      "properties": {
        "@id": "way/449790324",
        "bicycle": "no",
        "foot": "no",
        "highway": "trunk",
        "name": "黄埔大道中",
        "name:en": "Huangpu Avenue Middle",
        "name:zh": "黄埔大道中",
        "oneway": "yes"
      },
      "geometry": {
        "type": "LineString",
        "coordinates": [
          [
            113.3694336,
            23.1223537
          ],
          [
            113.3682266,
            23.12264
          ],
          [
            113.3673814,
            23.1228467
          ],
          [
            113.3665183,
            23.1230748
          ]
        ]
      },
      "id": "way/449790324"
    },
    {
      "type": "Feature",
      "properties": {
        "@id": "way/449889662",
        "highway": "trunk",
        "name": "黄埔大道中",
        "name:en": "Huangpu Avenue Middle",
        "name:zh": "黄埔大道中",
        "oneway": "yes"
      },
      "geometry": {
        "type": "LineString",
        "coordinates": [
          [
            113.3692,
            23.1222895
          ],
          [
            113.3704379,
            23.1220006
          ],
          [
            113.3709307,
            23.1218829
          ],
          [
            113.3717066,
            23.1216976
          ],
          [
            113.3724035,
            23.1215237
          ]
        ]
      },
      "id": "way/449889662"
    },
    {
      "type": "Feature",
      "properties": {
        "@id": "way/450920616",
        "highway": "trunk",
        "name": "中山大道西",
        "name:en": "Zhongshan Avenue West",
        "name:zh": "中山大道西",
        "oneway": "yes",
        "ref": "G107",
        "source": "Yahoo hires"
      },
      "geometry": {
        "type": "LineString",
        "coordinates": [
          [
            113.3617005,
            23.1345695
          ],
          [
            113.3612304,
            23.1347951
          ],
          [
            113.3609629,
            23.1349234
          ],
          [
            113.3604265,
            23.1351353
          ],
          [
            113.3598467,
            23.1353618
          ],
          [
            113.3596312,
            23.1354357
          ],
          [
            113.3594457,
            23.135487
          ],
          [
            113.3589552,
            23.1356642
          ],
          [
            113.3582387,
            23.135919
          ]
        ]
      },
      "id": "way/450920616"
    },
    {
      "type": "Feature",
      "properties": {
        "@id": "way/458879579",
        "highway": "tertiary",
        "name": "棠安路",
        "name:en": "Tang'an Road",
        "name:zh": "棠安路",
        "oneway": "yes"
      },
      "geometry": {
        "type": "LineString",
        "coordinates": [
          [
            113.3718512,
            23.1369282
          ],
          [
            113.3725815,
            23.1367835
          ],
          [
            113.3732104,
            23.1366589
          ]
        ]
      },
      "id": "way/458879579"
    },
    {
      "type": "Feature",
      "properties": {
        "@id": "way/458879969",
        "highway": "tertiary",
        "name": "棠德南路",
        "name:en": "Tangde South Road",
        "name:zh": "棠德南路"
      },
      "geometry": {
        "type": "LineString",
        "coordinates": [
          [
            113.3819532,
            23.133817
          ],
          [
            113.3815193,
            23.133896
          ],
          [
            113.3809353,
            23.1340023
          ],
          [
            113.3806236,
            23.134059
          ],
          [
            113.3804186,
            23.1340963
          ],
          [
            113.3799296,
            23.1341829
          ],
          [
            113.379453,
            23.1342673
          ],
          [
            113.3785027,
            23.1344356
          ],
          [
            113.3781999,
            23.1344893
          ],
          [
            113.3777237,
            23.1345736
          ],
          [
            113.3774653,
            23.1346219
          ],
          [
            113.3769459,
            23.1347191
          ],
          [
            113.3760516,
            23.1348864
          ],
          [
            113.3759805,
            23.1348994
          ],
          [
            113.3753584,
            23.1350128
          ],
          [
            113.3751544,
            23.13505
          ],
          [
            113.3739472,
            23.1352614
          ],
          [
            113.3738426,
            23.1352853
          ],
          [
            113.3736973,
            23.1353368
          ],
          [
            113.3736374,
            23.1353667
          ],
          [
            113.3735164,
            23.1354369
          ],
          [
            113.3734637,
            23.1354613
          ],
          [
            113.3734167,
            23.1354767
          ],
          [
            113.3729571,
            23.1356084
          ]
        ]
      },
      "id": "way/458879969"
    },
    {
      "type": "Feature",
      "properties": {
        "@id": "way/459014450",
        "foot": "no",
        "highway": "tertiary",
        "oneway": "yes"
      },
      "geometry": {
        "type": "LineString",
        "coordinates": [
          [
            113.3705988,
            23.1396212
          ],
          [
            113.3705249,
            23.139559
          ],
          [
            113.3704787,
            23.1394432
          ],
          [
            113.3703158,
            23.1387507
          ],
          [
            113.3702641,
            23.1384575
          ],
          [
            113.3702405,
            23.1382697
          ],
          [
            113.3702313,
            23.1380801
          ],
          [
            113.3702367,
            23.1378923
          ],
          [
            113.3702516,
            23.1377684
          ],
          [
            113.3702951,
            23.1375729
          ],
          [
            113.3703454,
            23.1374302
          ],
          [
            113.3704053,
            23.1372775
          ]
        ]
      },
      "id": "way/459014450"
    },
    {
      "type": "Feature",
      "properties": {
        "@id": "way/459014451",
        "highway": "trunk",
        "name": "科韵路",
        "name:en": "Keyun Road",
        "name:zh": "科韵路",
        "oneway": "yes",
        "sidewalk": "right"
      },
      "geometry": {
        "type": "LineString",
        "coordinates": [
          [
            113.3706248,
            23.1370493
          ],
          [
            113.3707465,
            23.1367212
          ],
          [
            113.3708268,
            23.1365468
          ],
          [
            113.3708858,
            23.1364193
          ],
          [
            113.3709563,
            23.1362523
          ],
          [
            113.3709968,
            23.1361439
          ],
          [
            113.3710217,
            23.1360526
          ],
          [
            113.3710495,
            23.1359502
          ],
          [
            113.3710823,
            23.1357249
          ],
          [
            113.371093,
            23.1355587
          ],
          [
            113.371085,
            23.1353798
          ],
          [
            113.3710727,
            23.1352855
          ],
          [
            113.3710514,
            23.1351738
          ],
          [
            113.3710248,
            23.1350426
          ],
          [
            113.3709686,
            23.1348103
          ],
          [
            113.3708405,
            23.1343151
          ],
          [
            113.3706521,
            23.1335635
          ],
          [
            113.3703116,
            23.1319929
          ]
        ]
      },
      "id": "way/459014451"
    },
    {
      "type": "Feature",
      "properties": {
        "@id": "way/459018257",
        "highway": "trunk",
        "name": "科韵路",
        "name:en": "Keyun Road",
        "name:zh": "科韵路",
        "oneway": "yes"
      },
      "geometry": {
        "type": "LineString",
        "coordinates": [
          [
            113.3712783,
            23.1351281
          ],
          [
            113.3712989,
            23.1352837
          ],
          [
            113.3713046,
            23.1354144
          ],
          [
            113.3713006,
            23.1355705
          ],
          [
            113.3712901,
            23.1356725
          ],
          [
            113.3712766,
            23.1358057
          ],
          [
            113.3711799,
            23.1361439
          ],
          [
            113.3710636,
            23.1365062
          ]
        ]
      },
      "id": "way/459018257"
    },
    {
      "type": "Feature",
      "properties": {
        "@id": "way/459783673",
        "highway": "trunk_link",
        "oneway": "yes"
      },
      "geometry": {
        "type": "LineString",
        "coordinates": [
          [
            113.3702115,
            23.1300801
          ],
          [
            113.3702551,
            23.1301236
          ],
          [
            113.3702748,
            23.13016
          ],
          [
            113.3702915,
            23.1302205
          ],
          [
            113.3703168,
            23.1303342
          ]
        ]
      },
      "id": "way/459783673"
    },
    {
      "type": "Feature",
      "properties": {
        "@id": "way/459783674",
        "highway": "trunk_link",
        "oneway": "yes"
      },
      "geometry": {
        "type": "LineString",
        "coordinates": [
          [
            113.3696815,
            23.1302585
          ],
          [
            113.36972,
            23.130195
          ],
          [
            113.3697949,
            23.1301399
          ],
          [
            113.3698739,
            23.1301046
          ],
          [
            113.3699554,
            23.1300714
          ],
          [
            113.3700176,
            23.1300497
          ],
          [
            113.3700746,
            23.1300431
          ],
          [
            113.3701225,
            23.1300488
          ],
          [
            113.3702115,
            23.1300801
          ]
        ]
      },
      "id": "way/459783674"
    },
    {
      "type": "Feature",
      "properties": {
        "@id": "way/459795492",
        "highway": "trunk_link",
        "oneway": "yes"
      },
      "geometry": {
        "type": "LineString",
        "coordinates": [
          [
            113.3814842,
            23.1276464
          ],
          [
            113.3813257,
            23.1276326
          ],
          [
            113.3812076,
            23.1276338
          ],
          [
            113.381075,
            23.1276445
          ],
          [
            113.3809792,
            23.1276547
          ],
          [
            113.3809133,
            23.1276594
          ],
          [
            113.3808641,
            23.1276582
          ],
          [
            113.3808372,
            23.1276438
          ],
          [
            113.3808324,
            23.1276345
          ]
        ]
      },
      "id": "way/459795492"
    },
    {
      "type": "Feature",
      "properties": {
        "@id": "way/459797337",
        "highway": "trunk_link",
        "oneway": "yes"
      },
      "geometry": {
        "type": "LineString",
        "coordinates": [
          [
            113.3858766,
            23.1270088
          ],
          [
            113.3860921,
            23.1269502
          ],
          [
            113.3861796,
            23.1269203
          ],
          [
            113.3862574,
            23.1268855
          ],
          [
            113.3863355,
            23.1268434
          ],
          [
            113.3864092,
            23.12679
          ],
          [
            113.386466,
            23.1267261
          ],
          [
            113.3864984,
            23.1266667
          ],
          [
            113.3865214,
            23.1265831
          ],
          [
            113.3865544,
            23.1263564
          ]
        ]
      },
      "id": "way/459797337"
    },
    {
      "type": "Feature",
      "properties": {
        "@id": "way/459798253",
        "highway": "trunk_link",
        "oneway": "yes"
      },
      "geometry": {
        "type": "LineString",
        "coordinates": [
          [
            113.3863817,
            23.1269706
          ],
          [
            113.386409,
            23.1269907
          ],
          [
            113.3864289,
            23.1270127
          ],
          [
            113.3864451,
            23.1270441
          ]
        ]
      },
      "id": "way/459798253"
    },
    {
      "type": "Feature",
      "properties": {
        "@id": "way/459798254",
        "highway": "trunk_link",
        "oneway": "yes"
      },
      "geometry": {
        "type": "LineString",
        "coordinates": [
          [
            113.3876573,
            23.1270616
          ],
          [
            113.3875289,
            23.1271427
          ],
          [
            113.3874496,
            23.1271967
          ],
          [
            113.3873575,
            23.127267
          ],
          [
            113.3872849,
            23.1273481
          ],
          [
            113.3872163,
            23.1274653
          ],
          [
            113.3871712,
            23.127606
          ],
          [
            113.3871522,
            23.1277028
          ],
          [
            113.387133,
            23.1278397
          ]
        ]
      },
      "id": "way/459798254"
    },
    {
      "type": "Feature",
      "properties": {
        "@id": "way/459798255",
        "highway": "trunk_link",
        "oneway": "yes"
      },
      "geometry": {
        "type": "LineString",
        "coordinates": [
          [
            113.3869266,
            23.1278031
          ],
          [
            113.3868383,
            23.1276145
          ],
          [
            113.386785,
            23.1275394
          ],
          [
            113.3867034,
            23.1274695
          ],
          [
            113.3865963,
            23.1273908
          ],
          [
            113.3864781,
            23.1273358
          ],
          [
            113.3863591,
            23.1272929
          ],
          [
            113.3862425,
            23.1272646
          ],
          [
            113.3861209,
            23.1272421
          ],
          [
            113.3859951,
            23.1272318
          ],
          [
            113.3858031,
            23.1272382
          ]
        ]
      },
      "id": "way/459798255"
    },
    {
      "type": "Feature",
      "properties": {
        "@id": "way/459798256",
        "highway": "trunk_link",
        "oneway": "yes"
      },
      "geometry": {
        "type": "LineString",
        "coordinates": [
          [
            113.3866876,
            23.1261044
          ],
          [
            113.3868802,
            23.1263445
          ],
          [
            113.3870323,
            23.1264945
          ],
          [
            113.3871595,
            23.1265911
          ],
          [
            113.3873032,
            23.1266801
          ],
          [
            113.3874526,
            23.1267437
          ],
          [
            113.3875964,
            23.1267971
          ],
          [
            113.3877161,
            23.1268386
          ]
        ]
      },
      "id": "way/459798256"
    },
    {
      "type": "Feature",
      "properties": {
        "@id": "way/459799563",
        "highway": "trunk_link",
        "oneway": "yes"
      },
      "geometry": {
        "type": "LineString",
        "coordinates": [
          [
            113.387288,
            23.1270829
          ],
          [
            113.3872465,
            23.1270637
          ],
          [
            113.3872071,
            23.1270322
          ],
          [
            113.3871968,
            23.1270202
          ]
        ]
      },
      "id": "way/459799563"
    },
    {
      "type": "Feature",
      "properties": {
        "@id": "way/459819408",
        "highway": "trunk",
        "name": "中山大道中",
        "name:en": "Zhongshan Avenue Middle",
        "name:zh": "中山大道中",
        "oneway": "yes",
        "ref": "G107",
        "source": "Yahoo hires"
      },
      "geometry": {
        "type": "LineString",
        "coordinates": [
          [
            113.3868869,
            23.1269296
          ],
          [
            113.3872102,
            23.1268928
          ]
        ]
      },
      "id": "way/459819408"
    },
    {
      "type": "Feature",
      "properties": {
        "@id": "way/459819409",
        "highway": "trunk",
        "name": "中山大道西",
        "name:en": "Zhongshan Avenue West",
        "name:zh": "中山大道西",
        "oneway": "yes",
        "ref": "G107",
        "source": "Yahoo hires"
      },
      "geometry": {
        "type": "LineString",
        "coordinates": [
          [
            113.3867256,
            23.1271218
          ],
          [
            113.3864163,
            23.1271516
          ]
        ]
      },
      "id": "way/459819409"
    },
    {
      "type": "Feature",
      "properties": {
        "@id": "way/460750371",
        "highway": "trunk_link",
        "lanes": "2",
        "oneway": "yes"
      },
      "geometry": {
        "type": "LineString",
        "coordinates": [
          [
            113.3679481,
            23.1424887
          ],
          [
            113.3683169,
            23.1421659
          ],
          [
            113.3686726,
            23.1419753
          ],
          [
            113.3689482,
            23.1418498
          ],
          [
            113.3692778,
            23.1417038
          ],
          [
            113.3705956,
            23.1411251
          ],
          [
            113.371808,
            23.1406367
          ],
          [
            113.3720681,
            23.1405331
          ],
          [
            113.3722398,
            23.1404641
          ],
          [
            113.3724434,
            23.1404464
          ],
          [
            113.3725536,
            23.1404764
          ],
          [
            113.3726529,
            23.1405257
          ],
          [
            113.3727685,
            23.140615
          ],
          [
            113.3728594,
            23.1406957
          ],
          [
            113.3729641,
            23.1408196
          ],
          [
            113.3730128,
            23.1409108
          ],
          [
            113.3730395,
            23.1409987
          ],
          [
            113.3730422,
            23.1410813
          ],
          [
            113.3730223,
            23.1412015
          ],
          [
            113.3730008,
            23.1413649
          ]
        ]
      },
      "id": "way/460750371"
    },
    {
      "type": "Feature",
      "properties": {
        "@id": "way/460750372",
        "highway": "trunk_link",
        "lanes": "2",
        "oneway": "yes"
      },
      "geometry": {
        "type": "LineString",
        "coordinates": [
          [
            113.372891,
            23.1415867
          ],
          [
            113.3727669,
            23.1418022
          ],
          [
            113.3726982,
            23.1419389
          ],
          [
            113.3726265,
            23.1421718
          ],
          [
            113.3725493,
            23.142501
          ],
          [
            113.3724766,
            23.1428763
          ]
        ]
      },
      "id": "way/460750372"
    },
    {
      "type": "Feature",
      "properties": {
        "@id": "way/460750373",
        "highway": "trunk",
        "lanes": "4",
        "name": "广园快速路",
        "name:en": "Guangyuan Expressway",
        "name:zh": "广园快速路",
        "oneway": "yes",
        "source": "Yahoo hires"
      },
      "geometry": {
        "type": "LineString",
        "coordinates": [
          [
            113.3679481,
            23.1424887
          ],
          [
            113.3707185,
            23.1413712
          ],
          [
            113.371712,
            23.1409723
          ]
        ]
      },
      "id": "way/460750373"
    },
    {
      "type": "Feature",
      "properties": {
        "@id": "way/460750374",
        "bridge": "viaduct",
        "highway": "trunk",
        "lanes": "6",
        "layer": "1",
        "name": "科韵路",
        "name:en": "Keyun Road",
        "name:zh": "科韵路",
        "oneway": "yes"
      },
      "geometry": {
        "type": "LineString",
        "coordinates": [
          [
            113.370899,
            23.1402771
          ],
          [
            113.3704959,
            23.1387379
          ],
          [
            113.3704312,
            23.1383931
          ],
          [
            113.3704028,
            23.1381855
          ],
          [
            113.3703982,
            23.1379149
          ],
          [
            113.3704406,
            23.1376635
          ]
        ]
      },
      "id": "way/460750374"
    },
    {
      "type": "Feature",
      "properties": {
        "@id": "way/460750375",
        "highway": "trunk",
        "name": "科韵路",
        "name:en": "Keyun Road",
        "name:zh": "科韵路",
        "oneway": "yes"
      },
      "geometry": {
        "type": "LineString",
        "coordinates": [
          [
            113.3703116,
            23.1319929
          ],
          [
            113.3698825,
            23.1302388
          ]
        ]
      },
      "id": "way/460750375"
    },
    {
      "type": "Feature",
      "properties": {
        "@id": "way/460750376",
        "highway": "trunk_link",
        "oneway": "yes"
      },
      "geometry": {
        "type": "LineString",
        "coordinates": [
          [
            113.3698333,
            23.1308566
          ],
          [
            113.369778,
            23.1307656
          ],
          [
            113.3697411,
            23.1307071
          ],
          [
            113.369695,
            23.1306485
          ],
          [
            113.3696399,
            23.1305923
          ],
          [
            113.3695789,
            23.1305484
          ],
          [
            113.3695108,
            23.1305088
          ],
          [
            113.3694521,
            23.1304808
          ],
          [
            113.3693735,
            23.1304589
          ],
          [
            113.3692786,
            23.1304456
          ],
          [
            113.3692081,
            23.1304398
          ],
          [
            113.3691124,
            23.1304413
          ],
          [
            113.3689888,
            23.1304536
          ]
        ]
      },
      "id": "way/460750376"
    },
    {
      "type": "Feature",
      "properties": {
        "@id": "way/460758071",
        "highway": "trunk",
        "name": "中山大道西",
        "name:en": "Zhongshan Avenue West",
        "name:zh": "中山大道西",
        "oneway": "yes",
        "ref": "G107",
        "source": "Yahoo hires"
      },
      "geometry": {
        "type": "LineString",
        "coordinates": [
          [
            113.3716777,
            23.1291587
          ],
          [
            113.3713689,
            23.1293035
          ],
          [
            113.3710741,
            23.1294445
          ]
        ]
      },
      "id": "way/460758071"
    },
    {
      "type": "Feature",
      "properties": {
        "@id": "way/460758073",
        "highway": "trunk",
        "name": "中山大道西",
        "name:en": "Zhongshan Avenue West",
        "name:zh": "中山大道西",
        "oneway": "yes",
        "ref": "G107",
        "source": "Yahoo hires"
      },
      "geometry": {
        "type": "LineString",
        "coordinates": [
          [
            113.3710741,
            23.1294445
          ],
          [
            113.3702363,
            23.1298455
          ]
        ]
      },
      "id": "way/460758073"
    },
    {
      "type": "Feature",
      "properties": {
        "@id": "way/460758077",
        "highway": "trunk",
        "name": "科韵路",
        "name:en": "Keyun Road",
        "name:zh": "科韵路",
        "oneway": "yes",
        "sidewalk": "right"
      },
      "geometry": {
        "type": "LineString",
        "coordinates": [
          [
            113.3706077,
            23.1322372
          ],
          [
            113.370726,
            23.1328691
          ],
          [
            113.3709326,
            23.1336966
          ],
          [
            113.3710526,
            23.1341774
          ],
          [
            113.3710715,
            23.1342532
          ],
          [
            113.371224,
            23.1348484
          ],
          [
            113.3712678,
            23.1350551
          ],
          [
            113.3712783,
            23.1351281
          ]
        ]
      },
      "id": "way/460758077"
    },
    {
      "type": "Feature",
      "properties": {
        "@id": "way/460758080",
        "access": "yes",
        "highway": "trunk",
        "lanes": "4",
        "name": "广园快速路",
        "name:en": "Guangyuan Expressway",
        "name:zh": "广园快速路",
        "oneway": "yes",
        "oneway:bicycle": "no",
        "sidewalk": "right",
        "source": "Yahoo hires;survey"
      },
      "geometry": {
        "type": "LineString",
        "coordinates": [
          [
            113.3685061,
            23.1425263
          ],
          [
            113.3676632,
            23.1428476
          ],
          [
            113.3668607,
            23.1431675
          ],
          [
            113.3660325,
            23.1434705
          ]
        ]
      },
      "id": "way/460758080"
    },
    {
      "type": "Feature",
      "properties": {
        "@id": "way/460894520",
        "highway": "trunk",
        "name": "科韵路",
        "name:en": "Keyun Road",
        "name:zh": "科韵路",
        "oneway": "yes"
      },
      "geometry": {
        "type": "LineString",
        "coordinates": [
          [
            113.3695962,
            23.1269431
          ],
          [
            113.3695796,
            23.1274656
          ],
          [
            113.3695803,
            23.1276175
          ],
          [
            113.3695941,
            23.1277974
          ],
          [
            113.3696222,
            23.1280795
          ],
          [
            113.3696526,
            23.128318
          ],
          [
            113.3697054,
            23.1286599
          ],
          [
            113.3697788,
            23.1290043
          ],
          [
            113.3699134,
            23.1295733
          ]
        ]
      },
      "id": "way/460894520"
    },
    {
      "type": "Feature",
      "properties": {
        "@id": "way/460917756",
        "highway": "trunk",
        "name": "中山大道西",
        "name:en": "Zhongshan Avenue West",
        "name:zh": "中山大道西",
        "oneway": "yes",
        "ref": "G107",
        "source": "Yahoo hires"
      },
      "geometry": {
        "type": "LineString",
        "coordinates": [
          [
            113.3700526,
            23.1299353
          ],
          [
            113.3696977,
            23.1300945
          ]
        ]
      },
      "id": "way/460917756"
    },
    {
      "type": "Feature",
      "properties": {
        "@id": "way/460917757",
        "highway": "trunk_link",
        "name": "科韵路",
        "name:en": "Keyun Road",
        "name:zh": "科韵路",
        "oneway": "yes"
      },
      "geometry": {
        "type": "LineString",
        "coordinates": [
          [
            113.3688614,
            23.1290962
          ],
          [
            113.3688153,
            23.1287856
          ],
          [
            113.368715,
            23.128349
          ],
          [
            113.368649,
            23.1278521
          ],
          [
            113.3686367,
            23.1277616
          ],
          [
            113.3686266,
            23.1276529
          ],
          [
            113.3686199,
            23.1274746
          ],
          [
            113.3686153,
            23.1271866
          ],
          [
            113.3686204,
            23.1270939
          ],
          [
            113.3686648,
            23.1266999
          ]
        ]
      },
      "id": "way/460917757"
    },
    {
      "type": "Feature",
      "properties": {
        "@id": "way/460917758",
        "highway": "trunk_link",
        "name": "科韵路",
        "name:en": "Keyun Road",
        "name:zh": "科韵路",
        "oneway": "yes"
      },
      "geometry": {
        "type": "LineString",
        "coordinates": [
          [
            113.368687,
            23.1259632
          ],
          [
            113.3686925,
            23.1257225
          ],
          [
            113.3686966,
            23.1255358
          ],
          [
            113.3687056,
            23.1251457
          ],
          [
            113.3687086,
            23.1249748
          ],
          [
            113.3687163,
            23.1248455
          ],
          [
            113.3687242,
            23.1247409
          ],
          [
            113.3687344,
            23.124593
          ],
          [
            113.3687566,
            23.1243927
          ],
          [
            113.3687834,
            23.1241824
          ],
          [
            113.3688021,
            23.1240364
          ],
          [
            113.3688584,
            23.1236839
          ]
        ]
      },
      "id": "way/460917758"
    },
    {
      "type": "Feature",
      "properties": {
        "@id": "way/460936549",
        "highway": "secondary_link",
        "oneway": "yes"
      },
      "geometry": {
        "type": "LineString",
        "coordinates": [
          [
            113.3859676,
            23.1241485
          ],
          [
            113.3859993,
            23.1240429
          ],
          [
            113.3860194,
            23.1240167
          ],
          [
            113.3860589,
            23.1240022
          ],
          [
            113.3860948,
            23.1240055
          ],
          [
            113.3861164,
            23.1240122
          ],
          [
            113.3861466,
            23.1240306
          ],
          [
            113.386168,
            23.1240506
          ],
          [
            113.3862149,
            23.1241258
          ]
        ]
      },
      "id": "way/460936549"
    },
    {
      "type": "Feature",
      "properties": {
        "@id": "way/460937841",
        "highway": "tertiary",
        "name": "泰安北路",
        "name:en": "Tai'an North Road",
        "name:zh": "泰安北路",
        "oneway": "yes"
      },
      "geometry": {
        "type": "LineString",
        "coordinates": [
          [
            113.3819532,
            23.133817
          ],
          [
            113.3820731,
            23.1337697
          ],
          [
            113.3823099,
            23.1337094
          ],
          [
            113.3824881,
            23.1336547
          ],
          [
            113.3826728,
            23.1335993
          ],
          [
            113.3828056,
            23.1335672
          ],
          [
            113.3830228,
            23.133523
          ],
          [
            113.383271,
            23.1334802
          ],
          [
            113.3835299,
            23.1334362
          ],
          [
            113.384161,
            23.1333221
          ],
          [
            113.3845476,
            23.1332544
          ],
          [
            113.3850276,
            23.1331739
          ],
          [
            113.3851826,
            23.1331436
          ],
          [
            113.3853249,
            23.1331148
          ],
          [
            113.3854347,
            23.1330916
          ],
          [
            113.3855347,
            23.1330719
          ],
          [
            113.3856565,
            23.1330474
          ],
          [
            113.3857952,
            23.1330177
          ],
          [
            113.3859475,
            23.1329861
          ]
        ]
      },
      "id": "way/460937841"
    },
    {
      "type": "Feature",
      "properties": {
        "@id": "way/460937842",
        "highway": "tertiary",
        "name": "泰安北路",
        "name:en": "Tai'an North Road",
        "name:zh": "泰安北路",
        "oneway": "yes"
      },
      "geometry": {
        "type": "LineString",
        "coordinates": [
          [
            113.3859475,
            23.1329861
          ],
          [
            113.3858038,
            23.1330432
          ],
          [
            113.3856549,
            23.1330991
          ],
          [
            113.3855347,
            23.1331392
          ],
          [
            113.3853745,
            23.1331811
          ],
          [
            113.3849724,
            23.1332611
          ],
          [
            113.3846181,
            23.133322
          ],
          [
            113.3841585,
            23.1333973
          ],
          [
            113.3837417,
            23.1334684
          ],
          [
            113.3833544,
            23.1335371
          ],
          [
            113.3830415,
            23.1335947
          ],
          [
            113.3828301,
            23.1336333
          ],
          [
            113.3827131,
            23.1336603
          ],
          [
            113.3825498,
            23.1337048
          ],
          [
            113.3824042,
            23.1337432
          ],
          [
            113.3822583,
            23.1337781
          ],
          [
            113.3821627,
            23.1337958
          ],
          [
            113.3819532,
            23.133817
          ]
        ]
      },
      "id": "way/460937842"
    },
    {
      "type": "Feature",
      "properties": {
        "@id": "way/460941475",
        "highway": "trunk",
        "name": "中山大道西",
        "name:en": "Zhongshan Avenue West",
        "name:zh": "中山大道西",
        "oneway": "yes",
        "ref": "G107",
        "source": "Yahoo hires"
      },
      "geometry": {
        "type": "LineString",
        "coordinates": [
          [
            113.3819196,
            23.1274208
          ],
          [
            113.3821482,
            23.127396
          ],
          [
            113.3823692,
            23.1273651
          ],
          [
            113.3824758,
            23.1273437
          ],
          [
            113.3826258,
            23.1273122
          ],
          [
            113.3829016,
            23.1272587
          ],
          [
            113.3831069,
            23.1272231
          ],
          [
            113.3833203,
            23.1271966
          ],
          [
            113.3835328,
            23.1271758
          ],
          [
            113.3840328,
            23.1271313
          ],
          [
            113.3846421,
            23.1270768
          ],
          [
            113.3851102,
            23.1270314
          ],
          [
            113.3853144,
            23.1270172
          ],
          [
            113.3854578,
            23.1270131
          ],
          [
            113.3856356,
            23.1270139
          ],
          [
            113.385758,
            23.1270137
          ],
          [
            113.3858766,
            23.1270088
          ]
        ]
      },
      "id": "way/460941475"
    },
    {
      "type": "Feature",
      "properties": {
        "@id": "way/460941476",
        "highway": "trunk",
        "name": "中山大道西",
        "name:en": "Zhongshan Avenue West",
        "name:zh": "中山大道西",
        "oneway": "yes",
        "ref": "G107",
        "source": "Yahoo hires"
      },
      "geometry": {
        "type": "LineString",
        "coordinates": [
          [
            113.3858766,
            23.1270088
          ],
          [
            113.3863817,
            23.1269706
          ]
        ]
      },
      "id": "way/460941476"
    },
    {
      "type": "Feature",
      "properties": {
        "@id": "way/460941477",
        "highway": "secondary",
        "name": "车陂路",
        "name:en": "Chebei Road",
        "name:zh": "车陂路",
        "oneway": "yes",
        "source": "Yahoo hires"
      },
      "geometry": {
        "type": "LineString",
        "coordinates": [
          [
            113.3865544,
            23.1263564
          ],
          [
            113.3863195,
            23.1254426
          ],
          [
            113.3859676,
            23.1241485
          ]
        ]
      },
      "id": "way/460941477"
    },
    {
      "type": "Feature",
      "properties": {
        "@id": "way/460941478",
        "highway": "secondary",
        "name": "车陂路",
        "name:en": "Chebei Road",
        "name:zh": "车陂路",
        "oneway": "yes",
        "source": "Yahoo hires"
      },
      "geometry": {
        "type": "LineString",
        "coordinates": [
          [
            113.3859676,
            23.1241485
          ],
          [
            113.3858987,
            23.1239316
          ],
          [
            113.3858516,
            23.1237658
          ]
        ]
      },
      "id": "way/460941478"
    },
    {
      "type": "Feature",
      "properties": {
        "@id": "way/460941479",
        "highway": "secondary",
        "name": "车陂路",
        "name:en": "Chebei Road",
        "name:zh": "车陂路",
        "oneway": "yes",
        "source": "Yahoo hires"
      },
      "geometry": {
        "type": "LineString",
        "coordinates": [
          [
            113.3862149,
            23.1241258
          ],
          [
            113.3864212,
            23.124978
          ],
          [
            113.3866876,
            23.1261044
          ]
        ]
      },
      "id": "way/460941479"
    },
    {
      "type": "Feature",
      "properties": {
        "@id": "way/460941480",
        "highway": "secondary",
        "name": "车陂路",
        "name:en": "Chebei Road",
        "name:zh": "车陂路",
        "oneway": "yes",
        "sidewalk": "right",
        "source": "Yahoo hires"
      },
      "geometry": {
        "type": "LineString",
        "coordinates": [
          [
            113.3887735,
            23.1324734
          ],
          [
            113.3888248,
            23.1325901
          ],
          [
            113.3888413,
            23.132622
          ],
          [
            113.388932,
            23.1327971
          ],
          [
            113.3893615,
            23.1335633
          ],
          [
            113.3895549,
            23.1339444
          ],
          [
            113.3896323,
            23.1341196
          ],
          [
            113.3896902,
            23.134288
          ],
          [
            113.3897516,
            23.134506
          ],
          [
            113.3898759,
            23.1349161
          ],
          [
            113.3900353,
            23.1354651
          ],
          [
            113.3900753,
            23.1355742
          ]
        ]
      },
      "id": "way/460941480"
    },
    {
      "type": "Feature",
      "properties": {
        "@id": "way/460941481",
        "highway": "tertiary",
        "name": "泰安北路",
        "name:en": "Tai'an North Road",
        "name:zh": "泰安北路",
        "sidewalk": "both"
      },
      "geometry": {
        "type": "LineString",
        "coordinates": [
          [
            113.3885162,
            23.1325422
          ],
          [
            113.3884036,
            23.1325651
          ],
          [
            113.3883019,
            23.1325857
          ],
          [
            113.3869008,
            23.1328214
          ],
          [
            113.3863016,
            23.1329174
          ],
          [
            113.3859475,
            23.1329861
          ]
        ]
      },
      "id": "way/460941481"
    },
    {
      "type": "Feature",
      "properties": {
        "@id": "way/460944144",
        "highway": "secondary",
        "name": "车陂路",
        "name:en": "Chebei Road",
        "name:zh": "车陂路",
        "oneway": "yes",
        "sidewalk": "right",
        "source": "Yahoo hires"
      },
      "geometry": {
        "type": "LineString",
        "coordinates": [
          [
            113.3885162,
            23.1325422
          ],
          [
            113.3884465,
            23.1323438
          ],
          [
            113.3881583,
            23.1315239
          ],
          [
            113.3880752,
            23.1312785
          ],
          [
            113.3878767,
            23.1306927
          ],
          [
            113.3877426,
            23.1302906
          ],
          [
            113.3876297,
            23.1299338
          ]
        ]
      },
      "id": "way/460944144"
    },
    {
      "type": "Feature",
      "properties": {
        "@id": "way/460944145",
        "highway": "secondary",
        "name": "车陂路",
        "name:en": "Chebei Road",
        "name:zh": "车陂路",
        "oneway": "yes",
        "source": "Yahoo hires"
      },
      "geometry": {
        "type": "LineString",
        "coordinates": [
          [
            113.3869266,
            23.1278031
          ],
          [
            113.386887,
            23.127676
          ],
          [
            113.3867851,
            23.1273134
          ],
          [
            113.3867256,
            23.1271218
          ]
        ]
      },
      "id": "way/460944145"
    },
    {
      "type": "Feature",
      "properties": {
        "@id": "way/460944146",
        "highway": "trunk",
        "name": "中山大道西",
        "name:en": "Zhongshan Avenue West",
        "name:zh": "中山大道西",
        "oneway": "yes",
        "ref": "G107",
        "source": "Yahoo hires"
      },
      "geometry": {
        "type": "LineString",
        "coordinates": [
          [
            113.3858031,
            23.1272382
          ],
          [
            113.3855861,
            23.1272825
          ],
          [
            113.3854073,
            23.1273179
          ],
          [
            113.385298,
            23.1273362
          ],
          [
            113.3851922,
            23.1273506
          ],
          [
            113.3847424,
            23.1273923
          ],
          [
            113.384129,
            23.1274526
          ],
          [
            113.3834687,
            23.1275187
          ],
          [
            113.3832967,
            23.1275364
          ],
          [
            113.3831238,
            23.1275483
          ],
          [
            113.382986,
            23.1275561
          ],
          [
            113.3828353,
            23.1275579
          ],
          [
            113.3825308,
            23.1275615
          ],
          [
            113.3823311,
            23.1275725
          ],
          [
            113.3821734,
            23.1275834
          ],
          [
            113.3819459,
            23.127605
          ]
        ]
      },
      "id": "way/460944146"
    },
    {
      "type": "Feature",
      "properties": {
        "@id": "way/460944147",
        "highway": "trunk",
        "name": "中山大道西",
        "name:en": "Zhongshan Avenue West",
        "name:zh": "中山大道西",
        "oneway": "yes",
        "ref": "G107",
        "source": "Yahoo hires"
      },
      "geometry": {
        "type": "LineString",
        "coordinates": [
          [
            113.3819459,
            23.127605
          ],
          [
            113.381693,
            23.1276253
          ],
          [
            113.3814842,
            23.1276464
          ]
        ]
      },
      "id": "way/460944147"
    },
    {
      "type": "Feature",
      "properties": {
        "@id": "way/460944150",
        "highway": "trunk",
        "name": "中山大道西",
        "name:en": "Zhongshan Avenue West",
        "name:zh": "中山大道西",
        "oneway": "yes",
        "ref": "G107",
        "source": "Yahoo hires"
      },
      "geometry": {
        "type": "LineString",
        "coordinates": [
          [
            113.3582387,
            23.135919
          ],
          [
            113.3571544,
            23.1362503
          ],
          [
            113.3570505,
            23.1362679
          ],
          [
            113.3567749,
            23.1363146
          ]
        ]
      },
      "id": "way/460944150"
    },
    {
      "type": "Feature",
      "properties": {
        "@id": "way/461057258",
        "highway": "secondary_link",
        "oneway": "yes"
      },
      "geometry": {
        "type": "LineString",
        "coordinates": [
          [
            113.3876858,
            23.12931
          ],
          [
            113.3876671,
            23.1293744
          ],
          [
            113.3876391,
            23.1294195
          ],
          [
            113.3875994,
            23.1294431
          ],
          [
            113.3875527,
            23.1294495
          ],
          [
            113.387506,
            23.1294345
          ],
          [
            113.387435,
            23.1293834
          ]
        ]
      },
      "id": "way/461057258"
    },
    {
      "type": "Feature",
      "properties": {
        "@id": "way/461057260",
        "highway": "secondary_link",
        "oneway": "yes"
      },
      "geometry": {
        "type": "LineString",
        "coordinates": [
          [
            113.3876297,
            23.1299338
          ],
          [
            113.3876391,
            23.1298683
          ],
          [
            113.3876718,
            23.1298167
          ],
          [
            113.3877045,
            23.1297888
          ],
          [
            113.3877442,
            23.1297845
          ],
          [
            113.3877862,
            23.129791
          ],
          [
            113.3878166,
            23.129806
          ],
          [
            113.3878675,
            23.1298454
          ]
        ]
      },
      "id": "way/461057260"
    },
    {
      "type": "Feature",
      "properties": {
        "@id": "way/461163381",
        "highway": "secondary",
        "name": "车陂路",
        "name:en": "Chebei Road",
        "name:zh": "车陂路",
        "oneway": "yes",
        "source": "Yahoo hires"
      },
      "geometry": {
        "type": "LineString",
        "coordinates": [
          [
            113.3876858,
            23.12931
          ],
          [
            113.3877115,
            23.1293856
          ],
          [
            113.3877391,
            23.1294671
          ],
          [
            113.3878675,
            23.1298454
          ]
        ]
      },
      "id": "way/461163381"
    },
    {
      "type": "Feature",
      "properties": {
        "@id": "way/461163382",
        "highway": "secondary",
        "name": "车陂路",
        "name:en": "Chebei Road",
        "name:zh": "车陂路",
        "oneway": "yes",
        "source": "Yahoo hires"
      },
      "geometry": {
        "type": "LineString",
        "coordinates": [
          [
            113.387435,
            23.1293834
          ],
          [
            113.3872947,
            23.1289858
          ],
          [
            113.3869266,
            23.1278031
          ]
        ]
      },
      "id": "way/461163382"
    },
    {
      "type": "Feature",
      "properties": {
        "@id": "way/461165661",
        "highway": "trunk",
        "name": "中山大道西",
        "name:en": "Zhongshan Avenue West",
        "name:zh": "中山大道西",
        "oneway": "yes",
        "ref": "G107",
        "source": "Yahoo hires"
      },
      "geometry": {
        "type": "LineString",
        "coordinates": [
          [
            113.377178,
            23.128065
          ],
          [
            113.3765745,
            23.128125
          ],
          [
            113.3763042,
            23.1281604
          ],
          [
            113.3760923,
            23.1282
          ],
          [
            113.3757971,
            23.1282542
          ],
          [
            113.3756099,
            23.1282833
          ],
          [
            113.375461,
            23.1283012
          ],
          [
            113.3751641,
            23.1283305
          ],
          [
            113.3747321,
            23.1283762
          ],
          [
            113.3744369,
            23.1284151
          ],
          [
            113.3743087,
            23.128437
          ],
          [
            113.3741804,
            23.1284588
          ],
          [
            113.3738708,
            23.1285192
          ],
          [
            113.3736016,
            23.1285779
          ],
          [
            113.3734158,
            23.128623
          ],
          [
            113.3732761,
            23.1286545
          ],
          [
            113.3728814,
            23.1287386
          ],
          [
            113.3726509,
            23.1287947
          ],
          [
            113.3724646,
            23.1288469
          ],
          [
            113.3723689,
            23.1288763
          ]
        ]
      },
      "id": "way/461165661"
    },
    {
      "type": "Feature",
      "properties": {
        "@id": "way/461165662",
        "highway": "trunk",
        "name": "中山大道西",
        "name:en": "Zhongshan Avenue West",
        "name:zh": "中山大道西",
        "oneway": "yes",
        "ref": "G107",
        "source": "Yahoo hires"
      },
      "geometry": {
        "type": "LineString",
        "coordinates": [
          [
            113.3721096,
            23.1289715
          ],
          [
            113.3720229,
            23.1290083
          ],
          [
            113.3718766,
            23.1290704
          ],
          [
            113.3716777,
            23.1291587
          ]
        ]
      },
      "id": "way/461165662"
    },
    {
      "type": "Feature",
      "properties": {
        "@id": "way/461272794",
        "highway": "trunk",
        "name": "科韵路",
        "name:en": "Keyun Road",
        "name:zh": "科韵路",
        "oneway": "yes"
      },
      "geometry": {
        "type": "LineString",
        "coordinates": [
          [
            113.3710636,
            23.1365062
          ],
          [
            113.3710178,
            23.1366475
          ],
          [
            113.3708845,
            23.1369173
          ],
          [
            113.3707108,
            23.1372689
          ],
          [
            113.3706244,
            23.1374765
          ],
          [
            113.3705668,
            23.1376972
          ]
        ]
      },
      "id": "way/461272794"
    },
    {
      "type": "Feature",
      "properties": {
        "@id": "way/461273927",
        "highway": "trunk",
        "name": "中山大道西",
        "name:en": "Zhongshan Avenue West",
        "name:zh": "中山大道西",
        "oneway": "yes",
        "ref": "G107",
        "source": "Yahoo hires"
      },
      "geometry": {
        "type": "LineString",
        "coordinates": [
          [
            113.3689888,
            23.1304536
          ],
          [
            113.3687287,
            23.1305772
          ],
          [
            113.3684973,
            23.1306887
          ],
          [
            113.368367,
            23.130757
          ],
          [
            113.3682045,
            23.1308472
          ],
          [
            113.3680273,
            23.1309608
          ],
          [
            113.3678431,
            23.1310816
          ],
          [
            113.3676802,
            23.1311787
          ],
          [
            113.3674965,
            23.1312834
          ],
          [
            113.3672919,
            23.1313931
          ],
          [
            113.3671069,
            23.1314926
          ],
          [
            113.366721,
            23.1317056
          ],
          [
            113.3663423,
            23.1319273
          ],
          [
            113.3660999,
            23.1320737
          ],
          [
            113.3659038,
            23.1321929
          ],
          [
            113.3658008,
            23.132252
          ],
          [
            113.3656832,
            23.1323158
          ],
          [
            113.3654426,
            23.132435
          ],
          [
            113.3651759,
            23.1325678
          ],
          [
            113.3650148,
            23.1326571
          ],
          [
            113.3648814,
            23.1327383
          ],
          [
            113.3646311,
            23.1328984
          ],
          [
            113.3643434,
            23.133082
          ],
          [
            113.3641593,
            23.133196
          ],
          [
            113.3639335,
            23.1333331
          ],
          [
            113.3637351,
            23.1334471
          ],
          [
            113.3632672,
            23.1337122
          ],
          [
            113.3629424,
            23.1338848
          ],
          [
            113.3625919,
            23.1340656
          ],
          [
            113.3624771,
            23.1341329
          ],
          [
            113.3624254,
            23.1341632
          ],
          [
            113.3622805,
            23.1342583
          ],
          [
            113.3621231,
            23.134363
          ],
          [
            113.3620632,
            23.134399
          ],
          [
            113.3619972,
            23.1344349
          ],
          [
            113.3618767,
            23.134493
          ],
          [
            113.3617005,
            23.1345695
          ]
        ]
      },
      "id": "way/461273927"
    },
    {
      "type": "Feature",
      "properties": {
        "@id": "way/461382543",
        "highway": "secondary",
        "name": "车陂路",
        "name:en": "Chebei Road",
        "name:zh": "车陂路",
        "oneway": "yes",
        "source": "Yahoo hires"
      },
      "geometry": {
        "type": "LineString",
        "coordinates": [
          [
            113.3866876,
            23.1261044
          ],
          [
            113.3868496,
            23.1267515
          ],
          [
            113.3868869,
            23.1269296
          ]
        ]
      },
      "id": "way/461382543"
    },
    {
      "type": "Feature",
      "properties": {
        "@id": "way/461382548",
        "highway": "trunk",
        "name": "中山大道中",
        "name:en": "Zhongshan Avenue Middle",
        "name:zh": "中山大道中",
        "oneway": "yes",
        "ref": "G107",
        "source": "Yahoo hires"
      },
      "geometry": {
        "type": "LineString",
        "coordinates": [
          [
            113.3877161,
            23.1268386
          ],
          [
            113.3880288,
            23.1268031
          ],
          [
            113.3882321,
            23.1267746
          ],
          [
            113.3885167,
            23.1267381
          ],
          [
            113.3886849,
            23.1267202
          ],
          [
            113.3888728,
            23.1267053
          ],
          [
            113.3890946,
            23.1267004
          ],
          [
            113.3893296,
            23.1267005
          ],
          [
            113.3895615,
            23.1267054
          ],
          [
            113.3897623,
            23.1267097
          ],
          [
            113.3900107,
            23.126722
          ],
          [
            113.3901427,
            23.1267314
          ],
          [
            113.3902651,
            23.1267398
          ],
          [
            113.3904231,
            23.1267546
          ],
          [
            113.3905248,
            23.1267638
          ],
          [
            113.3910059,
            23.1268209
          ],
          [
            113.3910854,
            23.126836
          ],
          [
            113.3911808,
            23.1268577
          ],
          [
            113.391352,
            23.1269052
          ],
          [
            113.3915368,
            23.1269572
          ],
          [
            113.3916596,
            23.1269859
          ],
          [
            113.3917927,
            23.1270058
          ],
          [
            113.3919629,
            23.127026
          ]
        ]
      },
      "id": "way/461382548"
    },
    {
      "type": "Feature",
      "properties": {
        "@id": "way/461389139",
        "highway": "trunk",
        "name": "中山大道中",
        "name:en": "Zhongshan Avenue Middle",
        "name:zh": "中山大道中",
        "oneway": "yes",
        "ref": "G107",
        "source": "Yahoo hires"
      },
      "geometry": {
        "type": "LineString",
        "coordinates": [
          [
            113.3919324,
            23.1272022
          ],
          [
            113.3916983,
            23.1272891
          ],
          [
            113.391642,
            23.1273178
          ],
          [
            113.3914712,
            23.1274049
          ],
          [
            113.391272,
            23.1273824
          ],
          [
            113.3897676,
            23.1272164
          ],
          [
            113.3894726,
            23.1270316
          ],
          [
            113.3890366,
            23.1270271
          ],
          [
            113.3887961,
            23.1270275
          ],
          [
            113.3885211,
            23.1270286
          ],
          [
            113.3880874,
            23.1270417
          ],
          [
            113.3879418,
            23.1270466
          ],
          [
            113.3878164,
            23.127052
          ],
          [
            113.3876573,
            23.1270616
          ]
        ]
      },
      "id": "way/461389139"
    },
    {
      "type": "Feature",
      "properties": {
        "@id": "way/461389147",
        "highway": "trunk",
        "name": "中山大道中",
        "name:en": "Zhongshan Avenue Middle",
        "name:zh": "中山大道中",
        "oneway": "yes",
        "ref": "G107",
        "source": "Yahoo hires"
      },
      "geometry": {
        "type": "LineString",
        "coordinates": [
          [
            113.3876573,
            23.1270616
          ],
          [
            113.387288,
            23.1270829
          ]
        ]
      },
      "id": "way/461389147"
    },
    {
      "type": "Feature",
      "properties": {
        "@id": "way/461389150",
        "highway": "secondary",
        "name": "车陂路",
        "name:en": "Chebei Road",
        "name:zh": "车陂路",
        "oneway": "yes",
        "source": "Yahoo hires"
      },
      "geometry": {
        "type": "LineString",
        "coordinates": [
          [
            113.387133,
            23.1278397
          ],
          [
            113.3871702,
            23.1279544
          ],
          [
            113.3876858,
            23.12931
          ]
        ]
      },
      "id": "way/461389150"
    },
    {
      "type": "Feature",
      "properties": {
        "@id": "way/461519376",
        "highway": "trunk",
        "name": "中山大道西",
        "name:en": "Zhongshan Avenue West",
        "name:zh": "中山大道西",
        "oneway": "yes",
        "ref": "G107",
        "source": "Yahoo hires"
      },
      "geometry": {
        "type": "LineString",
        "coordinates": [
          [
            113.3814842,
            23.1276464
          ],
          [
            113.3813552,
            23.127671
          ],
          [
            113.381146,
            23.1277123
          ],
          [
            113.3810267,
            23.1277334
          ],
          [
            113.3808981,
            23.127756
          ],
          [
            113.3806455,
            23.1277906
          ],
          [
            113.3794893,
            23.1279142
          ],
          [
            113.3789448,
            23.1279655
          ],
          [
            113.3786917,
            23.1279901
          ],
          [
            113.378513,
            23.1280052
          ],
          [
            113.378348,
            23.1280188
          ],
          [
            113.3782089,
            23.1280214
          ],
          [
            113.3780603,
            23.1280207
          ],
          [
            113.3778839,
            23.1280186
          ],
          [
            113.3776401,
            23.1280269
          ],
          [
            113.3775176,
            23.1280333
          ],
          [
            113.3773609,
            23.1280471
          ],
          [
            113.377178,
            23.128065
          ]
        ]
      },
      "id": "way/461519376"
    },
    {
      "type": "Feature",
      "properties": {
        "@id": "way/461519379",
        "highway": "trunk",
        "name": "中山大道西",
        "name:en": "Zhongshan Avenue West",
        "name:zh": "中山大道西",
        "oneway": "yes",
        "ref": "G107",
        "source": "Yahoo hires"
      },
      "geometry": {
        "type": "LineString",
        "coordinates": [
          [
            113.3809171,
            23.1274665
          ],
          [
            113.3810416,
            23.1274698
          ],
          [
            113.3812141,
            23.127471
          ],
          [
            113.3813546,
            23.1274691
          ],
          [
            113.3814573,
            23.1274644
          ],
          [
            113.3816264,
            23.1274489
          ],
          [
            113.3819196,
            23.1274208
          ]
        ]
      },
      "id": "way/461519379"
    },
    {
      "type": "Feature",
      "properties": {
        "@id": "way/461521268",
        "highway": "secondary",
        "name": "车陂路",
        "name:en": "Chebei Road",
        "name:zh": "车陂路",
        "oneway": "yes",
        "source": "Yahoo hires"
      },
      "geometry": {
        "type": "LineString",
        "coordinates": [
          [
            113.3906287,
            23.1366346
          ],
          [
            113.3909103,
            23.1368763
          ],
          [
            113.3910256,
            23.1369503
          ],
          [
            113.391141,
            23.1370218
          ],
          [
            113.3912643,
            23.1370859
          ],
          [
            113.3914843,
            23.1371969
          ],
          [
            113.3918357,
            23.1373745
          ],
          [
            113.3921602,
            23.1375299
          ],
          [
            113.3926178,
            23.1377536
          ],
          [
            113.3931928,
            23.1380158
          ]
        ]
      },
      "id": "way/461521268"
    },
    {
      "type": "Feature",
      "properties": {
        "@id": "way/461521269",
        "highway": "trunk_link",
        "oneway": "yes"
      },
      "geometry": {
        "type": "LineString",
        "coordinates": [
          [
            113.3936209,
            23.1351416
          ],
          [
            113.3930916,
            23.1353225
          ],
          [
            113.3928538,
            23.1353879
          ],
          [
            113.3924005,
            23.1354982
          ],
          [
            113.3916118,
            23.1356982
          ],
          [
            113.3915089,
            23.135724
          ]
        ]
      },
      "id": "way/461521269"
    },
    {
      "type": "Feature",
      "properties": {
        "@id": "way/461521270",
        "bridge": "yes",
        "highway": "trunk_link",
        "layer": "1",
        "oneway": "yes"
      },
      "geometry": {
        "type": "LineString",
        "coordinates": [
          [
            113.391233,
            23.1357933
          ],
          [
            113.3906036,
            23.1359524
          ],
          [
            113.3896584,
            23.1361749
          ],
          [
            113.3892866,
            23.1362645
          ]
        ]
      },
      "id": "way/461521270"
    },
    {
      "type": "Feature",
      "properties": {
        "@id": "way/461521271",
        "highway": "trunk_link",
        "oneway": "yes"
      },
      "geometry": {
        "type": "LineString",
        "coordinates": [
          [
            113.3892866,
            23.1362645
          ],
          [
            113.3889411,
            23.1363026
          ]
        ]
      },
      "id": "way/461521271"
    },
    {
      "type": "Feature",
      "properties": {
        "@id": "way/461521272",
        "highway": "trunk",
        "lanes": "4",
        "name": "广园快速路",
        "name:en": "Guangyuan Expressway",
        "name:zh": "广园快速路",
        "oneway": "yes",
        "source": "Yahoo hires"
      },
      "geometry": {
        "type": "LineString",
        "coordinates": [
          [
            113.3872122,
            23.1366595
          ],
          [
            113.3856772,
            23.1370358
          ],
          [
            113.3847271,
            23.1372878
          ]
        ]
      },
      "id": "way/461521272"
    },
    {
      "type": "Feature",
      "properties": {
        "@id": "way/461521273",
        "highway": "trunk_link",
        "oneway": "yes"
      },
      "geometry": {
        "type": "LineString",
        "coordinates": [
          [
            113.3915089,
            23.135724
          ],
          [
            113.391233,
            23.1357933
          ]
        ]
      },
      "id": "way/461521273"
    },
    {
      "type": "Feature",
      "properties": {
        "@id": "way/462334360",
        "cycleway:right": "track",
        "highway": "trunk",
        "name": "中山大道西",
        "name:en": "Zhongshan Avenue West",
        "name:zh": "中山大道西",
        "oneway": "yes",
        "ref": "G107",
        "source": "Yahoo hires"
      },
      "geometry": {
        "type": "LineString",
        "coordinates": [
          [
            113.3647765,
            23.1325947
          ],
          [
            113.3649888,
            23.1324594
          ],
          [
            113.3651049,
            23.1323811
          ],
          [
            113.365199,
            23.1323087
          ],
          [
            113.3653114,
            23.1322185
          ],
          [
            113.3655532,
            23.1320285
          ],
          [
            113.3657164,
            23.1319148
          ],
          [
            113.3659009,
            23.1317984
          ],
          [
            113.3661687,
            23.1316424
          ],
          [
            113.3665038,
            23.1314454
          ],
          [
            113.3666636,
            23.1313559
          ],
          [
            113.3669684,
            23.1311853
          ],
          [
            113.3672775,
            23.1310215
          ],
          [
            113.3674681,
            23.1309226
          ],
          [
            113.3676318,
            23.1308442
          ],
          [
            113.3678103,
            23.1307631
          ],
          [
            113.368245,
            23.1305774
          ],
          [
            113.3684047,
            23.1305108
          ],
          [
            113.3685802,
            23.1304328
          ],
          [
            113.3688724,
            23.1302787
          ]
        ]
      },
      "id": "way/462334360"
    },
    {
      "type": "Feature",
      "properties": {
        "@id": "way/462334361",
        "highway": "trunk",
        "name": "中山大道西",
        "name:en": "Zhongshan Avenue West",
        "name:zh": "中山大道西",
        "oneway": "yes",
        "ref": "G107",
        "source": "Yahoo hires"
      },
      "geometry": {
        "type": "LineString",
        "coordinates": [
          [
            113.3688724,
            23.1302787
          ],
          [
            113.3694421,
            23.1300243
          ]
        ]
      },
      "id": "way/462334361"
    },
    {
      "type": "Feature",
      "properties": {
        "@id": "way/462340116",
        "highway": "trunk_link",
        "oneway": "yes"
      },
      "geometry": {
        "type": "LineString",
        "coordinates": [
          [
            113.3700651,
            23.1290047
          ],
          [
            113.3700936,
            23.1291019
          ],
          [
            113.3701217,
            23.1291717
          ],
          [
            113.3701565,
            23.1292233
          ],
          [
            113.3702022,
            23.1292678
          ],
          [
            113.3702418,
            23.129292
          ],
          [
            113.3703178,
            23.1293311
          ],
          [
            113.3703628,
            23.129344
          ],
          [
            113.3704147,
            23.1293564
          ],
          [
            113.3704924,
            23.1293648
          ],
          [
            113.3705707,
            23.1293617
          ],
          [
            113.3706577,
            23.1293549
          ],
          [
            113.3709499,
            23.1292955
          ]
        ]
      },
      "id": "way/462340116"
    },
    {
      "type": "Feature",
      "properties": {
        "@id": "way/462346335",
        "highway": "trunk",
        "name": "中山大道中",
        "name:en": "Zhongshan Avenue Middle",
        "name:zh": "中山大道中",
        "oneway": "yes",
        "ref": "G107",
        "source": "Yahoo hires"
      },
      "geometry": {
        "type": "LineString",
        "coordinates": [
          [
            113.387288,
            23.1270829
          ],
          [
            113.3869197,
            23.1271052
          ]
        ]
      },
      "id": "way/462346335"
    },
    {
      "type": "Feature",
      "properties": {
        "@id": "way/462346336",
        "highway": "trunk",
        "name": "中山大道中",
        "name:en": "Zhongshan Avenue Middle",
        "name:zh": "中山大道中",
        "oneway": "yes",
        "source": "Yahoo hires"
      },
      "geometry": {
        "type": "LineString",
        "coordinates": [
          [
            113.3872102,
            23.1268928
          ],
          [
            113.3874269,
            23.1268693
          ],
          [
            113.3877161,
            23.1268386
          ]
        ]
      },
      "id": "way/462346336"
    },
    {
      "type": "Feature",
      "properties": {
        "@id": "way/484374303",
        "highway": "tertiary"
      },
      "geometry": {
        "type": "LineString",
        "coordinates": [
          [
            113.3730215,
            23.1499749
          ],
          [
            113.3730038,
            23.1502812
          ],
          [
            113.3729885,
            23.1505721
          ]
        ]
      },
      "id": "way/484374303"
    },
    {
      "type": "Feature",
      "properties": {
        "@id": "way/484376405",
        "highway": "trunk_link",
        "lanes": "2",
        "oneway": "yes"
      },
      "geometry": {
        "type": "LineString",
        "coordinates": [
          [
            113.372891,
            23.1415867
          ],
          [
            113.3728551,
            23.1418078
          ],
          [
            113.3727727,
            23.1420791
          ],
          [
            113.372719,
            23.1422618
          ],
          [
            113.3726688,
            23.1424646
          ],
          [
            113.3726245,
            23.1426885
          ],
          [
            113.3725899,
            23.142895
          ],
          [
            113.3725642,
            23.1430701
          ],
          [
            113.3725244,
            23.1432527
          ],
          [
            113.3724747,
            23.1434095
          ],
          [
            113.37243,
            23.1434937
          ],
          [
            113.3723507,
            23.1436376
          ],
          [
            113.3722143,
            23.1438412
          ],
          [
            113.3721514,
            23.1439582
          ],
          [
            113.372104,
            23.1440767
          ],
          [
            113.3720787,
            23.1442099
          ],
          [
            113.3720735,
            23.1443163
          ],
          [
            113.3720763,
            23.1444567
          ],
          [
            113.3720927,
            23.1448503
          ]
        ]
      },
      "id": "way/484376405"
    },
    {
      "type": "Feature",
      "properties": {
        "@id": "way/484376406",
        "highway": "trunk",
        "name": "中山大道西",
        "name:en": "Zhongshan Avenue West",
        "name:zh": "中山大道西",
        "oneway": "yes",
        "ref": "G107",
        "source": "Yahoo hires"
      },
      "geometry": {
        "type": "LineString",
        "coordinates": [
          [
            113.3709499,
            23.1292955
          ],
          [
            113.3711505,
            23.1291976
          ],
          [
            113.3713253,
            23.129114
          ],
          [
            113.3715015,
            23.1290381
          ],
          [
            113.3716743,
            23.128965
          ],
          [
            113.3718414,
            23.1288936
          ],
          [
            113.3719748,
            23.1288356
          ],
          [
            113.3720368,
            23.1288101
          ]
        ]
      },
      "id": "way/484376406"
    },
    {
      "type": "Feature",
      "properties": {
        "@id": "way/484376407",
        "highway": "trunk",
        "name": "中山大道西",
        "name:en": "Zhongshan Avenue West",
        "name:zh": "中山大道西",
        "oneway": "yes",
        "ref": "G107",
        "source": "Yahoo hires"
      },
      "geometry": {
        "type": "LineString",
        "coordinates": [
          [
            113.3760796,
            23.1279713
          ],
          [
            113.3762719,
            23.1279613
          ],
          [
            113.3764938,
            23.1279438
          ],
          [
            113.3769635,
            23.1279012
          ],
          [
            113.3773512,
            23.1278619
          ],
          [
            113.3775377,
            23.1278357
          ],
          [
            113.37777,
            23.1277927
          ],
          [
            113.378014,
            23.1277457
          ],
          [
            113.3781926,
            23.1277133
          ],
          [
            113.3783534,
            23.1276893
          ],
          [
            113.378508,
            23.1276741
          ],
          [
            113.3786503,
            23.1276599
          ],
          [
            113.3791007,
            23.1276128
          ],
          [
            113.3797,
            23.1275511
          ],
          [
            113.3802372,
            23.1275056
          ],
          [
            113.3803643,
            23.1274942
          ],
          [
            113.3806052,
            23.1274722
          ],
          [
            113.3807108,
            23.1274651
          ],
          [
            113.3808052,
            23.127463
          ],
          [
            113.3809171,
            23.1274665
          ]
        ]
      },
      "id": "way/484376407"
    },
    {
      "type": "Feature",
      "properties": {
        "@id": "way/484376409",
        "highway": "trunk",
        "lanes": "4",
        "name": "黄埔大道中",
        "name:en": "Huangpu Avenue Middle",
        "name:zh": "黄埔大道中",
        "oneway": "yes"
      },
      "geometry": {
        "type": "LineString",
        "coordinates": [
          [
            113.3758955,
            23.1208729
          ],
          [
            113.375013,
            23.1210732
          ],
          [
            113.3747558,
            23.1211315
          ],
          [
            113.374427,
            23.1212104
          ]
        ]
      },
      "id": "way/484376409"
    },
    {
      "type": "Feature",
      "properties": {
        "@id": "way/484377539",
        "bicycle": "no",
        "foot": "no",
        "highway": "trunk",
        "name": "黄埔大道中",
        "name:en": "Huangpu Avenue Middle",
        "name:zh": "黄埔大道中",
        "oneway": "yes"
      },
      "geometry": {
        "type": "LineString",
        "coordinates": [
          [
            113.3722168,
            23.1217171
          ],
          [
            113.3714712,
            23.1218744
          ],
          [
            113.3698259,
            23.1222594
          ],
          [
            113.3694336,
            23.1223537
          ]
        ]
      },
      "id": "way/484377539"
    },
    {
      "type": "Feature",
      "properties": {
        "@id": "way/484377540",
        "highway": "trunk_link",
        "oneway": "yes"
      },
      "geometry": {
        "type": "LineString",
        "coordinates": [
          [
            113.3705768,
            23.1228506
          ],
          [
            113.3705814,
            23.1230883
          ],
          [
            113.3705808,
            23.1232235
          ],
          [
            113.3705679,
            23.123422
          ],
          [
            113.3705403,
            23.1236366
          ],
          [
            113.370519,
            23.1237489
          ],
          [
            113.3704815,
            23.1238834
          ],
          [
            113.3704269,
            23.1240215
          ],
          [
            113.3703865,
            23.1240966
          ],
          [
            113.3703472,
            23.1241648
          ]
        ]
      },
      "id": "way/484377540"
    },
    {
      "type": "Feature",
      "properties": {
        "@id": "way/484377541",
        "bicycle": "no",
        "foot": "no",
        "highway": "trunk",
        "name": "科韵路",
        "name:en": "Keyun Road",
        "name:zh": "科韵路",
        "oneway": "yes"
      },
      "geometry": {
        "type": "LineString",
        "coordinates": [
          [
            113.3696213,
            23.1257927
          ],
          [
            113.3695962,
            23.1269431
          ]
        ]
      },
      "id": "way/484377541"
    },
    {
      "type": "Feature",
      "properties": {
        "@id": "way/484377542",
        "bridge": "yes",
        "highway": "trunk",
        "layer": "1",
        "name": "科韵路",
        "name:en": "Keyun Road",
        "name:zh": "科韵路",
        "oneway": "yes"
      },
      "geometry": {
        "type": "LineString",
        "coordinates": [
          [
            113.3711156,
            23.1405724
          ],
          [
            113.3713601,
            23.1420591
          ]
        ]
      },
      "id": "way/484377542"
    },
    {
      "type": "Feature",
      "properties": {
        "@id": "way/484377543",
        "highway": "secondary",
        "name": "车陂路",
        "name:en": "Chebei Road",
        "name:zh": "车陂路",
        "oneway": "yes",
        "source": "Yahoo hires"
      },
      "geometry": {
        "type": "LineString",
        "coordinates": [
          [
            113.3931928,
            23.1380158
          ],
          [
            113.3953726,
            23.139102
          ]
        ]
      },
      "id": "way/484377543"
    },
    {
      "type": "Feature",
      "properties": {
        "@id": "way/484382954",
        "highway": "tertiary"
      },
      "geometry": {
        "type": "LineString",
        "coordinates": [
          [
            113.3729885,
            23.1505721
          ],
          [
            113.3729851,
            23.150629
          ],
          [
            113.3729758,
            23.1508523
          ],
          [
            113.3729689,
            23.1510092
          ],
          [
            113.3729619,
            23.1511595
          ],
          [
            113.3729614,
            23.1511951
          ]
        ]
      },
      "id": "way/484382954"
    },
    {
      "type": "Feature",
      "properties": {
        "@id": "way/484384059",
        "highway": "tertiary",
        "oneway": "yes"
      },
      "geometry": {
        "type": "LineString",
        "coordinates": [
          [
            113.3730215,
            23.1499749
          ],
          [
            113.3730009,
            23.1499538
          ],
          [
            113.3729806,
            23.1499103
          ],
          [
            113.3729765,
            23.1498378
          ],
          [
            113.3729748,
            23.1497183
          ],
          [
            113.3730145,
            23.1486555
          ],
          [
            113.3730081,
            23.1484493
          ],
          [
            113.3729856,
            23.1482549
          ],
          [
            113.3728832,
            23.1478544
          ],
          [
            113.3728484,
            23.1476999
          ],
          [
            113.3727837,
            23.147396
          ]
        ]
      },
      "id": "way/484384059"
    },
    {
      "type": "Feature",
      "properties": {
        "@id": "way/484384060",
        "highway": "trunk",
        "name": "科韵北路",
        "name:en": "Keyun North Road",
        "name:zh": "科韵北路",
        "oneway": "yes"
      },
      "geometry": {
        "type": "LineString",
        "coordinates": [
          [
            113.3727837,
            23.147396
          ],
          [
            113.3722403,
            23.1459033
          ],
          [
            113.372217,
            23.1458394
          ],
          [
            113.372138,
            23.1456079
          ],
          [
            113.3719158,
            23.1447545
          ],
          [
            113.371826,
            23.1444219
          ]
        ]
      },
      "id": "way/484384060"
    },
    {
      "type": "Feature",
      "properties": {
        "@id": "way/484384061",
        "highway": "trunk",
        "name": "科韵北路",
        "name:en": "Keyun North Road",
        "name:zh": "科韵北路",
        "oneway": "yes"
      },
      "geometry": {
        "type": "LineString",
        "coordinates": [
          [
            113.3729406,
            23.147421
          ],
          [
            113.3731188,
            23.1478918
          ],
          [
            113.3731644,
            23.1480242
          ],
          [
            113.373208,
            23.1481664
          ],
          [
            113.3732373,
            23.1483092
          ],
          [
            113.3732515,
            23.1484393
          ],
          [
            113.3732512,
            23.1486133
          ]
        ]
      },
      "id": "way/484384061"
    },
    {
      "type": "Feature",
      "properties": {
        "@id": "way/524539933",
        "highway": "tertiary"
      },
      "geometry": {
        "type": "LineString",
        "coordinates": [
          [
            113.3729614,
            23.1511951
          ],
          [
            113.3729596,
            23.1513227
          ],
          [
            113.3729613,
            23.1515168
          ],
          [
            113.3729619,
            23.1515868
          ],
          [
            113.3731173,
            23.1525522
          ],
          [
            113.3731656,
            23.1533068
          ],
          [
            113.3735894,
            23.1540664
          ]
        ]
      },
      "id": "way/524539933"
    },
    {
      "type": "Feature",
      "properties": {
        "@id": "way/526191121",
        "highway": "secondary",
        "name": "车陂路",
        "name:en": "Chebei Road",
        "name:zh": "车陂路",
        "oneway": "yes",
        "source": "Yahoo hires"
      },
      "geometry": {
        "type": "LineString",
        "coordinates": [
          [
            113.3849744,
            23.1192772
          ],
          [
            113.3851014,
            23.1197848
          ],
          [
            113.3853579,
            23.12081
          ],
          [
            113.3853952,
            23.1209592
          ],
          [
            113.3860968,
            23.1236742
          ]
        ]
      },
      "id": "way/526191121"
    },
    {
      "type": "Feature",
      "properties": {
        "@id": "way/526221767",
        "highway": "trunk_link",
        "name": "科韵路",
        "name:en": "Keyun Road",
        "name:zh": "科韵路",
        "oneway": "yes"
      },
      "geometry": {
        "type": "LineString",
        "coordinates": [
          [
            113.3689073,
            23.1233138
          ],
          [
            113.3689267,
            23.1231
          ],
          [
            113.3689358,
            23.123006
          ],
          [
            113.3689394,
            23.1229237
          ],
          [
            113.3689228,
            23.1228531
          ],
          [
            113.3688959,
            23.1228165
          ],
          [
            113.3688528,
            23.122773
          ],
          [
            113.3688181,
            23.1227463
          ],
          [
            113.3687738,
            23.1227198
          ],
          [
            113.368722,
            23.1226958
          ],
          [
            113.3686516,
            23.1226823
          ],
          [
            113.3685849,
            23.1226822
          ],
          [
            113.3685132,
            23.122687
          ],
          [
            113.3683723,
            23.1227144
          ],
          [
            113.367619,
            23.122893
          ],
          [
            113.3673968,
            23.1229428
          ],
          [
            113.3672619,
            23.1229711
          ],
          [
            113.367098,
            23.1230019
          ],
          [
            113.366885,
            23.123033
          ],
          [
            113.3665183,
            23.1230748
          ]
        ]
      },
      "id": "way/526221767"
    },
    {
      "type": "Feature",
      "properties": {
        "@id": "way/526221770",
        "highway": "secondary",
        "name": "车陂路",
        "name:en": "Chebei Road",
        "name:zh": "车陂路",
        "oneway": "yes",
        "source": "Yahoo hires"
      },
      "geometry": {
        "type": "LineString",
        "coordinates": [
          [
            113.3876297,
            23.1299338
          ],
          [
            113.3874852,
            23.1295296
          ],
          [
            113.387435,
            23.1293834
          ]
        ]
      },
      "id": "way/526221770"
    },
    {
      "type": "Feature",
      "properties": {
        "@id": "way/526221771",
        "highway": "secondary",
        "name": "车陂路",
        "name:en": "Chebei Road",
        "name:zh": "车陂路",
        "oneway": "yes",
        "sidewalk": "right",
        "source": "Yahoo hires"
      },
      "geometry": {
        "type": "LineString",
        "coordinates": [
          [
            113.3878675,
            23.1298454
          ],
          [
            113.3881834,
            23.1307881
          ],
          [
            113.3886397,
            23.1321501
          ],
          [
            113.3886736,
            23.1322351
          ],
          [
            113.3887008,
            23.132303
          ],
          [
            113.3887216,
            23.1323552
          ],
          [
            113.3887735,
            23.1324734
          ]
        ]
      },
      "id": "way/526221771"
    },
    {
      "type": "Feature",
      "properties": {
        "@id": "way/526225312",
        "highway": "trunk_link",
        "name": "科韵路",
        "name:en": "Keyun Road",
        "name:zh": "科韵路",
        "oneway": "yes"
      },
      "geometry": {
        "type": "LineString",
        "coordinates": [
          [
            113.3686648,
            23.1266999
          ],
          [
            113.3686658,
            23.1266764
          ],
          [
            113.3686766,
            23.1264348
          ],
          [
            113.3686801,
            23.1262355
          ],
          [
            113.368687,
            23.1259632
          ]
        ]
      },
      "id": "way/526225312"
    },
    {
      "type": "Feature",
      "properties": {
        "@id": "way/526225314",
        "highway": "trunk_link",
        "name": "科韵路",
        "name:en": "Keyun Road",
        "name:zh": "科韵路",
        "oneway": "yes"
      },
      "geometry": {
        "type": "LineString",
        "coordinates": [
          [
            113.3688584,
            23.1236839
          ],
          [
            113.3688938,
            23.1234269
          ],
          [
            113.3689073,
            23.1233138
          ]
        ]
      },
      "id": "way/526225314"
    },
    {
      "type": "Feature",
      "properties": {
        "@id": "way/527695470",
        "highway": "trunk_link",
        "oneway": "yes"
      },
      "geometry": {
        "type": "LineString",
        "coordinates": [
          [
            113.3703168,
            23.1303342
          ],
          [
            113.3704662,
            23.1311485
          ],
          [
            113.3705069,
            23.1314093
          ],
          [
            113.3705529,
            23.1316899
          ],
          [
            113.3705777,
            23.1319211
          ],
          [
            113.3706077,
            23.1322372
          ]
        ]
      },
      "id": "way/527695470"
    },
    {
      "type": "Feature",
      "properties": {
        "@id": "way/527869813",
        "highway": "secondary",
        "name": "车陂路",
        "name:en": "Chebei Road",
        "name:zh": "车陂路",
        "oneway": "yes",
        "source": "Yahoo hires"
      },
      "geometry": {
        "type": "LineString",
        "coordinates": [
          [
            113.3953726,
            23.139102
          ],
          [
            113.3959102,
            23.1394077
          ]
        ]
      },
      "id": "way/527869813"
    },
    {
      "type": "Feature",
      "properties": {
        "@id": "way/527878495",
        "highway": "trunk",
        "lanes": "4",
        "name": "广园快速路",
        "name:en": "Guangyuan Expressway",
        "name:zh": "广园快速路",
        "oneway": "yes",
        "source": "Yahoo hires"
      },
      "geometry": {
        "type": "LineString",
        "coordinates": [
          [
            113.3936209,
            23.1351416
          ],
          [
            113.3928375,
            23.1353111
          ],
          [
            113.3915449,
            23.1356322
          ],
          [
            113.3912106,
            23.1357173
          ]
        ]
      },
      "id": "way/527878495"
    },
    {
      "type": "Feature",
      "properties": {
        "@id": "way/527878496",
        "highway": "trunk_link",
        "oneway": "yes"
      },
      "geometry": {
        "type": "LineString",
        "coordinates": [
          [
            113.3889411,
            23.1363026
          ],
          [
            113.3886553,
            23.1363754
          ],
          [
            113.3883145,
            23.1364608
          ],
          [
            113.3878918,
            23.1365637
          ],
          [
            113.3872122,
            23.1366595
          ]
        ]
      },
      "id": "way/527878496"
    },
    {
      "type": "Feature",
      "properties": {
        "@id": "way/527878497",
        "highway": "secondary",
        "name": "车陂路",
        "name:en": "Chebei Rd",
        "name:zh": "车陂路",
        "oneway": "yes",
        "source": "Yahoo hires"
      },
      "geometry": {
        "type": "LineString",
        "coordinates": [
          [
            113.3902566,
            23.1364313
          ],
          [
            113.3901572,
            23.1362583
          ],
          [
            113.3901095,
            23.1361393
          ],
          [
            113.3899655,
            23.1356581
          ],
          [
            113.3899471,
            23.1356024
          ],
          [
            113.3899148,
            23.1355015
          ],
          [
            113.3897259,
            23.1349344
          ]
        ]
      },
      "id": "way/527878497"
    },
    {
      "type": "Feature",
      "properties": {
        "@id": "way/538324650",
        "highway": "trunk_link",
        "oneway": "yes"
      },
      "geometry": {
        "type": "LineString",
        "coordinates": [
          [
            113.3701079,
            23.1295538
          ],
          [
            113.3701007,
            23.1296155
          ],
          [
            113.3700805,
            23.129686
          ],
          [
            113.3700603,
            23.1297217
          ]
        ]
      },
      "id": "way/538324650"
    },
    {
      "type": "Feature",
      "properties": {
        "@id": "way/538324651",
        "highway": "trunk_link",
        "oneway": "yes"
      },
      "geometry": {
        "type": "LineString",
        "coordinates": [
          [
            113.3694837,
            23.129763
          ],
          [
            113.3692952,
            23.1296017
          ],
          [
            113.3691108,
            23.1293809
          ],
          [
            113.3688614,
            23.1290962
          ]
        ]
      },
      "id": "way/538324651"
    },
    {
      "type": "Feature",
      "properties": {
        "@id": "way/538620542",
        "highway": "trunk",
        "lanes": "4",
        "name": "黄埔大道中",
        "name:en": "Huangpu Avenue Middle",
        "name:zh": "黄埔大道中",
        "oneway": "yes"
      },
      "geometry": {
        "type": "LineString",
        "coordinates": [
          [
            113.3743599,
            23.1210287
          ],
          [
            113.3749644,
            23.1208942
          ],
          [
            113.3760347,
            23.1206561
          ],
          [
            113.3777743,
            23.120246
          ],
          [
            113.3780878,
            23.1201718
          ],
          [
            113.3789115,
            23.1199816
          ],
          [
            113.3792345,
            23.1199124
          ],
          [
            113.379862,
            23.1197678
          ],
          [
            113.3803203,
            23.1196614
          ]
        ]
      },
      "id": "way/538620542"
    },
    {
      "type": "Feature",
      "properties": {
        "@id": "way/538620543",
        "highway": "trunk",
        "lanes": "4",
        "name": "黄埔大道中",
        "name:en": "Huangpu Avenue Middle",
        "name:zh": "黄埔大道中",
        "oneway": "yes"
      },
      "geometry": {
        "type": "LineString",
        "coordinates": [
          [
            113.374427,
            23.1212104
          ],
          [
            113.3739802,
            23.1213222
          ],
          [
            113.3739115,
            23.1213395
          ],
          [
            113.3736668,
            23.1213982
          ],
          [
            113.3733487,
            23.1214771
          ],
          [
            113.3732601,
            23.1214979
          ]
        ]
      },
      "id": "way/538620543"
    },
    {
      "type": "Feature",
      "properties": {
        "@id": "way/538620544",
        "highway": "secondary",
        "name": "车陂路",
        "name:en": "Chebei Road",
        "name:zh": "车陂路",
        "oneway": "yes",
        "source": "Yahoo hires"
      },
      "geometry": {
        "type": "LineString",
        "coordinates": [
          [
            113.3900753,
            23.1355742
          ],
          [
            113.3901807,
            23.1358921
          ],
          [
            113.3902317,
            23.1360253
          ],
          [
            113.3902719,
            23.1361314
          ],
          [
            113.3903256,
            23.1362424
          ],
          [
            113.3903926,
            23.136346
          ],
          [
            113.390457,
            23.1364372
          ],
          [
            113.3905294,
            23.1365285
          ],
          [
            113.3906287,
            23.1366346
          ]
        ]
      },
      "id": "way/538620544"
    },
    {
      "type": "Feature",
      "properties": {
        "@id": "way/538620545",
        "highway": "trunk_link",
        "oneway": "yes"
      },
      "geometry": {
        "type": "LineString",
        "coordinates": [
          [
            113.3898759,
            23.1349161
          ],
          [
            113.3900894,
            23.1354488
          ],
          [
            113.3901312,
            23.1355033
          ],
          [
            113.3901974,
            23.135543
          ],
          [
            113.3902692,
            23.1355632
          ],
          [
            113.3903723,
            23.1355762
          ],
          [
            113.3904872,
            23.1355761
          ],
          [
            113.3906388,
            23.1355561
          ],
          [
            113.3921055,
            23.1352021
          ],
          [
            113.3926155,
            23.1350799
          ],
          [
            113.3929057,
            23.1350148
          ],
          [
            113.3932749,
            23.1349309
          ],
          [
            113.3942541,
            23.1347418
          ]
        ]
      },
      "id": "way/538620545"
    },
    {
      "type": "Feature",
      "properties": {
        "@id": "way/539340092",
        "highway": "trunk_link",
        "oneway": "yes"
      },
      "geometry": {
        "type": "LineString",
        "coordinates": [
          [
            113.3691189,
            23.1229934
          ],
          [
            113.3691238,
            23.122819
          ],
          [
            113.3691242,
            23.1226902
          ]
        ]
      },
      "id": "way/539340092"
    },
    {
      "type": "Feature",
      "properties": {
        "@id": "way/539342314",
        "highway": "trunk",
        "name": "黄埔大道中",
        "name:en": "Huangpu Avenue Middle",
        "name:zh": "黄埔大道中",
        "oneway": "yes"
      },
      "geometry": {
        "type": "LineString",
        "coordinates": [
          [
            113.3724035,
            23.1215237
          ],
          [
            113.3730355,
            23.1213703
          ]
        ]
      },
      "id": "way/539342314"
    },
    {
      "type": "Feature",
      "properties": {
        "@id": "way/630680768",
        "highway": "trunk",
        "lanes": "4",
        "name": "广园快速路",
        "name:en": "Guangyuan Expressway",
        "name:zh": "广园快速路",
        "oneway": "yes",
        "source": "Yahoo hires"
      },
      "geometry": {
        "type": "LineString",
        "coordinates": [
          [
            113.3599146,
            23.1456092
          ],
          [
            113.3603269,
            23.1454896
          ],
          [
            113.3606063,
            23.1454057
          ],
          [
            113.360862,
            23.1453212
          ],
          [
            113.361176,
            23.1452121
          ],
          [
            113.3615835,
            23.1450572
          ],
          [
            113.3620404,
            23.1448867
          ],
          [
            113.3626176,
            23.144695
          ]
        ]
      },
      "id": "way/630680768"
    },
    {
      "type": "Feature",
      "properties": {
        "@id": "way/645327168",
        "highway": "primary",
        "name": "科韵北路",
        "name:en": "Keyun North Road",
        "name:zh": "科韵北路",
        "oneway": "yes"
      },
      "geometry": {
        "type": "LineString",
        "coordinates": [
          [
            113.3762403,
            23.1573026
          ],
          [
            113.3762083,
            23.1572569
          ],
          [
            113.3761555,
            23.1571634
          ],
          [
            113.3760555,
            23.1570081
          ],
          [
            113.3758549,
            23.1567072
          ]
        ]
      },
      "id": "way/645327168"
    },
    {
      "type": "Feature",
      "properties": {
        "@id": "way/645878239",
        "highway": "trunk_link",
        "lanes": "2",
        "oneway": "yes"
      },
      "geometry": {
        "type": "LineString",
        "coordinates": [
          [
            113.3730008,
            23.1413649
          ],
          [
            113.3729169,
            23.1415244
          ],
          [
            113.372891,
            23.1415867
          ]
        ]
      },
      "id": "way/645878239"
    },
    {
      "type": "Feature",
      "properties": {
        "@id": "way/645878241",
        "bicycle": "yes",
        "foot": "yes",
        "highway": "trunk_link",
        "oneway": "yes",
        "oneway:bicycle": "no",
        "sidewalk": "right"
      },
      "geometry": {
        "type": "LineString",
        "coordinates": [
          [
            113.3696028,
            23.1421502
          ],
          [
            113.3691354,
            23.1423425
          ],
          [
            113.3689464,
            23.1424059
          ],
          [
            113.3685061,
            23.1425263
          ]
        ]
      },
      "id": "way/645878241"
    },
    {
      "type": "Feature",
      "properties": {
        "@id": "way/680357794",
        "highway": "tertiary",
        "oneway": "yes"
      },
      "geometry": {
        "type": "LineString",
        "coordinates": [
          [
            113.3903898,
            23.1375638
          ],
          [
            113.3904388,
            23.1374909
          ],
          [
            113.3904932,
            23.137473
          ],
          [
            113.3905425,
            23.1374814
          ],
          [
            113.3905824,
            23.1375027
          ],
          [
            113.3906155,
            23.1375782
          ]
        ]
      },
      "id": "way/680357794"
    },
    {
      "type": "Feature",
      "properties": {
        "@id": "way/685725034",
        "bridge": "yes",
        "highway": "primary_link",
        "layer": "1",
        "oneway": "yes"
      },
      "geometry": {
        "type": "LineString",
        "coordinates": [
          [
            113.3754893,
            23.1558079
          ],
          [
            113.3760294,
            23.1566338
          ]
        ]
      },
      "id": "way/685725034"
    },
    {
      "type": "Feature",
      "properties": {
        "@id": "way/685725035",
        "bridge": "yes",
        "highway": "primary_link",
        "layer": "1",
        "oneway": "yes"
      },
      "geometry": {
        "type": "LineString",
        "coordinates": [
          [
            113.3757574,
            23.1567347
          ],
          [
            113.3752357,
            23.1559469
          ]
        ]
      },
      "id": "way/685725035"
    },
    {
      "type": "Feature",
      "properties": {
        "@id": "way/685725036",
        "highway": "primary_link",
        "oneway": "yes"
      },
      "geometry": {
        "type": "LineString",
        "coordinates": [
          [
            113.3760294,
            23.1566338
          ],
          [
            113.376151,
            23.1568278
          ],
          [
            113.3765079,
            23.1573491
          ],
          [
            113.3767738,
            23.1578074
          ]
        ]
      },
      "id": "way/685725036"
    },
    {
      "type": "Feature",
      "properties": {
        "@id": "way/685725038",
        "highway": "primary_link",
        "oneway": "yes"
      },
      "geometry": {
        "type": "LineString",
        "coordinates": [
          [
            113.3762403,
            23.1573026
          ],
          [
            113.3761259,
            23.1572521
          ],
          [
            113.3760645,
            23.1571665
          ],
          [
            113.3757574,
            23.1567347
          ]
        ]
      },
      "id": "way/685725038"
    },
    {
      "type": "Feature",
      "properties": {
        "@id": "way/685725043",
        "highway": "tertiary",
        "name": "棠安路",
        "name:en": "Tang'an Road",
        "name:zh": "棠安路",
        "oneway": "yes"
      },
      "geometry": {
        "type": "LineString",
        "coordinates": [
          [
            113.3717998,
            23.1370262
          ],
          [
            113.3716103,
            23.1370576
          ],
          [
            113.371449,
            23.1370921
          ],
          [
            113.3712889,
            23.1371221
          ],
          [
            113.3711418,
            23.1371487
          ],
          [
            113.3710324,
            23.1371684
          ],
          [
            113.3709425,
            23.1371992
          ],
          [
            113.370871,
            23.1372426
          ],
          [
            113.3707972,
            23.1373192
          ],
          [
            113.3707525,
            23.1374095
          ],
          [
            113.3707168,
            23.137541
          ],
          [
            113.3706593,
            23.1378
          ]
        ]
      },
      "id": "way/685725043"
    },
    {
      "type": "Feature",
      "properties": {
        "@id": "way/686192756",
        "highway": "tertiary",
        "name": "棠安路",
        "name:en": "Tang'an Road",
        "name:zh": "棠安路",
        "oneway": "yes"
      },
      "geometry": {
        "type": "LineString",
        "coordinates": [
          [
            113.3717665,
            23.1369457
          ],
          [
            113.3718512,
            23.1369282
          ]
        ]
      },
      "id": "way/686192756"
    },
    {
      "type": "Feature",
      "properties": {
        "@id": "way/701326798",
        "highway": "tertiary",
        "name": "棠德西路",
        "name:en": "Tangde West Road",
        "name:zh": "棠德西路"
      },
      "geometry": {
        "type": "LineString",
        "coordinates": [
          [
            113.3732281,
            23.1367239
          ],
          [
            113.3732104,
            23.1366589
          ]
        ]
      },
      "id": "way/701326798"
    },
    {
      "type": "Feature",
      "properties": {
        "@id": "way/701326799",
        "highway": "tertiary",
        "name": "棠德西路",
        "name:en": "Tangde West Road",
        "name:zh": "棠德西路"
      },
      "geometry": {
        "type": "LineString",
        "coordinates": [
          [
            113.3732104,
            23.1366589
          ],
          [
            113.3730279,
            23.135902
          ],
          [
            113.3729571,
            23.1356084
          ]
        ]
      },
      "id": "way/701326799"
    },
    {
      "type": "Feature",
      "properties": {
        "@id": "way/737755287",
        "highway": "tertiary_link",
        "oneway": "yes"
      },
      "geometry": {
        "type": "LineString",
        "coordinates": [
          [
            113.375013,
            23.1210732
          ],
          [
            113.3749644,
            23.1208942
          ]
        ]
      },
      "id": "way/737755287"
    },
    {
      "type": "Feature",
      "properties": {
        "@id": "way/738715329",
        "highway": "trunk_link",
        "oneway": "yes"
      },
      "geometry": {
        "type": "LineString",
        "coordinates": [
          [
            113.3610846,
            23.146849
          ],
          [
            113.3610756,
            23.1466671
          ],
          [
            113.3610555,
            23.1465458
          ],
          [
            113.3610153,
            23.1464156
          ],
          [
            113.3609538,
            23.1462908
          ],
          [
            113.360913,
            23.1462359
          ],
          [
            113.3608785,
            23.1461906
          ]
        ]
      },
      "id": "way/738715329"
    },
    {
      "type": "Feature",
      "properties": {
        "@id": "way/768020716",
        "bridge": "yes",
        "highway": "trunk",
        "layer": "2",
        "name": "科韵北路",
        "name:en": "Keyun North Road",
        "name:zh": "科韵北路",
        "oneway": "yes"
      },
      "geometry": {
        "type": "LineString",
        "coordinates": [
          [
            113.3732891,
            23.1525113
          ],
          [
            113.3731697,
            23.1520487
          ],
          [
            113.373094,
            23.151512
          ],
          [
            113.3730681,
            23.1509492
          ],
          [
            113.3731082,
            23.1494933
          ],
          [
            113.3731209,
            23.1486133
          ]
        ]
      },
      "id": "way/768020716"
    },
    {
      "type": "Feature",
      "properties": {
        "@id": "way/768020717",
        "bridge": "yes",
        "highway": "primary",
        "layer": "2",
        "name": "科韵北路",
        "name:en": "Keyun North Road",
        "name:zh": "科韵北路",
        "oneway": "yes"
      },
      "geometry": {
        "type": "LineString",
        "coordinates": [
          [
            113.3734479,
            23.1526044
          ],
          [
            113.3736107,
            23.1530676
          ],
          [
            113.3738462,
            23.1535286
          ],
          [
            113.3740103,
            23.1538062
          ]
        ]
      },
      "id": "way/768020717"
    },
    {
      "type": "Feature",
      "properties": {
        "@id": "way/813580007",
        "cycleway:right": "track",
        "highway": "trunk",
        "name": "中山大道西",
        "name:en": "Zhongshan Avenue West",
        "name:zh": "中山大道西",
        "oneway": "yes",
        "ref": "G107",
        "source": "Yahoo hires"
      },
      "geometry": {
        "type": "LineString",
        "coordinates": [
          [
            113.3568154,
            23.1361359
          ],
          [
            113.3570726,
            23.1360566
          ],
          [
            113.357259,
            23.1359991
          ],
          [
            113.3576931,
            23.1358518
          ],
          [
            113.3579442,
            23.135768
          ],
          [
            113.358271,
            23.1356457
          ],
          [
            113.3585499,
            23.1355405
          ],
          [
            113.3587608,
            23.1354596
          ],
          [
            113.3589991,
            23.1353646
          ],
          [
            113.3591473,
            23.1353003
          ],
          [
            113.359319,
            23.1352109
          ],
          [
            113.3595115,
            23.1351062
          ],
          [
            113.3596763,
            23.1350262
          ],
          [
            113.3597858,
            23.1349777
          ],
          [
            113.3599196,
            23.1349258
          ],
          [
            113.360211,
            23.1348088
          ],
          [
            113.3605887,
            23.1346626
          ],
          [
            113.3606348,
            23.1346456
          ],
          [
            113.3607383,
            23.1346075
          ],
          [
            113.3610907,
            23.134463
          ],
          [
            113.361312,
            23.1343722
          ],
          [
            113.3614995,
            23.1342932
          ],
          [
            113.3617127,
            23.134198
          ],
          [
            113.361863,
            23.1341347
          ],
          [
            113.3619787,
            23.1340912
          ],
          [
            113.362129,
            23.1340372
          ],
          [
            113.3622734,
            23.1339939
          ],
          [
            113.3623692,
            23.1339593
          ],
          [
            113.3624833,
            23.1339086
          ],
          [
            113.3627159,
            23.1337943
          ],
          [
            113.3629186,
            23.1336885
          ],
          [
            113.3631523,
            23.1335647
          ],
          [
            113.3634698,
            23.1333892
          ],
          [
            113.3638061,
            23.1331926
          ],
          [
            113.364073,
            23.1330291
          ],
          [
            113.3644291,
            23.1328098
          ],
          [
            113.3647765,
            23.1325947
          ]
        ]
      },
      "id": "way/813580007"
    },
    {
      "type": "Feature",
      "properties": {
        "@id": "way/814102470",
        "highway": "trunk_link",
        "oneway": "yes"
      },
      "geometry": {
        "type": "LineString",
        "coordinates": [
          [
            113.3694421,
            23.1300243
          ],
          [
            113.3694797,
            23.1300997
          ]
        ]
      },
      "id": "way/814102470"
    },
    {
      "type": "Feature",
      "properties": {
        "@id": "way/814102471",
        "highway": "trunk_link",
        "oneway": "yes"
      },
      "geometry": {
        "type": "LineString",
        "coordinates": [
          [
            113.3702363,
            23.1298455
          ],
          [
            113.3701973,
            23.1297754
          ]
        ]
      },
      "id": "way/814102471"
    },
    {
      "type": "Feature",
      "properties": {
        "@id": "way/814257191",
        "bridge": "yes",
        "highway": "trunk",
        "layer": "1",
        "name": "中山大道西",
        "name:en": "Zhongshan Avenue West",
        "name:zh": "中山大道西",
        "oneway": "yes",
        "ref": "G107",
        "source": "Yahoo hires"
      },
      "geometry": {
        "type": "LineString",
        "coordinates": [
          [
            113.3720368,
            23.1288101
          ],
          [
            113.3721289,
            23.1287722
          ],
          [
            113.3722948,
            23.1287082
          ]
        ]
      },
      "id": "way/814257191"
    },
    {
      "type": "Feature",
      "properties": {
        "@id": "way/814257192",
        "highway": "trunk",
        "name": "中山大道西",
        "name:en": "Zhongshan Avenue West",
        "name:zh": "中山大道西",
        "oneway": "yes",
        "ref": "G107",
        "source": "Yahoo hires"
      },
      "geometry": {
        "type": "LineString",
        "coordinates": [
          [
            113.3722948,
            23.1287082
          ],
          [
            113.372352,
            23.1286861
          ],
          [
            113.372606,
            23.1285884
          ],
          [
            113.3727758,
            23.1285088
          ],
          [
            113.3728914,
            23.1284514
          ],
          [
            113.3730063,
            23.1283989
          ],
          [
            113.3731105,
            23.1283597
          ],
          [
            113.3732002,
            23.1283357
          ],
          [
            113.3733182,
            23.128304
          ],
          [
            113.3734853,
            23.1282635
          ],
          [
            113.3736448,
            23.1282269
          ],
          [
            113.3738265,
            23.1281889
          ],
          [
            113.374137,
            23.128129
          ],
          [
            113.3743845,
            23.128089
          ],
          [
            113.3746545,
            23.1280519
          ],
          [
            113.3749771,
            23.1280136
          ],
          [
            113.3752442,
            23.1279872
          ],
          [
            113.375484,
            23.1279651
          ],
          [
            113.3756111,
            23.1279637
          ],
          [
            113.3758551,
            23.1279704
          ],
          [
            113.3760796,
            23.1279713
          ]
        ]
      },
      "id": "way/814257192"
    },
    {
      "type": "Feature",
      "properties": {
        "@id": "way/814257197",
        "bridge": "yes",
        "highway": "trunk",
        "layer": "1",
        "name": "中山大道西",
        "name:en": "Zhongshan Avenue West",
        "name:zh": "中山大道西",
        "oneway": "yes",
        "ref": "G107",
        "source": "Yahoo hires"
      },
      "geometry": {
        "type": "LineString",
        "coordinates": [
          [
            113.3723689,
            23.1288763
          ],
          [
            113.3721096,
            23.1289715
          ]
        ]
      },
      "id": "way/814257197"
    },
    {
      "type": "Feature",
      "properties": {
        "@id": "way/853737989",
        "highway": "tertiary",
        "name": "棠安路",
        "name:en": "Tang'an Road",
        "name:zh": "棠安路",
        "oneway": "yes"
      },
      "geometry": {
        "type": "LineString",
        "coordinates": [
          [
            113.3718512,
            23.1369282
          ],
          [
            113.3717998,
            23.1370262
          ]
        ]
      },
      "id": "way/853737989"
    },
    {
      "type": "Feature",
      "properties": {
        "@id": "way/893859278",
        "highway": "trunk",
        "name": "中山大道西",
        "name:en": "Zhongshan Avenue West",
        "name:zh": "中山大道西",
        "oneway": "yes",
        "ref": "G107",
        "source": "Yahoo hires"
      },
      "geometry": {
        "type": "LineString",
        "coordinates": [
          [
            113.3694421,
            23.1300243
          ],
          [
            113.3695405,
            23.1299738
          ],
          [
            113.3697098,
            23.1298869
          ]
        ]
      },
      "id": "way/893859278"
    },
    {
      "type": "Feature",
      "properties": {
        "@id": "way/893859292",
        "highway": "trunk",
        "name": "中山大道西",
        "name:en": "Zhongshan Avenue West",
        "name:zh": "中山大道西",
        "oneway": "yes",
        "ref": "G107",
        "source": "Yahoo hires"
      },
      "geometry": {
        "type": "LineString",
        "coordinates": [
          [
            113.3696977,
            23.1300945
          ],
          [
            113.3695261,
            23.1301928
          ]
        ]
      },
      "id": "way/893859292"
    },
    {
      "type": "Feature",
      "properties": {
        "@id": "way/893859741",
        "highway": "trunk",
        "name": "中山大道西",
        "name:en": "Zhongshan Avenue West",
        "name:zh": "中山大道西",
        "oneway": "yes",
        "ref": "G107",
        "source": "Yahoo hires"
      },
      "geometry": {
        "type": "LineString",
        "coordinates": [
          [
            113.3700603,
            23.1297217
          ],
          [
            113.3701442,
            23.1296799
          ]
        ]
      },
      "id": "way/893859741"
    },
    {
      "type": "Feature",
      "properties": {
        "@id": "way/893859744",
        "highway": "trunk",
        "name": "中山大道西",
        "name:en": "Zhongshan Avenue West",
        "name:zh": "中山大道西",
        "oneway": "yes",
        "ref": "G107",
        "source": "Yahoo hires"
      },
      "geometry": {
        "type": "LineString",
        "coordinates": [
          [
            113.3695261,
            23.1301928
          ],
          [
            113.3689888,
            23.1304536
          ]
        ]
      },
      "id": "way/893859744"
    },
    {
      "type": "Feature",
      "properties": {
        "@id": "way/893861107",
        "highway": "trunk_link",
        "oneway": "yes"
      },
      "geometry": {
        "type": "LineString",
        "coordinates": [
          [
            113.3808176,
            23.1275919
          ],
          [
            113.3808158,
            23.1275842
          ],
          [
            113.3808172,
            23.1275583
          ],
          [
            113.3808292,
            23.1275321
          ],
          [
            113.3808538,
            23.1275036
          ],
          [
            113.3808748,
            23.1274885
          ],
          [
            113.3809171,
            23.1274665
          ]
        ]
      },
      "id": "way/893861107"
    },
    {
      "type": "Feature",
      "properties": {
        "@id": "way/893861109",
        "highway": "trunk_link",
        "oneway": "yes"
      },
      "geometry": {
        "type": "LineString",
        "coordinates": [
          [
            113.3808324,
            23.1276345
          ],
          [
            113.3808233,
            23.1276169
          ],
          [
            113.3808176,
            23.1275919
          ]
        ]
      },
      "id": "way/893861109"
    },
    {
      "type": "Feature",
      "properties": {
        "@id": "way/893861111",
        "highway": "trunk_link",
        "oneway": "yes"
      },
      "geometry": {
        "type": "LineString",
        "coordinates": [
          [
            113.3864451,
            23.1270441
          ],
          [
            113.386453,
            23.1270713
          ],
          [
            113.3864519,
            23.1270865
          ]
        ]
      },
      "id": "way/893861111"
    },
    {
      "type": "Feature",
      "properties": {
        "@id": "way/893861113",
        "highway": "trunk",
        "name": "中山大道西",
        "name:en": "Zhongshan Avenue West",
        "name:zh": "中山大道西",
        "oneway": "yes",
        "ref": "G107",
        "source": "Yahoo hires"
      },
      "geometry": {
        "type": "LineString",
        "coordinates": [
          [
            113.3864163,
            23.1271516
          ],
          [
            113.3862013,
            23.1271712
          ],
          [
            113.3860807,
            23.1271859
          ],
          [
            113.38594,
            23.1272093
          ],
          [
            113.3858031,
            23.1272382
          ]
        ]
      },
      "id": "way/893861113"
    },
    {
      "type": "Feature",
      "properties": {
        "@id": "way/893861115",
        "highway": "trunk_link",
        "oneway": "yes"
      },
      "geometry": {
        "type": "LineString",
        "coordinates": [
          [
            113.3864519,
            23.1270865
          ],
          [
            113.3864505,
            23.1271073
          ],
          [
            113.3864351,
            23.1271324
          ],
          [
            113.3864163,
            23.1271516
          ]
        ]
      },
      "id": "way/893861115"
    },
    {
      "type": "Feature",
      "properties": {
        "@id": "way/893861116",
        "highway": "trunk",
        "name": "中山大道西",
        "name:en": "Zhongshan Avenue West",
        "name:zh": "中山大道西",
        "oneway": "yes",
        "ref": "G107",
        "source": "Yahoo hires"
      },
      "geometry": {
        "type": "LineString",
        "coordinates": [
          [
            113.3863817,
            23.1269706
          ],
          [
            113.3866866,
            23.1269484
          ]
        ]
      },
      "id": "way/893861116"
    },
    {
      "type": "Feature",
      "properties": {
        "@id": "way/893861117",
        "highway": "secondary",
        "name": "车陂路",
        "name:en": "Chebei Road",
        "name:zh": "车陂路",
        "oneway": "yes",
        "source": "Yahoo hires"
      },
      "geometry": {
        "type": "LineString",
        "coordinates": [
          [
            113.3866866,
            23.1269484
          ],
          [
            113.38664,
            23.1267253
          ],
          [
            113.3865544,
            23.1263564
          ]
        ]
      },
      "id": "way/893861117"
    },
    {
      "type": "Feature",
      "properties": {
        "@id": "way/893861118",
        "highway": "trunk",
        "name": "中山大道西",
        "name:en": "Zhongshan Avenue West",
        "name:zh": "中山大道西",
        "oneway": "yes",
        "ref": "G107",
        "source": "Yahoo hires"
      },
      "geometry": {
        "type": "LineString",
        "coordinates": [
          [
            113.3866866,
            23.1269484
          ],
          [
            113.3868869,
            23.1269296
          ]
        ]
      },
      "id": "way/893861118"
    },
    {
      "type": "Feature",
      "properties": {
        "@id": "way/893861119",
        "highway": "secondary",
        "name": "车陂路",
        "name:en": "Chebei Road",
        "name:zh": "车陂路",
        "oneway": "yes",
        "source": "Yahoo hires"
      },
      "geometry": {
        "type": "LineString",
        "coordinates": [
          [
            113.3867003,
            23.1270167
          ],
          [
            113.3866866,
            23.1269484
          ]
        ]
      },
      "id": "way/893861119"
    },
    {
      "type": "Feature",
      "properties": {
        "@id": "way/893861121",
        "highway": "secondary",
        "name": "车陂路",
        "name:en": "Chebei Road",
        "name:zh": "车陂路",
        "oneway": "yes",
        "source": "Yahoo hires"
      },
      "geometry": {
        "type": "LineString",
        "coordinates": [
          [
            113.3867096,
            23.1270634
          ],
          [
            113.3867003,
            23.1270167
          ]
        ]
      },
      "id": "way/893861121"
    },
    {
      "type": "Feature",
      "properties": {
        "@id": "way/893861123",
        "highway": "secondary",
        "name": "车陂路",
        "name:en": "Chebei Road",
        "name:zh": "车陂路",
        "oneway": "yes",
        "source": "Yahoo hires"
      },
      "geometry": {
        "type": "LineString",
        "coordinates": [
          [
            113.3867256,
            23.1271218
          ],
          [
            113.3867096,
            23.1270634
          ]
        ]
      },
      "id": "way/893861123"
    },
    {
      "type": "Feature",
      "properties": {
        "@id": "way/893861124",
        "highway": "secondary",
        "name": "车陂路",
        "name:en": "Chebei Road",
        "name:zh": "车陂路",
        "oneway": "yes",
        "source": "Yahoo hires"
      },
      "geometry": {
        "type": "LineString",
        "coordinates": [
          [
            113.3868869,
            23.1269296
          ],
          [
            113.3868992,
            23.1269954
          ]
        ]
      },
      "id": "way/893861124"
    },
    {
      "type": "Feature",
      "properties": {
        "@id": "way/893861125",
        "highway": "trunk",
        "name": "中山大道中",
        "name:en": "Zhongshan Avenue Middle",
        "name:zh": "中山大道中",
        "oneway": "yes",
        "ref": "G107",
        "source": "Yahoo hires"
      },
      "geometry": {
        "type": "LineString",
        "coordinates": [
          [
            113.3869197,
            23.1271052
          ],
          [
            113.3867256,
            23.1271218
          ]
        ]
      },
      "id": "way/893861125"
    },
    {
      "type": "Feature",
      "properties": {
        "@id": "way/893861126",
        "highway": "secondary",
        "name": "车陂路",
        "name:en": "Chebei Road",
        "name:zh": "车陂路",
        "oneway": "yes",
        "source": "Yahoo hires"
      },
      "geometry": {
        "type": "LineString",
        "coordinates": [
          [
            113.3869197,
            23.1271052
          ],
          [
            113.3869924,
            23.1274132
          ],
          [
            113.3870533,
            23.1276107
          ],
          [
            113.387133,
            23.1278397
          ]
        ]
      },
      "id": "way/893861126"
    },
    {
      "type": "Feature",
      "properties": {
        "@id": "way/893861128",
        "highway": "secondary",
        "name": "车陂路",
        "name:en": "Chebei Road",
        "name:zh": "车陂路",
        "oneway": "yes",
        "source": "Yahoo hires"
      },
      "geometry": {
        "type": "LineString",
        "coordinates": [
          [
            113.3869087,
            23.1270464
          ],
          [
            113.3869197,
            23.1271052
          ]
        ]
      },
      "id": "way/893861128"
    },
    {
      "type": "Feature",
      "properties": {
        "@id": "way/893861130",
        "highway": "secondary",
        "name": "车陂路",
        "name:en": "Chebei Road",
        "name:zh": "车陂路",
        "oneway": "yes",
        "source": "Yahoo hires"
      },
      "geometry": {
        "type": "LineString",
        "coordinates": [
          [
            113.3868992,
            23.1269954
          ],
          [
            113.3869087,
            23.1270464
          ]
        ]
      },
      "id": "way/893861130"
    },
    {
      "type": "Feature",
      "properties": {
        "@id": "way/893861131",
        "highway": "trunk_link",
        "oneway": "yes"
      },
      "geometry": {
        "type": "LineString",
        "coordinates": [
          [
            113.3871812,
            23.1269652
          ],
          [
            113.3871859,
            23.1269323
          ],
          [
            113.3872102,
            23.1268928
          ]
        ]
      },
      "id": "way/893861131"
    },
    {
      "type": "Feature",
      "properties": {
        "@id": "way/893861132",
        "highway": "trunk_link",
        "oneway": "yes"
      },
      "geometry": {
        "type": "LineString",
        "coordinates": [
          [
            113.3871968,
            23.1270202
          ],
          [
            113.387189,
            23.1270112
          ],
          [
            113.3871797,
            23.1269758
          ],
          [
            113.3871812,
            23.1269652
          ]
        ]
      },
      "id": "way/893861132"
    },
    {
      "type": "Feature",
      "properties": {
        "@id": "way/911127096",
        "highway": "trunk",
        "name": "中山大道西",
        "name:en": "Zhongshan Avenue West",
        "name:zh": "中山大道西",
        "oneway": "yes",
        "ref": "G107",
        "source": "Yahoo hires"
      },
      "geometry": {
        "type": "LineString",
        "coordinates": [
          [
            113.3701442,
            23.1296799
          ],
          [
            113.3703886,
            23.1295642
          ],
          [
            113.3709499,
            23.1292955
          ]
        ]
      },
      "id": "way/911127096"
    },
    {
      "type": "Feature",
      "properties": {
        "@id": "way/930702277",
        "highway": "trunk",
        "lanes": "4",
        "name": "广园快速路",
        "name:en": "Guangyuan Expressway",
        "name:zh": "广园快速路",
        "oneway": "yes",
        "source": "Yahoo hires"
      },
      "geometry": {
        "type": "LineString",
        "coordinates": [
          [
            113.3585068,
            23.1460286
          ],
          [
            113.3586939,
            23.1459747
          ],
          [
            113.3590348,
            23.1458789
          ],
          [
            113.3595895,
            23.1457176
          ],
          [
            113.3599146,
            23.1456092
          ]
        ]
      },
      "id": "way/930702277"
    },
    {
      "type": "Feature",
      "properties": {
        "@id": "way/930702279",
        "highway": "trunk_link",
        "lanes": "2",
        "oneway": "yes"
      },
      "geometry": {
        "type": "LineString",
        "coordinates": [
          [
            113.3679481,
            23.1424887
          ],
          [
            113.3683914,
            23.1422109
          ],
          [
            113.3689454,
            23.141953
          ]
        ]
      },
      "id": "way/930702279"
    },
    {
      "type": "Feature",
      "properties": {
        "@id": "way/959177781",
        "highway": "tertiary",
        "name": "健明四路",
        "name:en": "Jianming 4th Road",
        "name:zh": "健明四路",
        "oneway": "yes"
      },
      "geometry": {
        "type": "LineString",
        "coordinates": [
          [
            113.3895326,
            23.1417749
          ],
          [
            113.3895283,
            23.1414562
          ]
        ]
      },
      "id": "way/959177781"
    },
    {
      "type": "Feature",
      "properties": {
        "@id": "way/994014252",
        "highway": "trunk",
        "lanes": "4",
        "name": "广园快速路",
        "name:en": "Guangyuan Expressway",
        "name:zh": "广园快速路",
        "oneway": "yes",
        "source": "Yahoo hires"
      },
      "geometry": {
        "type": "LineString",
        "coordinates": [
          [
            113.3622175,
            23.1450686
          ],
          [
            113.361641,
            23.145294
          ]
        ]
      },
      "id": "way/994014252"
    },
    {
      "type": "Feature",
      "properties": {
        "@id": "way/994014275",
        "access": "yes",
        "highway": "trunk",
        "lanes": "4",
        "name": "广园快速路",
        "name:en": "Guangyuan Expressway",
        "name:zh": "广园快速路",
        "oneway": "yes",
        "oneway:bicycle": "no",
        "source": "Yahoo hires;survey"
      },
      "geometry": {
        "type": "LineString",
        "coordinates": [
          [
            113.361641,
            23.145294
          ],
          [
            113.3612282,
            23.1454103
          ],
          [
            113.3608793,
            23.14552
          ],
          [
            113.3607774,
            23.1455519
          ],
          [
            113.3606305,
            23.1455978
          ],
          [
            113.360058,
            23.1457617
          ]
        ]
      },
      "id": "way/994014275"
    },
    {
      "type": "Feature",
      "properties": {
        "@id": "way/1021964570",
        "highway": "trunk_link",
        "oneway": "yes"
      },
      "geometry": {
        "type": "LineString",
        "coordinates": [
          [
            113.3697098,
            23.1298869
          ],
          [
            113.3696171,
            23.1298365
          ],
          [
            113.3694837,
            23.129763
          ]
        ]
      },
      "id": "way/1021964570"
    },
    {
      "type": "Feature",
      "properties": {
        "@id": "way/1021964571",
        "highway": "trunk_link"
      },
      "geometry": {
        "type": "LineString",
        "coordinates": [
          [
            113.3697098,
            23.1298869
          ],
          [
            113.3698544,
            23.1299073
          ]
        ]
      },
      "id": "way/1021964571"
    },
    {
      "type": "Feature",
      "properties": {
        "@id": "way/1021964572",
        "highway": "trunk_link"
      },
      "geometry": {
        "type": "LineString",
        "coordinates": [
          [
            113.3698904,
            23.1299139
          ],
          [
            113.3699235,
            23.1299171
          ]
        ]
      },
      "id": "way/1021964572"
    },
    {
      "type": "Feature",
      "properties": {
        "@id": "way/1021964573",
        "highway": "trunk_link",
        "oneway": "yes"
      },
      "geometry": {
        "type": "LineString",
        "coordinates": [
          [
            113.3700526,
            23.1299353
          ],
          [
            113.3702115,
            23.1300801
          ]
        ]
      },
      "id": "way/1021964573"
    },
    {
      "type": "Feature",
      "properties": {
        "@id": "way/1021964574",
        "highway": "trunk_link"
      },
      "geometry": {
        "type": "LineString",
        "coordinates": [
          [
            113.3698448,
            23.1299586
          ],
          [
            113.3696977,
            23.1300945
          ]
        ]
      },
      "id": "way/1021964574"
    },
    {
      "type": "Feature",
      "properties": {
        "@id": "way/1021964575",
        "highway": "trunk_link",
        "oneway": "yes"
      },
      "geometry": {
        "type": "LineString",
        "coordinates": [
          [
            113.3696815,
            23.1302585
          ],
          [
            113.3696977,
            23.1300945
          ]
        ]
      },
      "id": "way/1021964575"
    },
    {
      "type": "Feature",
      "properties": {
        "@id": "way/1021964576",
        "highway": "trunk_link"
      },
      "geometry": {
        "type": "LineString",
        "coordinates": [
          [
            113.3699307,
            23.1298687
          ],
          [
            113.3700603,
            23.1297217
          ]
        ]
      },
      "id": "way/1021964576"
    },
    {
      "type": "Feature",
      "properties": {
        "@id": "way/1021964577",
        "highway": "trunk_link"
      },
      "geometry": {
        "type": "LineString",
        "coordinates": [
          [
            113.3698904,
            23.1299139
          ],
          [
            113.3699307,
            23.1298687
          ]
        ]
      },
      "id": "way/1021964577"
    },
    {
      "type": "Feature",
      "properties": {
        "@id": "way/1021964578",
        "highway": "trunk",
        "name": "中山大道西",
        "name:en": "Zhongshan Avenue West",
        "name:zh": "中山大道西",
        "oneway": "yes",
        "ref": "G107",
        "source": "Yahoo hires"
      },
      "geometry": {
        "type": "LineString",
        "coordinates": [
          [
            113.3702363,
            23.1298455
          ],
          [
            113.3701565,
            23.1298845
          ],
          [
            113.3700526,
            23.1299353
          ]
        ]
      },
      "id": "way/1021964578"
    },
    {
      "type": "Feature",
      "properties": {
        "@id": "way/1021964579",
        "highway": "trunk_link"
      },
      "geometry": {
        "type": "LineString",
        "coordinates": [
          [
            113.3698904,
            23.1299139
          ],
          [
            113.3698448,
            23.1299586
          ]
        ]
      },
      "id": "way/1021964579"
    },
    {
      "type": "Feature",
      "properties": {
        "@id": "way/1021964580",
        "highway": "trunk_link"
      },
      "geometry": {
        "type": "LineString",
        "coordinates": [
          [
            113.3699235,
            23.1299171
          ],
          [
            113.3700526,
            23.1299353
          ]
        ]
      },
      "id": "way/1021964580"
    },
    {
      "type": "Feature",
      "properties": {
        "@id": "way/1021964581",
        "highway": "trunk",
        "name": "中山大道西",
        "name:en": "Zhongshan Avenue West",
        "name:zh": "中山大道西",
        "oneway": "yes",
        "ref": "G107",
        "source": "Yahoo hires"
      },
      "geometry": {
        "type": "LineString",
        "coordinates": [
          [
            113.3697098,
            23.1298869
          ],
          [
            113.3700603,
            23.1297217
          ]
        ]
      },
      "id": "way/1021964581"
    },
    {
      "type": "Feature",
      "properties": {
        "@id": "way/1021964583",
        "highway": "trunk_link"
      },
      "geometry": {
        "type": "LineString",
        "coordinates": [
          [
            113.3698544,
            23.1299073
          ],
          [
            113.3698904,
            23.1299139
          ]
        ]
      },
      "id": "way/1021964583"
    },
    {
      "type": "Feature",
      "properties": {
        "@id": "way/1195650312",
        "highway": "trunk_link",
        "oneway": "yes"
      },
      "geometry": {
        "type": "LineString",
        "coordinates": [
          [
            113.3701789,
            23.1297424
          ],
          [
            113.3701442,
            23.1296799
          ]
        ]
      },
      "id": "way/1195650312"
    },
    {
      "type": "Feature",
      "properties": {
        "@id": "way/1195650313",
        "highway": "trunk_link",
        "oneway": "yes"
      },
      "geometry": {
        "type": "LineString",
        "coordinates": [
          [
            113.3701973,
            23.1297754
          ],
          [
            113.3701789,
            23.1297424
          ]
        ]
      },
      "id": "way/1195650313"
    },
    {
      "type": "Feature",
      "properties": {
        "@id": "way/1195650314",
        "highway": "trunk_link",
        "oneway": "yes"
      },
      "geometry": {
        "type": "LineString",
        "coordinates": [
          [
            113.3694992,
            23.1301388
          ],
          [
            113.3695261,
            23.1301928
          ]
        ]
      },
      "id": "way/1195650314"
    },
    {
      "type": "Feature",
      "properties": {
        "@id": "way/1195650315",
        "highway": "trunk_link",
        "oneway": "yes"
      },
      "geometry": {
        "type": "LineString",
        "coordinates": [
          [
            113.3694797,
            23.1300997
          ],
          [
            113.3694992,
            23.1301388
          ]
        ]
      },
      "id": "way/1195650315"
    },
    {
      "type": "Feature",
      "properties": {
        "@id": "way/1229458050",
        "highway": "tertiary",
        "oneway": "yes"
      },
      "geometry": {
        "type": "LineString",
        "coordinates": [
          [
            113.3706593,
            23.1378
          ],
          [
            113.3706498,
            23.1379968
          ],
          [
            113.3706451,
            23.1382018
          ],
          [
            113.3706631,
            23.1384013
          ],
          [
            113.3707517,
            23.1389094
          ],
          [
            113.3708049,
            23.1391342
          ],
          [
            113.3708778,
            23.1394596
          ],
          [
            113.3708826,
            23.139524
          ],
          [
            113.3708585,
            23.1395728
          ],
          [
            113.3708139,
            23.1396148
          ],
          [
            113.3707699,
            23.1396377
          ],
          [
            113.3706853,
            23.1396472
          ],
          [
            113.3705988,
            23.1396212
          ]
        ]
      },
      "id": "way/1229458050"
    },
    {
      "type": "Feature",
      "properties": {
        "@id": "way/1229458051",
        "highway": "tertiary",
        "oneway": "yes"
      },
      "geometry": {
        "type": "LineString",
        "coordinates": [
          [
            113.3704053,
            23.1372775
          ],
          [
            113.3704444,
            23.137178
          ],
          [
            113.3706248,
            23.1370493
          ]
        ]
      },
      "id": "way/1229458051"
    },
    {
      "type": "Feature",
      "properties": {
        "@id": "way/1279394827",
        "highway": "tertiary",
        "name": "健明四路",
        "name:en": "Jianming 4th Road",
        "name:zh": "健明四路",
        "oneway": "yes"
      },
      "geometry": {
        "type": "LineString",
        "coordinates": [
          [
            113.3898333,
            23.1395194
          ],
          [
            113.3898874,
            23.139297
          ],
          [
            113.3899711,
            23.1390433
          ]
        ]
      },
      "id": "way/1279394827"
    },
    {
      "type": "Feature",
      "properties": {
        "@id": "way/1279397522",
        "highway": "tertiary",
        "name": "健明四路",
        "name:en": "Jianming 4th Road",
        "name:zh": "健明四路",
        "oneway": "yes"
      },
      "geometry": {
        "type": "LineString",
        "coordinates": [
          [
            113.3903898,
            23.1375638
          ],
          [
            113.3903755,
            23.1374821
          ],
          [
            113.3903435,
            23.1373983
          ],
          [
            113.3903336,
            23.1373851
          ],
          [
            113.390319,
            23.1373739
          ],
          [
            113.3902008,
            23.1373204
          ]
        ]
      },
      "id": "way/1279397522"
    }
  ]
}